tree
version=v3
num_class=1
num_tree_per_iteration=1
label_index=0
max_feature_idx=157
objective=binary sigmoid:1
feature_names=Column_0 Column_1 Column_2 Column_3 Column_4 Column_5 Column_6 Column_7 Column_8 Column_9 Column_10 Column_11 Column_12 Column_13 Column_14 Column_15 Column_16 Column_17 Column_18 Column_19 Column_20 Column_21 Column_22 Column_23 Column_24 Column_25 Column_26 Column_27 Column_28 Column_29 Column_30 Column_31 Column_32 Column_33 Column_34 Column_35 Column_36 Column_37 Column_38 Column_39 Column_40 Column_41 Column_42 Column_43 Column_44 Column_45 Column_46 Column_47 Column_48 Column_49 Column_50 Column_51 Column_52 Column_53 Column_54 Column_55 Column_56 Column_57 Column_58 Column_59 Column_60 Column_61 Column_62 Column_63 Column_64 Column_65 Column_66 Column_67 Column_68 Column_69 Column_70 Column_71 Column_72 Column_73 Column_74 Column_75 Column_76 Column_77 Column_78 Column_79 Column_80 Column_81 Column_82 Column_83 Column_84 Column_85 Column_86 Column_87 Column_88 Column_89 Column_90 Column_91 Column_92 Column_93 Column_94 Column_95 Column_96 Column_97 Column_98 Column_99 Column_100 Column_101 Column_102 Column_103 Column_104 Column_105 Column_106 Column_107 Column_108 Column_109 Column_110 Column_111 Column_112 Column_113 Column_114 Column_115 Column_116 Column_117 Column_118 Column_119 Column_120 Column_121 Column_122 Column_123 Column_124 Column_125 Column_126 Column_127 Column_128 Column_129 Column_130 Column_131 Column_132 Column_133 Column_134 Column_135 Column_136 Column_137 Column_138 Column_139 Column_140 Column_141 Column_142 Column_143 Column_144 Column_145 Column_146 Column_147 Column_148 Column_149 Column_150 Column_151 Column_152 Column_153 Column_154 Column_155 Column_156 Column_157
feature_infos=none none [0:1] [0:1] [0:1] [0:1] [0:1] [0:1] none [0:1] [0:1] [0:1] [0:1] [0:1] none [0:1] none [0:1] [0:1] [0:1] [0:1] [0:1] [0:1] [0:1] [0:1] [0:1] [0:3] [0:6] [0:8] [0:24] [0:19] [0:22] [0:1] [0:1] [0:1] [0:1] none [0:1] [0:1] [0:1] [0:1] [0:1] [0:1] [0:1] [0:1] [0:1] [0:1] [0:1] [0:1] [0:1] [0:1] [0:1] [0:1] [0:1] [0:1] [0:1] [0:1] [0:1] [0:1] [0:1] [0:1] [0:1] [0:1] [0:1] [0:1] [0:1] [0:1] [0:1] [0:1] [0:1] [0:1] [0:1] [0:1] [0:1] [0:1] [0:1] [0:1] [0:1] [0:1] [0:1] [0:1] [0:1] [0:1] [0:1] [0:1] [0:1] [-0.65756882485311907:24.210997389855827] [-0.52787555857180679:414.38562843210525] [-1.3949322936746991:8.491307637321972] [-1.751293875916585:13.472523883734681] [-1.36434974421984:9.420839739549427] [-1.4776600976530929:3.7971773468996832] [-2.8532210436125705:1.9974536572713457] [-6.6490163419524118:1.0190297398379122] [-5.6421892697706975:1.4277140422591585] [-2.4730419004909021:1.8500425064728245] [-1.1483765788525955:10.588259725864548] [-1.3399667563406488:18.860223085809835] [-2.0614662592013464:1.8663555810160661] [-2.0421584967500959:1.9302479565148032] [-3.6996653192575879:3.2828728783958665] [-0.13043994897402583:7.666363011220799] [-0.25360737699025543:3.9431029643842876] [-0.22503977589404739:4.4436588866441875] [-0.31430101982110931:3.1816632366295523] [-0.625425574887845:1.5989112696252077] [-0.52946954654451961:1.8886827514940308] [-3.3345577844065639:3.1548053466062203] [-2.7174097318213284:1.7888894516440412] [-2.8644261929931156:2.1633835447329122] [-1.5454168031560385:11.6291548213054] [-1.668401726671304:17.236235573526177] [-22.506059288559584:0.51489984777018305] [-11.409295598662442:3.7505796429529497] [-1.0800690685410099:23.180614896373822] [-0.86160240488127637:10.124964843652551] [-2.1139297127769576:12.030710757295189] [-2.2187771831363268:7.6123145038137787] [-2.5523262393225941:8.4685953481504033] [-1.2808019064696334:17.998251932361438] [-1.9313111537174026:17.238306142239178] [-1.379641503995261:11.497541781618901] [-0.33392470725146473:37.626260327484395] [-0.60523532279139958:20.719510641514681] [-1.2786205142317875:11.665570100814584] [-0.52365464942476281:13.969944556776083] [-20.610508321647799:0.38090573294371888] [-11.184047663355411:2.6800815942472984] [-0.28377680695813295:22.008791400145086] [-0.35443927208803522:9.9894726084123633] [-1.977319243882171:12.019995078399852] [-1.8539602575132577:7.7006402455271461] [-2.35558284714832:8.6339856648415214] [-0.43280148917696026:15.891104532952262] [-1.184167528962065:15.47708470546902] [-0.55465026396943562:10.006155090660869] [-0.094727975400614894:38.454428111432648] [-0.24622544245698894:20.018899805231168] [-1.3037878130220464:11.509996604146083] [-1.5203425085350397:17.328690371965727] [-22.265948558429788:0.46529351852026196] [-11.608116183001918:3.7118333326908903] [-0.65294891004647393:22.783037442320964] [-0.36387250624796996:9.7644234788343311] [-2.0138525864670442:12.045566663930474] [-1.8468964408628668:7.5839940145379066] [-2.3514663720112026:8.5603244490034562] [-1.0556548475608483:17.689314779287692] [-1.5584198145188077:16.940207946309485] [-1.1340485735731936:11.268018167299783] [-0.099213264720711583:37.743466303866512] [-0.29382793707267274:20.112976218378879] [-0.57023102885220878:10.225690042861318] [-0.58445678454624916:143.20019216827797] [-0.31528459618102955:76.238169505610372] [-0.58271322268148129:142.85569577901475] [-0.27163833635181328:66.380757972823204] [-3.8590571413175994:1.1777916797641066]
tree_sizes=3169 3570 3574 3569 3575 3584 3580 3576 3572 3588 3566 3585 3580 3566 3596 3581 3583 3565 3593 3583 3606 3569 3588 3595 3554 3574 3583 3581 3580 3604 3577 3566 3544 3564 3585 3582 3569 3571 3552 3584 3570 3557 3554 3593 3566 3550 3577 3572 3573 3550 3561 3528 3518 3540 3579 3569 3558 3547 3557 3518 3524 3530 3513 3502 3497 3552 3533 3538 3548 3566 3519 3515 3529 3513 3479 3524 3536 3517 3484 3514 3481 3467 3477 3526 3522 3509 3475 3520 3499 3501 3457 3485 3455 3525 3516 3535 3531 3500 3467 3474

Tree=0
num_leaves=31
num_cat=0
split_feature=108 109 109 109 107 108 109 108 107 108 108 107 109 107 48 48 93 93 93 93 48 34 109 107 93 107 108 48 109 90
split_gain=19743.7 9601.79 5401.99 3470.85 1872.64 1542.05 1348.55 1208.08 1023.25 979.033 943.43 787.524 664.328 550.027 487.327 476.333 471.683 384.806 313.951 306.812 297.631 286.593 273.563 268.621 266.08 249.42 246.611 237.867 234.471 233.612
threshold=-0.33515759735479705 -0.94713939002589076 0.047618065970628662 0.24004578983423439 0.10601596296952516 -1.8734087207654793 -1.0823887035761666 0.78093541156161017 0.56181521565758452 -1.4350452633478201 0.68530129255631789 0.34150366026212758 -1.6092585765407674 1.1071293350052818 1.0000000180025095e-35 1.0000000180025095e-35 0.033339917187051336 0.33043817426401018 0.02306562587603259 -0.30485550513398235 1.0000000180025095e-35 1.0000000180025095e-35 -1.5590591412891495 0.57473137735007018 -0.065550136681504084 0.33146947898660484 0.2950878640271371 1.0000000180025095e-35 -1.4999871892609502 0.34291185820948306
decision_type=2 2 2 2 2 2 2 2 2 2 2 2 2 2 2 2 2 2 2 2 2 2 2 2 2 2 2 2 2 2
left_child=2 8 5 4 7 28 -7 15 12 25 13 14 29 19 24 18 -11 -9 -3 -5 -14 -18 -10 -12 -8 -4 -6 -21 -1 -2
right_child=1 3 9 10 26 6 11 17 22 16 23 -13 20 -15 -16 -17 21 -19 -20 27 -22 -23 -24 -25 -26 -27 -28 -29 -30 -31
leaf_value=0.14495076711701399 0.083894967177242888 -0.023840245775729647 0.040738392165151842 -0.095665847665847681 -0.056471465870943684 0.1003672243035721 0.028002520478890992 -0.089237082633836978 0.0042188933047997553 -0.069080779944289697 -0.11084437776110695 -0.036560128765233388 0.037466040997777228 -0.14019434628975266 -0.0013022618231665526 -0.045043329206742221 0.018226804123711342 -0.036465638148667601 0.013060114473642602 -0.044886031560490945 -0.02011270047680971 -0.036050681329189579 -0.079131007241606321 -0.15554914129022948 0.069053080476852005 -0.046344827586206901 -0.10714496604664897 -0.092227204783258604 0.10638447971781305 0.029542483660130722
leaf_weight=2183.5 4570 3255 3548.25 2543.75 1340.5 6739.75 1983.75 2680.5 817.75 2154 5998.5 1087.25 4049 1132 1459 2625.25 1818.75 2852 7905.75 5133 1153.5 2091.5 759.5 1732.25 7738.25 362.5 3387 1338 5670 956.25
leaf_count=8734 18280 13020 14193 10175 5362 26959 7935 10722 3271 8616 23994 4349 16196 4528 5836 10501 7275 11408 31623 20532 4614 8366 3038 6929 30953 1450 13548 5352 22680 3825
internal_value=0 -0.0383758 0.0564956 -0.0611733 -0.0363636 0.0798317 0.0644308 -0.0225587 0.0392898 -0.00634586 -0.0945434 0.0446885 0.050346 -0.0744918 0.0525892 -0.00671696 -0.0315043 -0.0620334 0.00229823 -0.0662414 0.0246997 -0.0108049 -0.0359169 -0.120861 0.0606768 0.0326664 -0.0927763 -0.0546747 0.117107 0.0744899
internal_weight=0 54229.5 36836.5 41923.5 24046 26861.5 19008 19318.5 12306 9975 17877.5 12268.2 10728.8 10146.8 11181 13786 6064.25 5532.5 11160.8 9014.75 5202.5 3910.25 1577.25 7730.75 9722 3910.75 4727.5 6471 7853.5 5526.25
internal_count=364264 216918 147346 167694 96184 107446 76032 77274 49224 39900 71510 49073 42915 40587 44724 55144 24257 22130 44643 36059 20810 15641 6309 30923 38888 15643 18910 25884 31414 22105
is_linear=0
shrinkage=0.1


Tree=1
num_leaves=31
num_cat=0
split_feature=108 109 109 109 108 107 109 108 107 108 108 107 107 109 109 93 93 107 107 107 49 48 49 109 107 7 93 48 108 108
split_gain=16092.2 7548.87 4669.46 2648.78 1506.62 1264.05 1013.62 856.373 840.094 828.379 782.521 642.386 488.777 458.349 441.075 436.768 337.14 310.762 304.579 287.968 286.262 266.266 264.033 258.364 254.65 245.45 244.652 238.979 226.288 196.813
threshold=-0.22585898761208378 -0.91948922267483479 0.047618065970628662 0.047618065970628662 -1.3539410018564439 0.11738570783961068 -1.5879151750293157 -1.4350452633478201 0.11738570783961068 0.74500467890529343 0.80932222391256514 0.074478259935277777 0.9527321572838493 -1.6092585765407674 -1.4999871892609502 0.033339917187051336 0.02306562587603259 -1.8416150221846375 0.074478259935277777 0.38202098136371804 1.0000000180025095e-35 1.0000000180025095e-35 1.0000000180025095e-35 -1.4236188698499928 0.57473137735007018 1.0000000180025095e-35 0.1951600053355966 1.0000000180025095e-35 -2.0729187303741159 0.73677476474248704
decision_type=2 2 2 2 2 2 2 2 2 2 2 2 2 2 2 2 2 2 2 2 2 2 2 2 2 2 2 2 2 2
left_child=2 8 4 5 14 10 -6 26 13 12 16 20 17 29 -1 -9 -3 -5 28 -17 -8 -12 -18 -10 -11 -19 -4 -15 -16 -2
right_child=1 3 7 9 6 -7 11 15 23 24 21 -13 -14 27 18 19 22 25 -20 -21 -22 -23 -24 -25 -26 -27 -28 -29 -30 -31
leaf_value=0.12442121157624955 0.079377924933117336 -0.033145972923521193 -0.0020002823236397295 0.0073100394702449931 0.097169496952184214 -0.083009932330056685 0.0097572018331246041 -0.063241346676847901 0.0041720049141966307 -0.099626635943165509 -0.041025686959547829 -0.028598838148363861 -0.12008270944001265 0.035345059260105831 0.10609843860776028 -0.0013138645399458416 -0.02639347893953007 -0.094834555350037777 0.023449522581644046 -0.08212310264626399 0.051156885891360415 -0.096339177814740537 0.014497459469997595 -0.067649732370760121 -0.14318383703001378 -0.055597430605627773 0.049336160937294073 -0.018456423581853506 0.074276951848521608 0.034839510054841129
leaf_weight=3500.9712524265051 3558.3614356517792 3373.616130232811 1517.0994788259268 654.86493007838726 3269.1726441681385 3961.2198766171932 2086.9973138719797 2435.9105727523565 1262.647008523345 5987.3174809515476 3404.3978627026081 1428.8594293147326 1521.6837699711323 3824.9185834228992 3991.1966675519943 3898.9835063964128 2105.8815545588732 2022.0431663095951 787.57384990155697 497.22072674334049 8363.1667641848326 1169.137041464448 6312.3657692968845 830.17805737257004 1730.0599378198385 7536.5412442982197 2391.9841789007187 1052.8627991527319 5077.8308853507042 1375.7630822658539
leaf_count=14063 14255 13498 6071 2622 13108 15882 8354 9756 5053 24018 13633 5720 6113 15305 16010 15600 8427 8099 3156 1990 33490 4682 25251 3325 6960 30185 9572 4212 20343 5511
internal_value=0 -0.0366591 0.0482752 -0.0575663 0.0694486 -0.0323227 0.0478603 -0.00791621 0.0332013 -0.0839442 -0.020054 0.0342901 -0.0672095 0.0454699 0.0939309 -0.0292744 -0.0064358 -0.059332 0.083101 -0.0104536 0.042889 -0.0551655 0.00426831 -0.0243181 -0.109391 -0.0638977 0.0294127 0.0237321 0.0882813 0.0669594
internal_weight=0 51683.9 39247 39779.1 28505.8 20326.6 15148.2 10741.2 11904.7 19452.5 16365.4 11879 11735.1 9811.91 13357.6 6832.11 11791.9 10213.4 9856.6 4396.2 10450.2 4573.53 8418.25 2092.83 7717.38 9558.58 3909.08 4877.78 9069.03 4934.12
internal_count=364264 207031 157233 159370 114244 81373 60672 42989 47661 77997 65491 47564 47019 39283 53572 27346 47176 40906 39509 17590 41844 18315 33678 8378 30978 38284 15643 19517 36353 19766
is_linear=0
shrinkage=0.1


Tree=2
num_leaves=31
num_cat=0
split_feature=108 109 109 109 108 109 109 107 108 108 107 107 108 107 48 93 48 107 107 49 90 89 109 93 90 48 107 93 93 107
split_gain=13092.6 6175.21 3810.42 1807.54 1259.36 1021.03 960.756 925.062 740.326 733.306 650.046 588.528 584.051 458.007 409.461 372.104 359.947 339.706 323.958 322.717 302.134 438.408 271.695 209.883 207.942 204.84 187.94 183.055 182.835 182.786
threshold=-0.22585898761208378 -0.61371827570462567 0.047618065970628662 0.24004578983423439 -1.6315435278002524 -1.4236188698499928 -1.0823887035761666 0.10601596296952516 1.0497342960516389 -1.9469497587432973 0.074478259935277777 0.22510294519531313 0.68530129255631789 0.35193210110475109 1.0000000180025095e-35 -0.11392492493755067 1.0000000180025095e-35 0.5264370141485909 1.0030724066592245 1.0000000180025095e-35 0.34291185820948306 -0.10927750185232858 -1.4999871892609502 -0.018031539368042394 0.34291185820948306 1.0000000180025095e-35 0.57473137735007018 0.25252479848878467 0.28291957695054842 -1.5842276300864027
decision_type=2 2 2 2 2 2 2 2 2 2 2 2 2 2 2 2 2 2 2 2 2 2 2 2 2 2 2 2 2 2
left_child=2 5 4 7 22 17 -6 8 14 -4 19 16 18 15 20 -11 27 24 25 -7 21 -3 -1 -24 -2 -5 -14 -8 -21 -16
right_child=1 3 9 12 6 10 11 -9 -10 13 -12 -13 26 -15 29 -17 -18 -19 -20 28 -22 -23 23 -25 -26 -27 -28 -29 -30 -31
leaf_value=0.11733276570079808 0.064122833925040326 -0.014925019827202318 0.048994033946443465 -0.04744537045092595 0.078156290901033459 -0.028436714227648999 0.024003562852787281 -0.078242991571070827 -0.081207494790073678 -0.045104126916654129 -0.064718607458243496 -0.037076156493358464 -0.091274330339750742 -0.078453095906549322 0.019338389811712639 0.0034928505918300997 -0.0095720988571684051 -0.0086062549961216043 -0.11191796876532677 -0.0010363770517388125 -0.039020378499674491 0.032143382919626477 0.046527230376991136 0.088863962437374738 0.017667836744597817 -0.086253337505857869 -0.12902954056848479 0.05444709761018051 0.039870057169031033 -0.06016628419216951
leaf_weight=2780.2974788248539 5253.3549351394176 5561.660576865077 1912.6521816253662 6551.4905890673399 6343.1400556862354 1650.4571360200644 2909.5450789183378 3868.2344454973936 1950.8547180891037 2214.5041326880455 1462.8221285939217 1182.5955974459648 5934.9343001842499 1140.1306716501713 329.77986061573029 5461.1650699973106 1414.4091280996799 945.02414675056934 1160.7495309561491 1842.7963390499353 2292.0788235813379 3071.8724893927574 1446.8423426747322 6141.1153465807438 1179.9859290719032 1716.4485909491777 1695.005497276783 6149.8568269908428 2684.1019309312105 2348.4494285881519
leaf_count=11310 21114 22267 7661 26305 25576 6612 11664 15603 7837 8889 5885 4735 23994 4576 1322 21863 5659 3781 4719 7382 9179 12298 5833 24781 4729 6909 6929 24686 10747 9419
internal_value=0 -0.0331232 0.0436299 -0.0553409 0.0628288 0.0208459 0.0468374 -0.0344805 -0.0235973 -0.0071349 -0.00477737 0.0297945 -0.0790925 -0.0193125 -0.0153358 -0.0105278 0.0373448 0.0473783 -0.0624473 0.00941696 -0.0067461 0.00182225 0.0905901 0.0807914 0.0556022 -0.055502 -0.0996617 0.0446698 0.023218 -0.0503766
internal_weight=0 51500.1 39096.3 36481.6 28367.8 15018.5 17999.5 19422.9 15554.7 10728.5 7640.18 11656.4 17058.6 8815.8 13603.8 7675.67 10473.8 7378.37 9428.69 6177.36 10925.6 8633.53 10368.3 7587.96 6433.34 8267.94 7629.94 9059.4 4526.9 2678.23
internal_count=364264 207031 157233 146781 114244 60250 72320 77925 62322 42989 30626 46744 68856 35328 54485 30752 42009 29624 37933 24741 43744 34565 41924 30614 25843 33214 30923 36350 18129 10741
is_linear=0
shrinkage=0.1


Tree=3
num_leaves=31
num_cat=0
split_feature=108 109 109 109 108 108 109 107 108 107 109 34 107 107 107 93 93 48 107 108 108 107 7 96 93 108 107 98 157 107
split_gain=10796.8 5877.57 2381.38 2168.61 1258.13 754.149 729.459 642.072 565.01 478.272 463.738 440.528 436.703 422.486 392.884 350.102 329.13 281.164 274.886 252.466 249.81 234.781 233.726 225.825 209.89 208.737 207.271 185.26 182.596 185.026
threshold=-0.63224814786222305 -0.96546504571754066 0.047618065970628662 0.047618065970628662 0.54458197978174672 0.65821147418176762 -1.2122831096143487 0.56181521565758452 -1.8734087207654793 0.083559605383661237 -1.9717926911380224 1.0000000180025095e-35 0.11738570783961068 0.5264370141485909 0.34150366026212758 -0.30485550513398235 0.054744690751673729 1.0000000180025095e-35 -1.7628250534905416 0.64932501384007102 -1.4350452633478201 -1.3585219888788007 1.0000000180025095e-35 -0.31004541422994231 -1.3292879679368097 0.65821147418176762 -1.8416150221846375 -1.079510799146993 -0.58987309341445993 -2.5321573162540005
decision_type=2 2 2 2 2 2 2 2 2 2 2 2 2 2 2 2 2 2 2 2 2 2 2 2 2 2 2 2 2 2
left_child=3 7 4 6 9 13 -1 10 -8 17 -2 -5 16 15 22 -4 -6 24 -12 -20 -13 -7 -10 -18 -3 -9 -17 -25 -26 -30
right_child=1 2 5 11 12 21 8 25 14 -11 18 20 -14 -15 -16 26 23 -19 19 -21 -22 -23 -24 27 28 -27 -28 -29 29 -31
leaf_value=0.090869301805538677 0.070364297193478989 -0.05157992411842191 -0.072359330905193489 0.03088261104368728 -0.063553226765309154 -0.027756286756122156 0.079538010482142013 0.0033996179144217425 0.01121294585908119 -0.043427888115742219 0.073150506000551202 0.0080981225576858933 -0.08499465259533584 -0.091083264150796109 -0.027323898258713071 0.020855392542568962 -0.078464087875236219 -0.026275612161193292 0.033527587735479411 -0.0067675582072993443 -0.038639357917353789 -0.092547236773149411 0.052094339127288926 -0.056910237137436863 -0.010437199085266559 -0.068845059083164004 -0.036454253775677979 -0.0046343647075697677 0.097928500804338223 0.021367223553504712
leaf_weight=7214.5855831950903 3722.6286745220423 457.86656020581722 2842.9973356127739 3527.0695582032204 2777.0042110532522 599.77556738257408 5022.8908853381872 1016.4791883677244 1722.4684203565121 2197.2739372551441 1152.9506107419729 2205.6087040305138 2301.3759320527315 2121.7995558232069 833.09586381912231 691.47860132157803 607.950424015522 2046.9724073857069 4813.8684010654688 2296.7204483300447 2375.1155060231686 8284.8688091188669 7434.9099188148975 820.41415548324585 1837.1738267838955 659.35880862176418 7224.6267251521349 3903.2161485105753 330.39559938013554 7075.9174297749996
leaf_count=29573 15063 1834 11488 14146 11181 2444 20493 4087 6937 8889 4643 8843 9369 8687 3340 2771 2443 8211 19387 9221 9540 33994 29953 3298 7360 2650 29073 15661 1325 28360
internal_value=0 -0.0246582 -0.0417236 0.0485887 -0.0202428 -0.0657606 0.0647366 0.0329524 0.0521787 -0.000606086 0.0410584 0.0043185 -0.046549 -0.0503012 0.0384233 -0.0422586 -0.0356374 0.00740282 0.0278565 0.0205123 -0.0161354 -0.0881734 0.0444047 -0.0210972 0.0145089 -0.0250251 -0.0314482 -0.0137138 0.0177826 0.0247826
internal_weight=0 59783.1 46121.1 30335.7 24355.6 21765.5 22228 13662 15013.4 13945.6 11986.2 8107.79 10410 12880.9 9990.47 10759.1 8108.58 11748.3 8263.54 7110.59 4580.72 8884.64 9157.38 5331.58 9701.35 1675.84 7916.11 4723.63 9243.49 7406.31
internal_count=364264 241439 186388 122825 97931 88457 90296 55051 60723 55979 48314 32529 41952 52019 40230 43332 32583 47090 33251 28608 18383 36438 36890 21402 38879 6737 31844 18959 37045 29685
is_linear=0
shrinkage=0.1


Tree=4
num_leaves=31
num_cat=0
split_feature=108 109 109 108 109 107 107 108 48 107 109 90 107 109 93 89 49 93 107 34 109 93 108 48 108 32 34 107 92 93
split_gain=8908.75 3557.2 3522.69 1477.12 957.3 797.098 753.715 726.874 655.488 515.966 473.303 384.844 379.249 341.685 337.094 304.032 303.185 269.251 260.504 244.691 234.836 208.199 207.88 194.404 191.233 185.615 183.748 180.851 222.575 178.964
threshold=0.18506557526450415 0.047618065970628662 -0.51472908504173687 -1.2848355722489984 -1.5879151750293157 -1.5097332478201733 0.083559605383661237 -1.4350452633478201 1.0000000180025095e-35 1.359764289657293 0.065986135592384726 0.34291185820948306 1.06556473649255 -1.2122831096143487 -0.2333635614281436 -0.80076609379512653 1.0000000180025095e-35 0.099266619766088304 0.41723813054946907 1.0000000180025095e-35 -1.5590591412891495 0.42633155983351839 1.0497342960516389 1.0000000180025095e-35 0.86506922290120958 1.0000000180025095e-35 1.0000000180025095e-35 -2.3641025643559801 0.67991702184376779 0.1951600053355966
decision_type=2 2 2 2 2 2 2 2 2 2 2 2 2 2 2 2 2 2 2 2 2 2 2 2 2 2 2 2 2 2
left_child=1 3 6 13 -5 -4 11 29 10 16 19 15 14 -1 -9 -2 27 -18 -15 22 -8 -12 -7 26 -10 -17 -16 -6 -29 -3
right_child=2 7 5 4 9 8 20 12 24 -11 21 -13 -14 18 23 25 17 -19 -20 -21 -22 -23 -24 -25 -26 -27 -28 28 -30 -31
leaf_value=0.092240767597009443 -0.0047324604595340419 -0.0036237246368790166 0.0020529390237512685 0.069449425943690635 0.087732955520801237 -0.002585848409191913 -0.00023920119224527496 -0.052481613737675674 -0.07280047731350224 -0.066509672895041325 -0.076372075251916666 -0.016305124204687053 -0.0897715472441665 0.063420337296469592 0.015543962812814983 -0.056437722881051144 0.0054744212102517537 0.037807849413713554 -0.0054226279816290118 -0.047935622347350632 -0.066878683402274028 -0.046184333169327976 -0.069637759761915913 -0.046057089196475075 -0.10679498513329991 0.045517018612004745 -0.019674053001837426 0.014779786192493144 -0.035673777809036147 0.040332268229672716
leaf_weight=4659.6263358592987 1782.9767678976059 1515.5196508616209 2198.4319198429585 4505.775745972991 203.47724954783916 2948.0639860183001 830.60873733460903 2588.8984652608633 3866.5101384222507 699.07161435484886 6389.5463964045048 2155.6895152628422 888.44559508562088 8855.8069514930248 2839.4252056479454 184.28350725769997 3601.6607867777348 9039.0652588605881 586.03549870848656 4764.8013225495815 1455.4040441811085 3556.1725116223097 548.37661531567574 1261.5031670182943 2892.9164238721132 5754.9982427656651 3097.7064257115126 1836.5339822769165 1668.9341886639595 2382.1891966462135
leaf_count=19509 7195 6071 8865 18484 818 11854 3331 10507 15858 2824 26380 8665 3669 36278 11396 744 14492 36469 2368 19261 5928 14614 2230 5093 12014 23227 12456 7383 6709 9572
internal_value=0 0.0279052 -0.0356464 0.0449187 0.0284558 -0.0556734 0.00907837 -0.0137199 -0.0607565 0.0176217 -0.0508837 0.0210533 -0.027214 0.0700826 -0.0215355 0.031482 0.0212189 0.0285952 0.0591474 -0.0331929 -0.0426656 -0.0655782 -0.0131022 -0.0104061 -0.0873495 0.0423536 -0.00283108 -0.00392078 -0.00924088 0.0232412
internal_weight=0 50229.7 39328.8 35656 21554.5 27164.8 12164 14573.7 24966.4 17048.7 18207 9877.95 10676 14101.5 9787.53 7722.26 16349.7 12640.7 9441.84 8261.24 2286.01 9945.72 3496.44 7198.63 6759.43 5939.28 5937.13 3708.95 3505.47 3897.71
internal_count=364264 204098 160166 145334 87179 111076 49090 58764 102211 68695 74339 39831 43121 58155 39452 31166 65871 50961 38646 33345 9259 40994 14084 28945 27872 23971 23852 14910 14092 15643
is_linear=0
shrinkage=0.1


Tree=5
num_leaves=31
num_cat=0
split_feature=108 109 109 109 108 109 48 107 108 108 107 107 109 93 107 34 107 89 48 59 49 90 88 93 108 109 7 90 157 96
split_gain=7348.09 4030.77 1677.04 1464.16 928.932 632.51 523.189 504.276 490.792 436.373 394.051 371.127 331.333 317.257 307.208 290.649 263.626 250.024 231.143 221.486 203.142 200.916 247.656 201.377 187.994 181.028 181.013 181.287 171.454 170.125
threshold=-0.63224814786222305 -0.96546504571754066 0.24004578983423439 0.3820078869642341 0.54458197978174672 -1.4773701735538829 1.0000000180025095e-35 1.1071293350052818 -1.9144183418178333 0.77207590624274325 0.90381157054465477 0.37235924271612947 -1.8752930799529888 0.054744690751673729 0.51585507280954157 1.0000000180025095e-35 -1.5462456544596885 -0.49330117963647913 1.0000000180025095e-35 1.0000000180025095e-35 1.0000000180025095e-35 -0.2625173559487049 -0.54077782583871747 -1.5591752360208542 0.99218126125912287 -1.4236188698499928 1.0000000180025095e-35 0.34291185820948306 -0.12155357686049358 -0.31004541422994231
decision_type=2 2 2 2 2 2 2 2 2 2 2 2 2 2 2 2 2 2 2 2 2 2 2 2 2 2 2 2 2 2
left_child=3 6 4 5 11 -1 12 9 -7 17 13 16 -2 -6 19 -5 -3 -4 28 26 -15 22 -19 -23 -14 -8 -10 -28 -18 -25
right_child=1 2 7 15 10 8 25 -9 14 -11 -12 -13 24 20 -16 -17 18 21 -20 -21 -22 23 -24 29 -26 -27 27 -29 -30 -31
leaf_value=0.081486569738792189 0.062893980817155817 0.036902049195410291 -0.062023429114163288 0.021292439380096964 -0.057114429811457992 0.067671285430100495 0.0094482012494258513 -0.10104585133972495 0.013730387101723219 -0.075673993512465967 -0.08617194897979473 -0.042169111643292893 0.03110260472139878 -0.04678325803347412 -0.022227654495551863 -0.022630818073565782 -0.015262805366674029 -0.048050567902870656 -0.033043657664369251 -0.0069070455811405199 -0.0079092268063306811 -0.10409024498621654 0.020363166824057397 -0.083211649729268256 -0.023282503685203834 -0.040258669470293156 0.053197719572494133 0.013562874855088095 0.013794737591493425 -0.027663025986752479
leaf_weight=5469.0772691965103 3615.3671710938215 2014.8937585353851 3641.9388313144445 2697.4256027787924 3455.9190825670958 5510.6510952264071 2160.4511239677668 2341.3800343573093 2016.2475742995739 5112.2890662103891 1601.0804460644722 2045.7005707621574 5955.4010155946016 1917.421514198184 966.79165323078632 3412.3965830951929 3012.9638437777758 844.32464015483856 2016.9785389751196 1073.4045743793249 4496.9492679238319 458.38676877319813 1417.3943552076817 632.55361598730087 711.53992731869221 1108.6609080582857 7352.4800564646721 1368.8729227930307 6228.1755266189575 4294.4900699108839
leaf_count=23285 14825 8096 14869 10843 14121 22986 8774 10126 8180 21613 6700 8378 24119 7833 3898 13751 12098 3445 8138 4359 18139 1895 5780 2594 2868 4465 29957 5566 25021 17542
internal_value=0 -0.020439 -0.0346881 0.0404207 -0.0186357 0.0516489 0.0274382 -0.0576327 0.0427261 -0.0514352 -0.040154 -0.00252177 0.0385173 -0.0326894 0.0319681 -0.00323914 0.00358887 -0.0404586 -0.00237327 0.0364043 -0.0195297 -0.0301885 -0.00517643 -0.0406928 0.0252983 -0.007409 0.0407339 0.0469768 0.00432087 -0.0347946
internal_weight=0 59084.3 45532.8 29867.3 26790.1 23757.5 13551.4 18742.8 18288.4 16401.4 11471.4 15318.7 10282.3 9870.29 12777.8 6109.82 13273 11289.1 11258.1 11811 6414.37 7647.15 2261.72 5385.43 6666.94 3269.11 10737.6 8721.35 9241.14 4927.04
internal_count=364264 241439 186388 122825 108524 98231 55051 77864 74946 67738 46793 61731 41812 40093 51960 24594 53353 46125 45257 48062 25972 31256 9225 22031 26987 13239 43703 35523 37119 20136
is_linear=0
shrinkage=0.1


Tree=6
num_leaves=31
num_cat=0
split_feature=108 109 109 108 109 93 107 108 107 107 48 107 93 90 107 93 89 108 93 7 107 109 90 89 7 34 48 91 34 109
split_gain=6106.94 2419.15 2409.82 1058.75 686.492 660.466 574.393 539.245 392.646 387.922 357.643 325.984 305.115 298.643 289.047 262.319 248.102 235.193 233.226 230.552 227.969 204.201 180.215 221.962 178.177 175.891 175.863 173.65 169.588 160.446
threshold=0.18506557526450415 -0.51472908504173687 0.047618065970628662 -1.3091475396858125 -1.5879151750293157 0.30346815957258594 0.083559605383661237 -1.7859666035193595 0.083559605383661237 0.99090446689273237 1.0000000180025095e-35 0.99090446689273237 -0.31983884662921802 0.34291185820948306 -1.7248779439117541 0.02306562587603259 -0.80076609379512653 0.73677476474248704 0.16476522687383283 1.0000000180025095e-35 -1.1635168688399122 -1.3685118793375191 0.34291185820948306 -0.4465665126843647 1.0000000180025095e-35 1.0000000180025095e-35 1.0000000180025095e-35 2.8338919926627724 1.0000000180025095e-35 -1.4236188698499928
decision_type=2 2 2 2 2 2 2 2 2 2 2 2 2 2 2 2 2 2 2 2 2 2 2 2 2 2 2 2 2 2
left_child=2 6 3 12 -5 10 13 -4 18 14 17 15 -1 16 -7 -9 -2 20 -6 -16 -3 -14 23 -21 -20 -22 -17 -18 -23 -8
right_child=1 5 7 4 8 9 29 11 -10 -11 -12 -13 21 -15 19 26 27 -19 24 22 25 28 -24 -25 -26 -27 -28 -29 -30 -31
leaf_value=0.020125821387126333 -0.0057213787842328133 0.022318265162278889 0.030140296429265002 0.058622914128592968 0.0010505980692375753 0.022912732976598654 -0.0079525067758444232 -0.036117564491977845 -0.023928707725972422 -0.079535641119692815 -0.088717306559466011 -0.074608320902175007 0.085865490818715251 -0.015130938755687447 -0.055707234877093115 0.0035238152015635142 0.039371164776804565 -0.068202474868436488 0.0044238631357632896 -0.035917659669332393 -0.019823400471365674 0.071607146348868098 -0.045772795570207005 0.0044610854215674373 0.035599818548299134 -0.059838323734000658 -0.038648070578161504 -0.082081031931071136 0.043089142003614939 -0.061618093500459652
leaf_weight=1724.1601548790932 1777.503061786294 567.33973817527294 2602.6026823222637 4464.5726709067822 4344.5171594321728 1164.7581162154675 992.2755588889122 3836.1463088393211 2291.4507417082787 1430.2101072520018 3649.9111931920052 1005.0166404247284 3392.3118575364351 2150.8641995787621 2554.387876868248 5844.861619591713 5779.2620189785957 4783.0596367865801 2364.785427942872 2274.5310084819794 1759.8230436593294 4008.8216615915298 2146.8223635405302 3390.8863975703716 8155.3617105484009 2923.1648281961679 1190.2111012637615 120.17169725894928 4345.7638789415359 1270.3024020493031
leaf_count=7236 7195 2294 10489 18765 17514 4700 3984 15656 9290 6216 15575 4266 14873 8665 10545 23523 23484 20305 9558 9346 7219 16810 8874 13915 33105 12087 4830 487 18183 5275
internal_value=0 -0.0297551 0.0232407 0.0374033 0.0236926 -0.0465892 0.00734414 -0.0110848 0.0146026 -0.0304127 -0.0619125 -0.020119 0.0594087 0.0178024 -0.0243201 -0.0150816 0.0270294 -0.0521616 0.0205424 -0.0296271 -0.0375483 0.0651745 -0.0210996 -0.01175 0.0285919 -0.0448011 -0.00361093 0.0368972 0.0567731 -0.0380825
internal_weight=0 38735.3 49570.6 35091.7 21620.7 26644.9 12090.4 14478.8 17156.1 12961.6 13683.3 11876.2 13471.1 9827.8 11531.4 10871.2 7676.94 10033.4 14864.7 10366.6 5250.33 11746.9 7812.24 5665.42 10520.1 4682.99 7035.07 5899.43 8354.59 2262.58
internal_count=364264 160166 204098 145334 88232 111076 49090 58764 69467 53596 57480 48275 57102 39831 47380 44009 31166 41905 60177 42680 21600 49866 32135 23261 42663 19306 28353 23971 34993 9259
is_linear=0
shrinkage=0.1


Tree=7
num_leaves=31
num_cat=0
split_feature=108 109 109 108 109 109 93 108 109 49 49 107 107 108 108 89 90 48 93 96 157 107 32 89 90 107 90 107 107 107
split_gain=5040.32 2587.6 1243.68 928.207 858.323 633.808 548.041 535.3 424.412 374.23 347.347 343.723 295.649 261.6 257.297 237.716 418.182 200.741 194.593 191.951 190.685 189.433 209.278 187.497 231.53 181.729 179.87 159.084 154.424 150.396
threshold=-0.41195407842545201 -0.3943083284644045 0.047618065970628662 1.0735519808666429 0.99621622403943666 -1.3685118793375191 0.02306562587603259 -2.0414525722492791 -0.96546504571754066 1.0000000180025095e-35 1.0000000180025095e-35 0.074478259935277777 1.2911838594390188 -1.9469497587432973 0.62361462570912407 -0.46562933736220086 -0.2625173559487049 1.0000000180025095e-35 -0.91403536078313541 -0.31004541422994231 -0.90852348612128242 0.58820692536894403 1.0000000180025095e-35 -1.0202960425044008 -0.2625173559487049 0.074478259935277777 -0.56397005954442858 0.21484164249513524 1.1859438676392848 -1.2001906315823268
decision_type=2 2 2 2 2 2 2 2 2 2 2 2 2 2 2 2 2 2 2 2 2 2 2 2 2 2 2 2 2 2
left_child=2 5 7 4 6 14 21 -1 -9 -7 -8 13 17 -4 -2 26 -17 20 -15 -11 -10 22 -3 -22 -25 -21 -12 -6 -16 -24
right_child=1 3 11 -5 27 9 10 8 12 19 15 -13 -14 18 28 16 -18 -19 -20 25 23 -23 29 24 -26 -27 -28 -29 -30 -31
leaf_value=0.069077934894872656 0.044561619207202349 -0.099133226965793395 0.042036331923259562 -0.077472383755964838 -0.052461042342564872 -0.034908111325283743 -0.03317011658293733 0.053524587494081011 -0.012820396090979397 -0.041770856209529625 -0.011328817359020502 -0.04847578126547656 -0.066483898487058365 -0.049566698898487332 0.015018818068601704 0.040035299277846964 -0.0083345364323720791 -0.0080349824534038921 0.0042328456404843832 0.019305066902330068 -0.00023987010598046878 -0.07351305548202465 0.01525405060807521 0.05512499977408683 0.01891766988595096 -0.027693249198584548 -0.072830875292111394 -0.090206076193279569 -0.065929529267730519 -0.034558868008209759
leaf_weight=5713.0633741766214 5401.2469085454941 458.17471447587013 1689.3531237989664 4464.2248163074255 5220.8110356777906 3046.8046298027039 4403.5778592079878 6995.9925304800272 916.02376370131969 729.4863992780447 3577.6169265955687 1293.658599615097 363.05689772963524 764.23977482318878 2760.5685787945986 2912.7463065385818 4626.205079972744 1563.666379198432 5589.1762559860945 5539.6597370058298 1279.0078149735928 1474.9518240839243 680.69280318915844 4592.0141552090645 2869.8386255204678 966.23420608043671 548.42672784626484 1420.4200635701418 257.6638438552618 5531.8513617813587
leaf_count=25031 22315 1911 6841 19372 21887 12444 18345 30014 3755 2961 14570 5298 1470 3112 11248 11816 18945 6329 22493 22342 5254 6436 2771 18951 11793 4018 2251 6303 1036 22952
internal_value=0 -0.0189273 0.0303861 -0.034853 -0.0286868 0.0111496 -0.0199521 0.0423081 0.0340767 -0.00550896 -0.00924067 -0.000634035 0.022331 0.00706119 0.0314938 -0.000207216 0.0103536 0.0252047 -0.00223859 0.00687097 0.030587 -0.0410819 -0.0339111 0.035136 0.0411996 0.012325 -0.0195036 -0.0605339 0.00810833 -0.029101
internal_weight=0 54021.4 33629.1 35319.7 30855.5 18701.7 24214.2 24292.7 18579.6 10282.2 16068.6 9336.43 11583.6 8042.77 8419.48 11665 7538.95 11220.6 6353.42 7235.38 9656.88 8145.67 6670.72 8740.86 7461.85 6505.89 4126.04 6641.23 3018.23 6212.54
internal_count=364264 223923 140341 147559 128187 76364 99997 102597 77566 41765 65927 37744 47552 32446 34599 47582 30761 46082 25605 29321 39753 34070 27634 35998 30744 26360 16821 28190 12284 25723
is_linear=0
shrinkage=0.1


Tree=8
num_leaves=31
num_cat=0
split_feature=108 109 109 108 107 109 109 107 108 93 107 7 90 48 59 34 92 107 93 109 34 90 89 107 7 108 37 48 88 90
split_gain=4220.59 1671.64 1633.68 857.874 664.961 587.067 520.211 354.901 311.873 293.701 291.168 287.644 276.1 270.695 247.747 245.105 240.842 226.412 198.92 198.105 193.787 192.76 327.427 191.004 191.002 184.037 179.406 168.462 153.962 151.19
threshold=0.18506557526450415 -0.94713939002589076 0.3820078869642341 -1.6315435278002524 0.56181521565758452 -1.0823887035761666 0.60081277736187577 1.2335218334508273 -2.1413707292038109 -0.44270224689015053 0.56181521565758452 1.0000000180025095e-35 0.34291185820948306 1.0000000180025095e-35 1.0000000180025095e-35 1.0000000180025095e-35 -0.1796024531785336 -0.5692398326281406 0.37196343497937756 -1.8453927230771292 1.0000000180025095e-35 0.34291185820948306 -0.26331742384581086 0.074478259935277777 1.0000000180025095e-35 1.0021569697033337 1.0000000180025095e-35 1.0000000180025095e-35 -0.83947001530448717 -0.2625173559487049
decision_type=2 2 2 2 2 2 2 2 2 2 2 2 2 2 2 2 2 2 2 2 2 2 2 2 2 2 2 2 2 2
left_child=2 10 3 19 6 27 11 9 -4 -7 25 -3 15 16 21 26 20 -17 -8 -1 -10 22 -11 24 -21 -2 -13 -5 -18 -30
right_child=1 4 8 5 -6 7 18 -9 13 14 -12 12 -14 -15 -16 17 28 -19 -20 23 -22 -23 -24 -25 -26 -27 -28 -29 29 -31
leaf_value=0.086055804114902101 0.028089645760566835 -0.04317077126360977 0.038151982470183504 0.04900750611195983 -0.069123776141052348 -0.018282401561129355 -0.064462985295727263 -0.05082139462475517 -0.0031629640862524365 0.01323245253548487 -0.032538590336387452 -0.0069072681336863964 -0.036041470842992904 -0.05534375851672594 -0.021170610170816669 0.020167900537033115 -0.027900367455562292 -0.027928140104754775 -0.031574682564333517 0.018472795693196129 -0.050531560763314581 -0.002834694083793568 0.046737244113064881 -0.0023332584998840187 0.059333444891706291 -0.013978631745805088 0.036678466270963793 0.0128515702546296 0.037185262786785168 -0.0053748357615834115
leaf_weight=1613.776526093483 6209.1041402667761 3948.1053849458694 1017.7087290436029 6796.2797929346561 5097.6001254022121 2515.1381127685308 4518.7370756268501 901.26838852465153 1438.4162696003914 6723.7822545021772 1173.7346527278423 1772.8963900357485 3545.0886819809675 1776.6399431377649 1430.926848590374 1275.1752350330353 1191.3005492240191 4210.8149393796921 3101.2028362005949 1382.8168890178204 2161.4582691788673 2490.0385107547045 5151.4349230825901 696.15382558107376 6624.1949966102839 1249.1134801208973 2020.8395896404982 1590.1929831653833 1527.3847258239985 1840.4266360551119
leaf_count=7502 25415 16359 4127 29056 22922 10195 19647 3747 5859 27403 4787 7260 14730 7390 5798 5187 4845 17376 13180 6008 8922 10096 21019 2925 28805 5067 8236 6716 6188 7497
internal_value=0 -0.0249469 0.0194464 0.0292735 -0.036276 0.0200769 -0.0294115 0.0104409 -0.0145712 0.0134562 0.0137581 -0.0195685 -0.0123025 -0.0199717 0.0185098 -0.00323363 -0.0122693 -0.0167486 -0.0510779 0.0538756 -0.0316043 0.0224624 0.0277667 0.0479086 0.0522768 0.021044 0.0163099 0.0421518 0.00299762 0.0139272
internal_weight=0 38122.4 48869.3 37916 29490.5 27599.1 24392.9 19212.6 10953.3 18311.3 8631.95 16772.9 12824.8 9935.63 15796.2 9279.73 8158.99 5485.99 7619.94 10316.9 3599.87 14365.3 11875.2 8703.17 8007.01 7458.22 3793.74 8386.47 4559.11 3367.81
internal_count=364264 160166 204098 159270 124897 114030 101975 78258 44828 74511 35269 69148 52789 40701 64316 38059 33311 22563 32827 45240 14781 58518 48422 37738 34813 30482 15496 35772 18530 13685
is_linear=0
shrinkage=0.1


Tree=9
num_leaves=31
num_cat=0
split_feature=108 109 109 109 48 107 48 109 108 92 7 107 89 90 89 34 109 157 7 107 107 93 107 108 34 92 37 98 108 37
split_gain=3513.86 2053.12 939.44 712.065 589.112 455.119 423.372 384.131 383.357 315.485 285.29 278.712 270.002 450.803 275.319 261.455 223.16 221.822 215.432 201.317 189.676 181.803 181.623 177.999 177.715 171.763 140.23 139.5 137.442 135.963
threshold=-0.63224814786222305 0.047618065970628662 -1.3685118793375191 0.7459010838154797 1.0000000180025095e-35 0.074478259935277777 1.0000000180025095e-35 -1.4773701735538829 1.0021569697033337 -0.15244240593078132 1.0000000180025095e-35 0.074478259935277777 -0.94650446310632541 -0.2625173559487049 -0.093596791230237564 1.0000000180025095e-35 -2.1233080352556093 -0.77816650728667325 1.0000000180025095e-35 1.4463002808509884 -1.3898689346697644 0.14464473972308778 -2.0016434460445534 -2.3012709198000199 1.0000000180025095e-35 -0.11595466568885153 1.0000000180025095e-35 1.0000000180025095e-35 0.74500467890529343 1.0000000180025095e-35
decision_type=2 2 2 2 2 2 2 2 2 2 2 2 2 2 2 2 2 2 2 2 2 2 2 2 2 2 2 2 2 2
left_child=3 2 16 5 8 7 9 -1 12 24 -9 21 -4 14 17 29 -2 -14 -6 28 -20 26 -15 -5 -3 -17 -11 -10 -18 -12
right_child=1 6 4 23 18 -7 -8 10 27 11 15 -13 13 22 -16 25 19 -19 20 -21 -22 -23 -24 -25 -26 -27 -28 -29 -30 -31
leaf_value=0.065279350239098533 0.050681866697592282 -0.026221371140462107 -0.023069496210377353 0.046998249281437136 -0.064608542042044734 -0.0054567007648798176 -0.064744071658368818 0.0061834159940091686 -0.044462023474668787 -0.060966419309441924 0.036407496315535838 -0.063173173689458337 -0.035166596340159735 0.051834820887479496 0.051024727584688095 0.0047633414492026464 0.029842735941369877 0.021331532499962936 0.03160294208950791 -0.061082041723671911 -0.031766468341629939 0.0033822326743406525 -0.011467066796653574 -0.01786346835977539 -0.057658757256556226 0.036555833374070514 -0.011377030400135858 0.048078933201816838 -0.0055991035848115718 0.065898687019018409
leaf_weight=4566.7278479635715 2875.4965309798717 2885.330076277256 3213.8819685280323 479.48439064621925 1868.9837419688702 2514.7814872413874 5092.8253815919161 3290.8363101184368 2354.5220547169447 953.23173540830612 2656.465559437871 1121.152953222394 835.97448691725731 481.74894465506077 2800.8248643130064 2468.3449179828167 4455.8634768277407 4118.5980570912361 536.15731045603752 313.60006749629974 3968.2938759326935 4163.7440832704306 7661.919257864356 3597.7601803690195 4772.3534774035215 5454.5644434541464 1419.3317713439465 175.00109729170799 1450.3052591234446 3798.7592817693949
leaf_count=21133 12136 12395 13050 1954 7864 10534 22785 13740 9868 4070 11265 4998 3405 1956 11386 10352 18622 16740 2162 1270 16643 17247 31262 14574 20919 23086 6043 727 5891 16187
internal_value=0 -0.0142897 -0.000279347 0.0284867 -0.00934476 0.0348656 -0.0397669 0.039426 -0.00147557 -0.0314612 0.0327439 -0.0171084 0.0033662 0.00870998 0.025965 0.038823 0.0276446 0.0117987 -0.0360664 0.0169941 -0.0242237 -0.00920706 -0.00772236 -0.0102357 -0.0458135 0.026651 -0.0313007 -0.0380597 0.0211397 0.0537624
internal_weight=0 57519.1 37111.2 28827.7 28015.9 24750.5 20408 22235.7 21642.5 15315.1 17669 7657.46 19112.9 15899.1 7755.4 14378.1 9095.27 4954.57 6373.43 6219.77 4504.45 6536.31 8143.67 4077.24 7657.68 7922.91 2372.56 2529.52 5906.17 6455.22
internal_count=364264 241439 152982 122825 115063 106297 88457 95763 88394 65672 74630 32358 77799 64749 31531 60890 37919 20145 26669 25783 18805 27360 33218 16528 33314 33438 10113 10595 24513 27452
is_linear=0
shrinkage=0.1


Tree=10
num_leaves=31
num_cat=0
split_feature=108 109 109 108 108 109 107 107 93 34 107 156 7 107 91 89 32 109 92 108 93 109 90 37 88 37 89 90 93 48
split_gain=2945.37 1197.22 1111.96 619.21 493.196 439.088 375.625 327.283 318.118 309.768 285.501 261.084 249.259 231.258 226.721 217.569 216.066 214.724 214.14 209.404 191.01 184.227 183.093 164.951 154.384 148.074 145.616 241.601 143.431 142.232
threshold=0.18506557526450415 -0.3943083284644045 0.2502374003979117 -1.8734087207654793 1.125651646538421 -1.5879151750293157 0.8915345733139225 0.074478259935277777 0.1951600053355966 1.0000000180025095e-35 -1.8023010910662973 1.0000000180025095e-35 1.0000000180025095e-35 1.359764289657293 2.8338919926627724 -1.0061526564531029 1.0000000180025095e-35 -2.035209985334911 -1.4728596524300903 -1.7859666035193595 0.59542927099403531 0.7459010838154797 0.34291185820948306 1.0000000180025095e-35 -0.82398527545751044 1.0000000180025095e-35 -0.23103360785915292 0.34291185820948306 0.89124324165711677 1.0000000180025095e-35
decision_type=2 2 2 2 2 2 2 2 2 2 2 2 2 2 2 2 2 2 2 2 2 2 2 2 2 2 2 2 2 2
left_child=2 7 3 -1 6 29 10 14 -4 12 -3 16 -7 18 17 -10 -12 -2 -11 -17 22 26 24 -14 -19 -20 -18 -28 -23 -5
right_child=1 4 8 5 -6 9 -8 -9 15 13 11 -13 23 -15 -16 19 21 20 25 -21 -22 28 -24 -25 -26 -27 27 -29 -30 -31
leaf_value=0.0515186374485615 0.045576721811672424 0.020639579456854851 -0.028620739753999497 0.051960211247529198 -0.069542632744327024 -0.0010054783885710438 -0.062727606345269596 -0.029186913255063153 -0.040631106396337074 -0.066087921079052467 -0.067504054306030431 0.013527757220294751 0.018848502601501782 -0.051503087880907544 -0.085477241544031302 0.047823489938426472 -0.034793168929947604 -0.027143194155866041 -0.013337990140288228 0.0016479055035163476 0.026686370602155784 -0.049220760751256476 -0.036932725934887708 0.048441726394709769 0.017662956700268889 0.013902805790725468 0.0088449115365337571 -0.031182026031552332 0.011746100694388879 0.0096513625487392
leaf_weight=7151.047692745924 1745.7128309160471 1376.2088768333197 5164.5141571313143 4429.11002792418 3359.1173768639565 2575.7986613661051 2759.9567789435387 2453.2039775252342 941.25645615160465 400.01591944694519 1432.5946811884642 1474.5485660284758 3452.8138032108545 743.21041634678841 236.08587223291397 1233.1079379618168 3651.7344416230917 1035.7908964008093 2515.4887575656176 4824.9271989911795 3124.5605273246765 4085.5217020660639 1309.278689801693 4144.2077634781599 2985.5748385488987 9652.0993329286575 3285.9981092512608 2786.921055033803 426.13262790441513 968.28707528114319
leaf_count=32783 7367 5594 21541 19963 15371 10536 13045 10317 3846 1634 6198 6236 14295 3104 964 5047 15239 4216 10324 19718 12722 18068 5319 17300 12186 39741 13639 11845 1840 4266
internal_value=0 -0.021014 0.0163485 0.0251738 -0.0339328 0.0186507 -0.0283116 0.00367952 -0.00979414 0.0127395 -0.0231826 -0.0267005 0.0258771 0.002699 0.0114047 0.00409731 -0.0304862 0.0136469 0.00590435 0.0110469 0.00705451 -0.0267612 -0.00445271 0.0349917 0.00612215 0.00827113 -0.0190128 -0.00952384 -0.0434623 0.0443701
internal_weight=0 37528.9 48195.9 36032.1 24638.7 28881 21279.6 12890.2 12163.8 23483.6 18519.7 17143.5 10172.8 13310.8 10437 6999.29 15668.9 10200.9 12567.6 6058.04 8455.2 14236.3 5330.64 7597.02 4021.37 12167.6 9724.65 6072.92 4511.65 5397.4
internal_count=364264 160166 204098 153946 107075 121163 91704 53091 50152 96934 78659 73065 42131 54803 42774 28611 66829 41810 51699 24765 34443 60631 21721 31595 16402 50065 40723 25484 19908 24229
is_linear=0
shrinkage=0.1


Tree=11
num_leaves=31
num_cat=0
split_feature=108 109 109 48 109 48 34 93 92 90 89 157 107 104 37 109 48 93 88 90 34 89 107 90 109 37 91 90 152 89
split_gain=2497.36 1519.91 696.02 519.798 458.866 426.282 404.587 298.319 296.444 231.273 422.187 235.072 229.345 219.9 197.498 192.476 190.303 185.27 184.296 233.943 171.682 155.702 154.534 152.776 148.968 148.824 147.953 144.258 143.975 149.13
threshold=-0.94349911069883685 0.047618065970628662 -1.3685118793375191 1.0000000180025095e-35 -0.84483897191505408 1.0000000180025095e-35 1.0000000180025095e-35 -0.6366294953856293 -0.15244240593078132 0.34291185820948306 -0.10958496676648723 0.32503977655437138 0.074478259935277777 1.0000000180025095e-35 1.0000000180025095e-35 1.2215059683288512 1.0000000180025095e-35 0.13437044841206905 -0.81814239657694376 -0.2625173559487049 1.0000000180025095e-35 0.14130640318696905 -2.3641025643559801 0.34291185820948306 -2.3377400424007937 1.0000000180025095e-35 1.4884878133352293 -0.2625173559487049 -0.22530135061096154 -0.89269810312856201
decision_type=2 2 2 2 2 2 2 2 2 2 2 2 2 2 2 2 2 2 2 2 2 2 2 2 2 2 2 2 2 2
left_child=4 2 16 7 -1 8 14 -4 20 10 11 -9 18 15 -6 -8 24 -5 -10 -20 25 22 -19 -23 -2 -3 -11 -12 -13 -30
right_child=1 5 3 17 6 -7 13 9 12 26 27 28 -14 -15 -16 -17 -18 21 19 -21 -22 23 -24 -25 -26 -27 -28 -29 29 -31
leaf_value=0.04986694893736579 0.062512638133469703 -0.037482952139853178 -0.028193838290918712 -0.053443549640997248 0.018101370230171457 -0.056768182560123795 0.0037103796137076257 -0.018704666626165514 -0.030606900845810893 -0.010506683733351417 0.045583670270130314 0.022218389209003812 -0.051713563342026238 0.047609853962114083 0.051247181187809056 -0.051042439188338909 -0.00012631823596564513 0.074803448227821381 0.029981344124168408 -0.012535209936114991 -0.049085641729016638 0.032159732062273939 -0.042442493347931182 -0.02315587975265393 0.02543436683208454 0.0071575850169035976 -0.07893736683900715 0.014696172947189287 -0.049483959549442874 0.0097817453536893362
leaf_weight=6857.4714450985193 1314.8481059670448 1808.9776666015387 3153.8981354534626 2380.5738387852907 3253.8265209794044 5196.0786768198013 7034.2190830409527 4675.0133821666241 1922.5899954736233 3872.0528547465801 3229.0901335775852 3945.6868822574615 1175.8535384535789 1043.7469503879547 4016.8711012154818 706.53217886388302 2456.40673597157 118.48689471185207 2251.2800527215004 3044.1415357291698 4981.0027945637703 902.77529576420784 2194.0613208860159 1117.1726529598236 6159.9307532459497 1271.9089683145285 344.02428713440895 2843.6875125318766 665.30775427818298 1173.4241347014904
leaf_count=32047 5765 7880 13077 10232 13737 23931 29624 19170 8090 15915 13275 16143 5382 4436 17289 2877 10224 477 9367 12875 22352 3750 9166 4755 26273 5492 1453 11679 2720 4811
internal_value=0 -0.0104061 0.00101715 -0.00644504 0.0282133 -0.031798 0.0189647 0.000460381 -0.0239134 0.00481604 0.0101477 -0.00202895 -0.0107596 0.00452264 0.0364136 -0.00128715 0.0240211 -0.0310321 -0.00408798 0.00554015 -0.0376088 -0.0187177 -0.0364352 0.00156633 0.0319566 -0.0190536 -0.0160905 0.03112 0.0114485 -0.0116623
internal_weight=0 62198.3 40546.4 30615.3 22912.7 21651.8 16055.2 23902.2 16455.8 20748.3 16532.2 10459.4 8393.87 8784.5 7270.7 7740.75 9931.19 6713.07 7218.01 5295.42 8061.89 4332.5 2312.55 2019.95 7474.78 3080.89 4216.08 6072.78 5784.42 1838.73
internal_count=364264 264254 168885 126623 100010 95369 67963 98243 71438 85166 67798 42844 35714 36937 31026 32501 42262 28380 30332 22242 35724 18148 9643 8505 32038 13372 17368 24954 23674 7531
is_linear=0
shrinkage=0.1


Tree=12
num_leaves=31
num_cat=0
split_feature=108 109 107 108 109 93 107 109 90 89 32 90 89 49 90 88 89 108 88 48 30 88 108 88 107 147 90 7 107 34
split_gain=2190.57 1119.85 693.558 565.158 515.156 392.767 321.874 305.78 268.408 441.197 267.258 261.443 273.557 234.188 203.736 267.766 195.019 173.81 162.416 155.345 145.218 145.464 142.722 140.583 136.49 133.709 133.019 129.947 128.562 126.679
threshold=0.54458197978174672 -0.74015559175427648 0.34150366026212758 -1.8734087207654793 0.065986135592384726 -0.11392492493755067 -1.7248779439117541 -2.0948589276238354 0.34291185820948306 -0.75864340055539181 1.0000000180025095e-35 0.34291185820948306 -0.09820876494261728 1.0000000180025095e-35 -0.2625173559487049 -0.65801863409905947 -0.26331742384581086 1.1396968744946003 -0.65801863409905947 1.0000000180025095e-35 1.0000000180025095e-35 -0.82398527545751044 -1.3539410018564439 -0.8434467275463936 2.0844318766654935 -0.25805638993844299 -0.87411385859396407 1.0000000180025095e-35 1.5712028417975772 1.0000000180025095e-35
decision_type=2 2 2 2 2 2 2 2 2 2 2 2 2 2 2 2 2 2 2 2 2 2 2 2 2 2 2 2 2 2
left_child=1 7 3 27 6 19 -2 -1 9 -7 26 12 -12 28 15 29 -16 20 -4 23 21 -6 -15 -5 -20 -21 -8 -3 -9 -11
right_child=4 2 18 5 17 8 10 13 -10 14 11 -13 -14 22 16 -17 -18 -19 24 25 -22 -23 -24 -25 -26 -27 -28 -29 -30 -31
leaf_value=0.056082476919475432 0.034935868680723049 0.0009977203534888672 -0.063199254124820914 -0.042739395433634128 -0.061206541532657172 -0.0097242027001285813 -0.01682862761033143 0.0064526869267578987 -0.014798026953977984 0.026769121518865402 -0.019613616481834434 -0.035665575353823961 0.01590583354530499 0.049470352213401833 -0.033329053339948886 0.045489004306540494 0.016781175637125788 -0.071895722776736684 -0.015309035316470319 0.009699734790121383 -0.068221768616781975 -0.022974640126523088 0.024234686882442857 -0.0053534625652441777 -0.073156639491084516 -0.06784966760728238 -0.087082634365510836 0.043031657298258287 -0.080505186805924389 -0.013673932612766563
leaf_weight=3811.8507597148418 1233.3928222060204 881.10614377260208 1357.6703929752111 1232.0998414456844 1253.2890752106905 6082.6310553401709 406.83450834453106 3417.6643813550472 4431.9654890149832 1737.1485955566168 5142.0729410499334 3909.1598203331232 3749.2445819675922 3158.1665223836899 997.20744162797928 5393.6051351875067 3511.4312962889671 1801.697572439909 3191.8863559365273 287.18037122488022 1253.8593988269567 4832.42143663764 7717.7832071632147 5476.482837960124 467.6340918391943 984.60734908282757 798.43380345404148 4449.6197642683983 178.91848023235798 1397.597615763545
leaf_count=17919 5061 3866 5928 5134 5806 25030 1720 14684 18212 7191 21570 16700 15648 15013 4098 22310 14453 8845 13895 1223 5834 22397 32849 22746 2132 4212 3450 19815 751 5772
internal_value=0 0.0102366 0.00122196 0.00596957 -0.0252964 0.000878501 -0.0140381 0.0308843 0.00737521 0.012515 -0.0183509 -0.0141121 -0.00463596 0.0242475 0.0228911 0.0319805 0.00569794 -0.0440647 -0.0336601 -0.0182945 -0.0372329 -0.0308481 0.0315626 -0.0122198 -0.0227011 -0.0503384 -0.0633686 0.0360839 0.00212681 0.00873796
internal_weight=0 60164.3 41879.9 36862.7 24380.4 31532 15239.1 18284.4 23551.6 19119.6 14005.7 12800.5 8891.32 14472.5 13037 8528.35 4508.64 9141.27 5017.19 7980.37 7339.57 6085.71 10875.9 6708.58 3659.52 1271.79 1205.27 5330.73 3596.58 3134.75
internal_count=364264 257233 176017 154062 107031 130381 64149 81216 97066 78854 59088 53918 37218 63297 53824 35273 18551 42882 21955 33315 34037 28203 47862 27880 16027 5435 5170 23681 15435 12963
is_linear=0
shrinkage=0.1


Tree=13
num_leaves=31
num_cat=0
split_feature=108 109 109 107 93 109 93 108 34 37 32 48 90 89 89 90 89 107 135 90 88 88 88 90 107 96 139 93 92 107
split_gain=1791.2 947.874 511.65 444.619 435.246 388.791 326.459 317.684 271.373 262.676 250.767 234.529 231.128 246.698 215.651 320.917 189.86 179.44 171.418 162.018 190.206 150.132 146.291 218.829 133.026 136.285 129.34 126.238 124.99 120.5
threshold=0.54458197978174672 0.047618065970628662 -1.9442303204788465 0.90381157054465477 0.22127382908443591 0.60081277736187577 -0.6366294953856293 -1.392706515483461 1.0000000180025095e-35 1.0000000180025095e-35 1.0000000180025095e-35 1.0000000180025095e-35 0.34291185820948306 -0.10927750185232858 -0.75864340055539181 -0.2625173559487049 -0.77647636557659327 -1.9247890123734035 0.086918661324355342 -0.2625173559487049 -0.18019666359143335 -0.2582313102377834 -0.80609562443630789 -0.2625173559487049 -2.0016434460445534 -0.31004541422994231 -1.5194000568910144 0.68404503355157209 -1.5063296096444923 -1.2793144250735244
decision_type=2 2 2 2 2 2 2 2 2 2 2 2 2 2 2 2 2 2 2 2 2 2 2 2 2 2 2 2 2 2
left_child=1 2 -1 5 11 10 -3 -6 9 -8 18 17 13 24 -9 21 -10 -4 -2 20 -18 -16 28 -24 -12 -26 -11 -15 -19 -13
right_child=3 6 4 -5 7 -7 8 14 16 26 12 29 -14 27 15 -17 19 22 -20 -21 -22 -23 23 -25 25 -27 -28 -29 -30 -31
leaf_value=0.047488884222039292 -0.026635545702954649 -0.038691474191865922 0.054992667395041384 -0.057019546966782943 0.039583129125192885 -0.04169897414151031 -0.0064981984570844104 -0.0047782424869483898 -0.04232390615721672 -0.084420994325567544 0.041450490630387436 0.030234456944997809 -0.025964984291247523 0.0087516803922750054 0.027106665928406111 0.0044722936627925687 0.00016970455261928224 -0.12432051022809816 -0.103631830838764 -0.020111922396651431 0.073182687196426496 0.06142480970308424 0.028664203665020344 -0.0068024105963126044 -0.063797433318329572 -0.010364198300553523 0.036779340529727124 0.045687491820994047 -0.016531962787759851 -0.040911663985985051
leaf_weight=5045.0703851133585 892.81955333054066 3197.4183164387941 656.99583946168423 3311.8967621475458 6789.5242510735989 5061.4959617704153 3695.8729771226645 4496.339044496417 2009.8177699744701 90.75371327996254 443.60074172914028 272.54557213187218 4155.314194381237 3022.4734872281551 5006.7527416199446 6336.8692865222692 2136.7235580831766 113.79212659597397 427.63941119611263 3831.095202639699 428.32221986353397 1710.1698724031448 2938.3651628494263 4264.4034560620785 527.72151559591293 4999.7660427242517 2954.3552514612675 1333.6085468232632 1970.5116562247276 1881.3376798480749
leaf_count=24067 3852 13975 2812 16210 31485 23846 15358 18623 8497 378 1828 1137 17870 12698 21041 26276 8933 476 1884 16288 1761 7256 12499 17888 2254 21075 12207 5514 8314 7962
internal_value=0 0.00927195 0.0176423 -0.0229816 0.0135098 -0.0175786 -0.00965623 0.0212152 -0.00352708 0.0114199 -0.00985309 -0.00199239 -0.00604938 0.001964 0.0141092 0.020615 -0.0155135 0.00448755 -0.0515713 -0.00708901 0.0123617 0.0358443 0.000914664 0.00766617 -0.0112372 -0.0154656 0.0331672 0.0200595 -0.0224167 -0.0319091
internal_weight=0 59827 41482.7 24176.3 36437.6 20864.4 18344.4 24339.7 15146.9 6740.98 15802.9 12098 14482.5 10327.2 17550.1 13053.8 8405.96 9944.07 1320.46 6396.14 2565.05 6716.92 9287.07 7202.77 5971.09 5527.49 3045.11 4356.08 2084.3 2153.88
internal_count=364264 257233 179836 107031 155769 90821 77397 104681 63422 27943 66975 51088 61239 43369 73196 54573 35479 41989 5736 26982 10694 28297 39177 30387 25157 23329 12585 18212 8790 9099
is_linear=0
shrinkage=0.1


Tree=14
num_leaves=31
num_cat=0
split_feature=108 109 107 152 107 93 107 48 108 32 96 76 109 92 107 93 49 89 37 32 34 99 37 108 124 108 93 89 37 90
split_gain=1535.02 943.663 534.484 499.788 370.628 358.419 297.979 295.688 284.758 242.734 213.639 188.504 183.633 173.494 208.195 164.026 153.46 152.451 180.969 142.31 133.724 146.938 153.895 130.768 130.332 123.487 121.975 120.234 119.365 117.661
threshold=-0.94349911069883685 0.36183374193500334 -2.2334223320798698 -0.21234624532490534 0.35193210110475109 0.25252479848878467 1.359764289657293 1.0000000180025095e-35 -2.3012709198000199 1.0000000180025095e-35 -0.31004541422994231 1.0000000180025095e-35 -1.3685118793375191 -0.74447656714946187 0.18364112344695235 -2.5866043671227286 1.0000000180025095e-35 -0.46562933736220086 1.0000000180025095e-35 1.0000000180025095e-35 1.0000000180025095e-35 1.0000000180025095e-35 1.0000000180025095e-35 0.79957412350612234 0.41447961821627782 1.125651646538421 0.77266079610910865 -0.74911198821647373 1.0000000180025095e-35 -0.2625173559487049
decision_type=2 2 2 2 2 2 2 2 2 2 2 2 2 2 2 2 2 2 2 2 2 2 2 2 2 2 2 2 2 2
left_child=4 2 -2 5 8 10 9 13 -1 -5 -4 24 -11 -3 17 -13 -17 -15 26 -12 28 22 -22 27 -10 -20 -19 -14 -7 -18
right_child=1 7 3 6 -6 20 -8 -9 11 12 19 15 23 14 -16 16 29 18 25 -21 21 -23 -24 -25 -26 -27 -28 -29 -30 -31
leaf_value=0.050487283670957429 0.045492299672230348 -0.039071486275551293 -0.050374878043786091 -0.051930216296332571 -0.020509607720005908 0.013604093302446302 -0.061517758044606019 -0.052547632566418256 0.034676033130238738 0.012628152678307006 -0.051290291436927149 -0.08090805674239282 -0.036300715548304628 -0.02701627930516275 -0.049404774950869708 -0.015160680558074244 0.028842830509555568 -0.031652838560395045 0.024101733927670854 -0.00055591184478439497 -0.026135968691511188 0.035794119315050929 0.0090095566043007329 -0.032991357189310226 -0.011897016482444709 -0.060910191275213757 0.028623019969957614 -0.0026826925216009399 0.040395325556914392 8.807550511610873e-05
leaf_weight=3927.418338149786 2380.9831895232201 3787.5769901573658 1110.4954948425293 1428.7275496423244 1845.6284744888544 3635.5843337327242 1360.6919196397066 3912.3465658724308 7748.2264449894428 3140.1920559555292 591.75091236829758 194.86944438517094 1270.0395816713572 2549.5091878324747 1371.9052815288305 1655.2609506845474 4172.7157098501921 1671.2300275117159 2780.3160606920719 8416.530001103878 1608.7243153601885 1471.0641415119171 5524.2597880959511 2903.3228493928909 651.385204449296 182.05672915279865 420.12010252475739 6552.9407866150141 3064.9746982604265 2159.4804588705301
leaf_count=18870 10055 17568 4756 6120 7866 15227 6256 19040 34295 13525 2551 825 5224 11098 6713 7221 18653 7297 11850 35621 6775 6180 23224 12614 2864 887 1768 27088 12817 9416
internal_value=0 -0.00820962 -0.000600931 -0.00320904 0.022413 0.00561214 -0.0166736 -0.0284965 0.0262756 -0.0126841 -0.00899032 0.020541 -0.00864044 -0.0211237 -0.0135496 0.00973827 0.0119498 -0.00708001 0.00297746 -0.00388864 0.0152667 0.00701774 0.00108308 -0.014867 0.0310643 0.0188772 -0.0195443 -0.00814049 0.025859 0.0190365
internal_weight=0 61135.3 44460.3 42079.3 22355 25423.4 16655.9 16675.1 20509.4 15295.2 10118.8 16581.9 13866.5 12762.7 8975.14 8182.33 7987.46 7603.23 5053.72 9008.28 15304.6 8604.05 7132.98 10726.3 8399.61 2962.37 2091.35 7822.98 6700.56 6332.2
internal_count=364264 264254 188033 177978 100010 107151 70827 76221 92144 64571 42928 73274 58451 57181 39613 36115 35290 32900 21802 38172 64223 36179 29999 44926 37159 12737 9065 32312 28044 28069
is_linear=0
shrinkage=0.1


Tree=15
num_leaves=31
num_cat=0
split_feature=108 109 34 37 107 93 37 107 92 7 99 157 88 90 52 7 88 90 90 154 109 109 96 109 92 64 141 46 48 32
split_gain=1277.67 890.334 605.915 547.579 444.95 365.034 307.514 294.044 293.542 232.119 213.115 193.141 190.916 264.856 187.136 173.238 168.778 220.165 151.746 151.29 152.435 142.528 156.288 128.779 128.682 125.226 150.781 124.295 119.169 105.059
threshold=0.74500467890529343 -0.90094991852609418 1.0000000180025095e-35 1.0000000180025095e-35 -1.2390599793897288 0.30346815957258594 1.0000000180025095e-35 1.359764289657293 -1.4297876583099176 1.0000000180025095e-35 -1.0490568834338709 -1.181307534423335 -0.83046131801905088 -0.2625173559487049 1.0000000180025095e-35 1.0000000180025095e-35 -1.1167179506277971 -0.2625173559487049 0.34291185820948306 3.0620736730156506 -0.27250155451623009 0.70758817609667246 0.33482471240286776 -2.2200928858852014 0.58389665278605773 1.0000000180025095e-35 0.576605664304357 1.0000000180025095e-35 1.0000000180025095e-35 1.0000000180025095e-35
decision_type=2 2 2 2 2 2 2 2 2 2 2 2 2 2 2 2 2 2 2 2 2 2 2 2 2 2 2 2 2 2
left_child=1 9 3 14 24 19 25 8 -8 -1 29 -10 -13 -14 27 -5 -11 23 -17 20 -2 -16 -23 -18 -4 -6 -27 -3 -22 -7
right_child=5 2 4 15 6 10 7 -9 11 16 -12 12 13 -15 21 18 17 -19 -20 -21 28 22 -24 -25 -26 26 -28 -29 -30 -31
leaf_value=0.0020752424656082353 -0.022727511342691874 -0.016294058825045185 0.055958032658944272 0.0030249985496926344 -0.045431732837733246 -0.1084718180731879 -0.055070741489803947 -0.053259168645428547 -0.034689464385473739 -0.017932421795074101 -0.00083444638487557225 -0.017535446467061656 0.025553704516272164 -0.0057152984042665453 -0.003659794039113682 0.04118528541734761 0.070630509456838728 0.018198439933425167 0.0045915928327256075 0.044798688628146961 -0.042490003135277433 -0.060523882420839642 -0.0064344649858886832 0.037980500732403104 0.011770970335341274 -0.00067400071742616308 -0.1310400047400633 0.028955945138786417 -0.075541319868168838 -0.031126853655974396
leaf_weight=3457.2020784914494 2666.9123830497265 824.8136241286993 905.51830923557281 2123.8367282152176 3962.7469129562378 195.32061147689819 1133.8928388357162 1410.527627274394 1676.5038928836584 672.73978208005428 6079.6674182116985 4028.5029857009649 4799.1878280043602 6219.1248977035284 5674.2763479351997 6800.1996110975742 1484.4689671248198 5606.957130074501 1359.7938921153545 204.84731669723988 3780.8729957491159 1087.6564131528139 1049.7936775237322 6487.2442062497139 2421.4905800819397 1238.648020029068 95.564334452152252 2299.1042294204235 1533.3148522973061 1740.9148552119732
leaf_count=15511 11304 3504 3759 8968 17238 921 4860 6693 7167 3075 26819 17133 20354 26369 23907 29216 7382 24975 5751 935 18209 4722 4474 29579 10209 5276 408 9719 8017 7810
internal_value=0 0.0060972 -0.000834281 0.0119003 -0.0105225 -0.0252047 -0.0151708 -0.00930434 -0.00583238 0.0253202 -0.0100362 -0.00249387 0.00109334 0.00790437 -0.00367766 0.0284657 0.0309592 0.0333814 0.0350873 -0.0400581 -0.0422361 -0.0119501 -0.0339582 0.0440605 0.0237974 -0.03651 -0.0100116 0.0170085 -0.0520264 -0.0389291
internal_weight=0 66819.8 49111.2 21219.5 27891.7 16201.9 24564.7 19267.7 17857.2 17708.6 8015.9 16723.3 15046.8 11018.3 10935.6 10283.8 14251.4 13578.7 8159.99 8185.95 7981.1 7811.73 2137.45 7971.71 3327.01 5296.96 1334.21 3123.92 5314.19 1936.24
internal_count=364264 290249 209727 90261 119466 74015 105498 82576 75883 80522 35550 71023 63856 46723 46326 43935 65011 61936 34967 38465 37530 33103 9196 36961 13968 22922 5684 13223 26226 8731
is_linear=0
shrinkage=0.1


Tree=16
num_leaves=31
num_cat=0
split_feature=108 109 48 109 99 107 108 90 89 107 107 90 89 88 107 7 48 89 157 90 7 107 92 133 93 132 107 93 92 93
split_gain=1140.04 715.314 512.118 361.696 344.477 304.032 232.537 220.081 337.929 212.594 188.162 169.88 193.552 168.6 170.792 164.154 161.962 146.958 145.398 140.123 145.434 138.264 151.559 133.116 136.686 128.997 126.95 124.32 123.135 115.684
threshold=-0.96505132290313067 0.64959396397317737 1.0000000180025095e-35 -1.5590591412891495 1.0000000180025095e-35 0.39205289669933291 -2.3012709198000199 0.34291185820948306 0.029235441976142057 0.074478259935277777 -2.5321573162540005 0.34291185820948306 -1.0550395778043278 0.60001650525502093 1.8017419021734591 1.0000000180025095e-35 1.0000000180025095e-35 -0.79615412008274677 -0.84696602389382813 -1.0072643460479056 1.0000000180025095e-35 -0.60594746274394728 -0.23090476464651008 -0.29649687389218121 -0.91403536078313541 1.0000000180025095e-35 0.84725874669270007 -0.84382770349117397 -1.2319856980510351 0.76837984139618432
decision_type=2 2 2 2 2 2 2 2 2 2 2 2 2 2 2 2 2 2 2 2 2 2 2 2 2 2 2 2 2 2
left_child=5 2 3 -2 7 6 -1 8 9 18 -3 12 -8 -9 -15 26 19 -17 -5 -12 29 -19 27 24 -22 -14 -4 -23 -20 -21
right_child=1 10 15 4 -6 -7 11 13 -10 -11 16 -13 25 14 -16 17 -18 21 28 20 23 22 -24 -25 -26 -27 -28 -29 -30 -31
leaf_value=0.045269115756015409 0.026919735042396361 0.084213591297571166 -0.031153772747126964 -0.026622171972983812 0.025163393587803354 -0.020646807716930778 -0.0052527487577816983 -0.05990580692868136 0.020602492263189952 -0.038738601432818494 -0.063638799433933566 -0.0052661288001745552 0.029988765104024637 -0.010272632462659272 -0.10264556526630481 -0.050396735687301852 -0.050259774995044464 0.019590292468638502 -0.030966397321153246 -0.057761983569442094 -0.04243402174732 -0.038339531925285691 -0.029309345990667403 -0.033781367037610713 0.003133799326216412 -0.019379738245070551 -0.08636690998126631 0.017189289503057436 0.0052728927627340612 0.0059920593101971094
leaf_weight=3830.9395463317633 5863.1146925389767 147.35095778107643 2603.4702086448669 2172.4492192566395 4592.233241289854 1724.3447100371122 2131.3193982839584 951.04436154663563 5924.2872410416603 1916.2320465892553 789.22726629674435 2653.2293485403061 10843.005155354738 4897.7144090682268 208.68960529565811 917.10007193684578 2882.2196170389652 1455.376340046525 1038.4362296462059 1436.7840649485588 782.95353226363659 522.64550937712193 3156.9787106662989 2186.1324779838324 4133.8071442842484 556.43355187773705 495.73043422400951 1763.9685736894608 9656.965528652072 354.92150251567364
leaf_count=18913 26266 610 11403 9087 19165 7371 9363 4055 24812 8623 3660 11528 48947 20781 1020 4001 14637 6105 4353 6694 3779 2410 13812 10088 18469 2471 2427 7853 39990 1571
internal_value=0 -0.00703539 -0.00146337 0.00412223 -0.000140291 0.0196436 0.0231148 -0.00448166 0.000422589 -0.00766391 -0.0281326 0.0178706 0.0224074 -0.0212477 -0.0140477 -0.0205103 -0.02945 -0.0127882 -0.00303639 -0.0232563 -0.0196731 -0.00778875 -0.0151087 -0.0132509 -0.0041225 0.027579 -0.0399854 0.00449721 0.00175435 -0.0451329
internal_weight=0 60849.8 48136.4 37221.2 31358.1 21739.3 20014.9 26765.8 20708.4 14784.1 12713.4 16184 13530.8 6057.45 5106.4 10915.3 12566 7816.07 12867.9 9683.83 8894.6 6898.97 5443.59 7102.89 4916.76 11399.4 3099.2 2286.61 10695.4 1791.71
internal_count=364264 265671 206163 158152 131886 98593 91222 112721 86865 62053 59508 72309 60781 25856 21801 48011 58898 34181 53430 44261 40601 30180 24075 32336 22248 51418 13830 10263 44343 8265
is_linear=0
shrinkage=0.1


Tree=17
num_leaves=31
num_cat=0
split_feature=108 109 93 108 108 30 89 109 90 88 96 49 92 32 37 152 90 88 107 107 93 135 157 87 31 94 109 48 107 118
split_gain=956.745 560.759 416.754 325.118 297.354 239.177 253.275 235.525 228.841 410.489 221.007 209.53 195.189 188.458 172.288 163.425 154.473 308.534 139.22 139.053 135.648 130.838 123.454 119.458 116.744 110.908 110.899 107.737 105.003 101.981
threshold=-0.084887956059616451 -0.3943083284644045 0.22127382908443591 1.1396968744946003 -2.3012709198000199 1.0000000180025095e-35 -0.26331742384581086 0.95103522744025437 -0.2625173559487049 -0.60493285811003361 -0.31004541422994231 1.0000000180025095e-35 1.0596089954891126 1.0000000180025095e-35 1.0000000180025095e-35 -0.31814627182769784 -0.2625173559487049 -0.67258139876146028 -1.7248779439117541 1.359764289657293 -0.3352502835957461 0.1830219900514912 -0.94111273082993474 0.30402649578635704 1.5000000000000002 -0.70500517693372788 -1.2626482802122265 1.0000000180025095e-35 -2.5953737915384516 -0.58233650556179561
decision_type=2 2 2 2 2 2 2 2 2 2 2 2 2 2 2 2 2 2 2 2 2 2 2 2 2 2 2 2 2 2
left_child=2 10 7 5 -4 6 20 13 9 -8 -2 12 19 -1 28 -12 17 -13 -15 22 -3 29 -6 24 -7 -20 -14 -27 -10 -22
right_child=1 3 4 -5 11 23 8 -9 14 -11 15 16 26 18 -16 -17 -18 -19 25 -21 21 -23 -24 -25 -26 27 -28 -29 -30 -31
leaf_value=-0.046923249900244074 -0.025518612356606931 -0.047523669141076398 0.049018911228907391 -0.050966583902504282 -0.051711180733635009 -0.054662386082826281 -0.037524533992845929 -0.034986098430692836 0.11299449307160021 0.040391242403981772 0.019403970229803943 0.01312528127830383 0.010985546383605108 0.044391148898160412 0.0011378197619587905 -0.0029550808514444988 0.0070006174899039479 0.046308582118551822 -0.016756215841671022 -0.070793721518206593 0.029407249023162649 -0.042707275232203287 0.024417412744621229 -0.086099536186979991 -0.01495899257011488 0.013903745400044302 -0.042031981434818594 -0.017643572057000713 -0.028351085360469465 -0.014924254904007598
leaf_weight=719.0366370677948 2037.9883326739073 1927.5031042397022 2915.3433687537909 2793.517126262188 231.60257966816425 1297.5228373557329 919.19680559635162 1948.851462572813 53.291236445307732 2557.349814966321 7639.0657693445683 6704.0215533077717 544.94476667046547 866.48129136860371 5491.0553864240646 5714.2590855956078 5815.2038559317589 4814.0101878345013 2278.8000418543816 186.46956361830235 580.89642924070358 1601.8649171739817 2654.1109213829041 471.88408635556698 1725.4292662292719 6227.4061942100525 1429.4539614915848 1310.310041770339 3819.2303624004126 4862.921227902174
leaf_count=3087 8623 9183 14770 14348 988 5989 4029 8299 218 10881 32173 29574 2597 3899 24839 24154 25207 21885 9921 820 2549 7169 11415 2240 7787 27265 6009 5677 17474 21195
internal_value=0 -0.0101883 0.0114344 -0.0185916 0.0189788 -0.0150181 -0.0111269 -0.00285947 -0.00211897 0.0197904 0.00515456 0.0150656 -0.00286671 0.00263165 -0.0102535 0.00983591 0.0202866 0.0269944 0.00596703 0.0128994 -0.0240167 -0.0175858 0.0183075 -0.0393052 -0.0320006 0.00257542 -0.0273989 0.00841975 -0.026406 -0.0101937
internal_weight=0 43493 38646 28101.7 25295.2 25308.1 21813.3 13350.9 12840.1 3476.55 15391.3 22379.8 5046.58 11402 9363.58 13353.3 17333.2 11518 10683 3072.18 8973.19 7045.68 2885.71 3494.84 3022.95 9816.52 1974.4 7537.72 3872.52 5443.82
internal_count=364264 192851 171413 127901 113265 113553 97537 58148 57441 14910 64950 98495 21829 49849 42531 56327 76666 51459 46762 13223 40096 30913 12403 16016 13776 42863 8606 32942 17692 23744
is_linear=0
shrinkage=0.1


Tree=18
num_leaves=31
num_cat=0
split_feature=93 49 108 108 109 92 109 32 37 107 107 107 154 108 143 96 90 34 52 88 48 32 109 107 99 109 109 88 90 34
split_gain=829.49 478.058 425.049 352.895 294.315 260.856 243.151 215.658 201.201 179.692 170.706 161.716 153.114 148.463 142.157 138.589 136.414 135.577 141.553 140.472 129.161 121.55 120.275 121.585 118.78 118.248 111.593 104.675 103.838 103.462
threshold=0.1951600053355966 1.0000000180025095e-35 0.74500467890529343 -1.0296705038086837 0.99621622403943666 1.1515142058729209 0.82163031275188203 1.0000000180025095e-35 1.0000000180025095e-35 0.38202098136371804 -1.2001906315823268 -2.3641025643559801 1.0000000180025095e-35 -2.3012709198000199 -0.26258954639714688 0.46379873772942976 0.34291185820948306 1.0000000180025095e-35 1.0000000180025095e-35 -1.2323647415509502 1.0000000180025095e-35 1.0000000180025095e-35 0.47225942743332333 -2.3641025643559801 -1.0490568834338709 -1.3444846190501274 -1.9442303204788465 -0.10781605753483299 -1.0577465376776021 1.0000000180025095e-35
decision_type=2 2 2 2 2 2 2 2 2 2 2 2 2 2 2 2 2 2 2 2 2 2 2 2 2 2 2 2 2 2
left_child=2 5 6 13 8 9 7 -1 15 14 -9 -7 21 -3 16 -5 -2 18 -12 -19 -20 28 23 -23 -10 -13 -21 -16 -4 -26
right_child=1 3 12 4 -6 11 -8 10 24 -11 17 25 -14 -15 27 -17 -18 19 20 26 -22 22 -24 -25 29 -27 -28 -29 -30 -31
leaf_value=-0.041437454128641638 0.023737690083505333 0.050895557514847624 0.068057290872530068 -0.013355610347640627 -0.022384012310386271 0.032772673686918982 -0.027382406816962621 0.027013202893910595 -0.0097520811987846234 -0.026370222375323438 0.036025414174846282 -0.0040470286304843516 0.0072297977211826922 0.022601909538495973 -0.047844327285406045 0.013023745885599156 -0.011457821808741227 -0.092524814063715793 0.0079756635238750744 0.026425102522111277 -0.041027596329313139 0.09830669365140228 -0.05657927530490392 -0.028154727420259908 0.032483403467540424 -0.047700359031652484 -0.010915933758656939 0.0042186568785932124 -0.10027130644060492 0.014407976756639053
leaf_weight=1272.5617632865906 4335.4792216867208 2364.992809265852 39.817355245351791 4511.0739325135946 2952.4263316690922 363.52049551904202 4528.0687231719494 2236.9475030750036 1427.9369375556707 1973.804627969861 1524.313071846962 812.98233120143414 786.40863147377968 8592.6817805618048 701.80824342370033 3565.9180857688189 1476.2206947058439 198.93730238080025 3434.1808474361897 876.53186222910881 637.76178714632988 77.541568979620934 1846.2338444590569 3891.0864784270525 4779.8908784687519 2621.261000007391 9204.992125838995 858.65409025549889 460.29059971868992 9382.6301695406437
leaf_count=5564 19039 12291 202 19249 13203 1593 20629 9729 6182 9434 6617 3746 3716 39547 3083 15139 6525 870 14768 4216 2799 324 10240 17723 20363 11322 39817 3822 2439 40073
internal_value=0 0.00786248 -0.0128976 0.0136042 0.00738669 -0.00855287 -0.00651833 -0.00164508 0.0111005 0.000427473 0.00115051 -0.0306527 -0.0343802 0.0287085 0.00760222 -0.00170937 0.0147977 -0.00249341 0.0100314 -0.00931138 0.000300603 -0.0395619 -0.0354932 -0.0256838 0.0177369 -0.0373664 -0.00766934 -0.0191963 -0.0868694 0.0205085
internal_weight=0 50721.3 31015.7 37577.6 26619.9 13143.7 23914.3 19386.2 23667.5 9345.97 18113.7 3797.76 7101.38 10957.7 7372.16 8076.99 5811.7 15876.7 5596.26 10280.5 4071.94 6314.97 5814.86 3968.63 15590.5 3434.24 10081.5 1560.46 500.108 14162.5
internal_count=364264 224611 139653 166047 114209 58564 105009 84380 101006 41903 78816 16661 34644 51838 32469 34388 25564 69087 24184 44903 17567 30928 28287 18047 66618 15068 44033 6905 2641 60436
is_linear=0
shrinkage=0.1


Tree=19
num_leaves=31
num_cat=0
split_feature=107 109 46 157 52 93 89 90 92 34 32 89 90 154 107 93 89 92 89 90 88 88 134 114 61 104 89 108 96 94
split_gain=725.063 612.13 449.94 349.379 240.937 230.514 214.963 240.05 185.499 187.319 182.267 177.402 258.614 174.701 162.335 160.644 152.076 146.273 144.377 139.481 171.008 138.663 135.731 126.804 123.394 122.786 120.585 117.123 102.696 103.494
threshold=0.074478259935277777 -1.0557526447533345 1.0000000180025095e-35 -0.21207925660674998 1.0000000180025095e-35 -1.2051402812619998 -1.0550395778043278 0.34291185820948306 -1.1024953717789232 1.0000000180025095e-35 1.0000000180025095e-35 -0.80076609379512653 -0.2625173559487049 1.0000000180025095e-35 2.0844318766654935 -1.3292879679368097 0.029235441976142057 -0.79632756644062519 -0.44010974948703313 -0.2625173559487049 -0.50664252773989416 -0.10781605753483299 -0.028709686504269239 0.37435893515563412 1.0000000180025095e-35 1.0000000180025095e-35 -0.2095110638680476 1.1845076482905963 -0.31004541422994231 1.298668572262452
decision_type=2 2 2 2 2 2 2 2 2 2 2 2 2 2 2 2 2 2 2 2 2 2 2 2 2 2 2 2 2 2
left_child=1 11 4 13 -3 -5 -7 8 9 -8 -2 -1 -13 18 16 -6 25 -18 -4 20 -20 -21 -17 -19 26 -12 -10 28 29 -9
right_child=10 2 3 5 15 6 7 27 24 -11 14 12 -14 -15 -16 22 17 23 19 21 -22 -23 -24 -25 -26 -27 -28 -29 -30 -31
leaf_value=0.00068176713960358131 -0.059557080581067873 0.00068700945786084487 -0.031549168260301311 -0.026874623820572971 -0.066095124840001893 -0.0095683540412325498 0.021205520696371133 -0.061692615030116797 0.020228807239718608 -0.047796049310477998 -0.030799949790293081 0.040566429424295766 0.01151178078355343 0.022292589717352485 -0.049239424663757449 -0.015032968154937662 0.025127417623726445 -0.0071334046505395418 -0.023628163444497734 -0.070162016412434525 0.037228658909784662 -0.0098852190182817778 -0.047428779841837625 -0.078478053384858887 -0.023847894272725541 0.025021555931932834 0.03888930269456508 -0.10204916434996976 0.0054961339596032201 0.073520491337314781
leaf_weight=3219.7929086983204 1147.6276788264513 6420.6545046269894 3246.0713683664799 1442.6429737359285 832.51141701638699 3244.2058756202459 913.41540987789631 421.13139216601849 7353.8829775154591 691.09446549415588 4639.4880974888802 6583.0990090221167 5730.0777724981308 1501.2070335000753 1449.1799018830061 7974.6858297437429 1455.8506510704756 3799.495955735445 709.41442960500717 423.04989497363567 1322.5600428134203 3899.5673678070307 1543.6469174921513 266.60196989774704 456.03327175974846 430.61977307498455 6545.0592198818922 116.77510267496109 3522.3405995070934 65.398548424243927
leaf_count=14969 5692 28145 14224 6427 3856 13938 3966 1857 31946 3012 21499 31610 25875 6473 7439 34824 6847 17541 3081 1839 5684 17075 6864 1277 1985 1932 28418 589 15098 282
internal_value=0 0.00413642 -0.00101049 0.00531064 -0.0145312 0.0119172 0.014316 0.0181739 0.0237323 -0.00851483 -0.0214781 0.0215806 0.0270455 -0.00943086 -0.0178488 -0.0239711 -0.013554 -0.00207245 -0.0143913 -0.00562666 0.015982 -0.0157844 -0.0202868 -0.0118113 0.0273367 -0.0260589 0.0290161 -0.00332799 -0.000452324 -0.0435175
internal_weight=0 68178.3 52645.3 35873.8 16771.5 24772 23329.3 20085.1 15959.5 1604.51 13188.9 15533 12313.2 11101.9 12041.2 10350.8 10592.1 5521.95 9600.66 6354.59 2031.97 4322.62 9518.33 4066.1 14355 5070.11 13898.9 4125.65 4008.87 486.53
internal_count=364264 302037 229583 155894 73689 107518 101091 87153 69327 6978 62227 72454 57485 48376 56535 45544 49096 25665 41903 27679 8765 18914 41688 18818 62349 23431 60364 17826 17237 2139
is_linear=0
shrinkage=0.1


Tree=20
num_leaves=31
num_cat=0
split_feature=7 34 107 90 99 109 37 60 88 109 88 92 145 107 37 109 90 109 89 92 37 156 93 107 109 45 140 148 93 154
split_gain=656.943 607.816 473.443 373.851 369.239 339.575 288.657 282.219 253.446 224.265 187.013 180.707 175.512 165.493 164.037 152.938 145.685 142.602 140.899 140.636 123.275 120.544 123.192 117.436 113.062 111.777 107.066 97.5469 96.2092 94.7115
threshold=1.0000000180025095e-35 1.0000000180025095e-35 -1.5097332478201733 0.34291185820948306 1.0000000180025095e-35 -1.3685118793375191 1.0000000180025095e-35 1.0000000180025095e-35 -0.83947001530448717 0.55164868647228837 -1.1167179506277971 -1.3200500936725348 1.0000000180025095e-35 1.2335218334508273 1.0000000180025095e-35 -0.0059412340163401273 -0.2625173559487049 -2.3377400424007937 -0.99262420023012243 -0.38481169905043949 1.0000000180025095e-35 1.0000000180025095e-35 0.25252479848878467 -2.5321573162540005 0.10704579822926964 1.0000000180025095e-35 0.22320579040074409 -0.21726930185875651 0.87026656356378684 1.0000000180025095e-35
decision_type=2 2 2 2 2 2 2 2 2 2 2 2 2 2 2 2 2 2 2 2 2 2 2 2 2 2 2 2 2 2
left_child=7 3 -3 8 5 -4 -7 9 20 12 27 -12 17 16 18 -5 -13 -1 -10 -6 -2 22 -19 -20 -15 -24 29 -8 -11 -16
right_child=1 2 4 15 19 6 10 -9 14 28 11 13 -14 24 26 -17 -18 21 23 -21 -22 -23 25 -25 -26 -27 -28 -29 -30 -31
leaf_value=0.047391862245454289 -0.014854215442211183 0.032036856079176133 0.013016140986330391 0.013151269958102924 -0.0065667018677738739 -0.037048535494689575 -0.13195668438414185 0.012115994867918617 -0.099738144856106603 -0.054109664920121162 -0.036014154478876521 0.0086405957545180323 -0.041618704092962373 -0.013133680122596254 0.038312170365218091 -0.020368743169132696 -0.011220027964547569 -0.034416241628676861 0.0795107263907011 0.025700604211227482 0.017234096121206563 0.022036423700584361 -0.0050179180201910933 0.017853352234380174 -0.070195683554621802 -0.08069565264008495 -0.015254570897318033 -0.039387050954530267 -0.00047734584155947652 0.071247386248954644
leaf_weight=407.6079431027174 2052.2775053530931 3485.6722725778818 4810.4224326014519 2383.319486156106 1975.4548206031322 5164.1566050201654 128.40966962277889 2719.4993020296097 98.402359217405319 2627.2234370559454 2043.9421157389879 7365.4101230055094 2247.3392822891474 831.10696582496166 6104.848211735487 3173.7134039402008 7408.3674823194742 2686.8927616775036 324.30910877883434 4271.2938706576824 2873.6375024616718 876.96342054009438 4947.7878131270409 6505.1094053983688 596.418192923069 203.18589359521866 329.84461013972759 1002.9487388134003 383.26913997530937 1018.8553791940212
leaf_count=1976 9151 15569 22360 10380 8834 23543 588 11979 432 12952 9491 32063 10142 3921 27612 14237 32626 11961 1483 19090 12929 3813 21564 28923 3412 898 1483 4489 1740 4623
internal_value=0 0.00464031 -0.00313582 0.0168634 -0.00657986 -0.0112783 -0.0160405 -0.0174258 0.0234418 -0.0230125 -0.0104415 -0.00799512 -0.0165866 -0.00446026 0.0301472 -0.00599256 -0.00131859 -0.0104198 0.0190694 0.0154965 0.00386518 -0.0131238 -0.0170578 0.0207813 -0.0369741 -0.00800311 0.0404437 -0.0498937 -0.0472817 0.0430227
internal_weight=0 63947.9 39083.6 24864.3 35597.9 29351.2 24540.8 17099.8 19307.3 14380.3 19376.6 18245.2 11369.8 16201.3 14381.4 5557.03 14773.8 9122.44 6927.82 6246.75 4925.92 8714.83 7837.87 6829.42 1427.53 5150.97 7453.55 1131.36 3010.49 7123.7
internal_count=364264 287239 175986 111253 160417 132493 110133 77025 86636 65046 86590 81513 50354 72022 64556 24617 64689 40212 30838 27924 22080 38236 34423 30406 7333 22462 33718 5077 14692 32235
is_linear=0
shrinkage=0.1


Tree=21
num_leaves=31
num_cat=0
split_feature=108 107 59 109 152 37 93 34 95 99 92 107 109 96 96 89 92 107 95 154 107 92 49 92 94 96 131 90 100 88
split_gain=609.959 461.761 406.979 361.746 356.481 217.454 207.461 197.274 152.841 147.353 145.518 138.581 135.8 129.533 122.509 143.672 116.601 127.368 116.088 119.188 113.419 112.169 107.17 105.966 104.579 154.213 101.795 99.5782 98.2833 128.419
threshold=0.74500467890529343 -2.2334223320798698 1.0000000180025095e-35 1.2047792829344144 -0.18535644264562148 1.0000000180025095e-35 0.30346815957258594 1.0000000180025095e-35 -0.95887350302818308 -1.0490568834338709 -1.3749188759912263 0.64636789882421974 -0.77848237215168925 -0.31004541422994231 -0.31004541422994231 -0.2095110638680476 1.2823762517029997 1.359764289657293 0.56882309323513958 3.0620736730156506 1.4463002808509884 1.2919782886087707 1.0000000180025095e-35 1.4187251757649479 0.97489857585494344 1.0000000180025095e-35 1.5298015106385019 0.96578378622413752 -1.7263393068772637 -0.76181304523977056
decision_type=2 2 2 2 2 2 2 2 2 2 2 2 2 2 2 2 2 2 2 2 2 2 2 2 2 2 2 2 2 2
left_child=1 21 3 4 5 24 13 23 -6 -8 11 -9 -12 -2 -4 -16 17 -10 19 -15 -5 -1 -18 27 25 -3 -20 -7 -11 -30
right_child=6 2 14 20 8 7 9 10 16 28 12 -13 -14 18 15 -17 22 -19 26 -21 -22 -23 -24 -25 -26 -27 -28 -29 29 -31
leaf_value=0.051554857784331588 -0.060328255834383962 -0.020687993666248114 -0.063958595168264978 -0.018894376120143917 -0.023411144931632554 0.040474329447861196 -0.030912831117030994 -0.049672759889605747 0.0067231977992069803 0.06144408456669434 0.030334310787616565 0.041799589545067101 0.0087138396681697063 -0.03561287186481029 -0.032466217112262268 -0.0018080856886121073 -0.055172746910884987 -0.036828700905367259 0.0019309725630054378 0.058956847295081966 -0.091558514819116268 0.015380738417257359 -0.0054454536418129945 -0.0043766336863073933 0.018820519278920415 0.0068440943074861912 -0.093862081410898315 -0.014409686827745394 -0.026684537576928149 0.0074820318582353718
leaf_weight=2370.4301187247038 1155.9247721135616 3139.2774148881435 605.729761749506 4114.3220644891262 3377.0179015398026 5891.5770374238491 1861.9221471250057 657.46802781522274 11048.295728310943 259.95936879515648 4191.7911436259747 221.39678457379341 9464.8825434744358 4437.5454428270459 2993.6571751832962 3123.3166729807854 659.1090786755085 714.95220553874969 1860.4302034825087 137.39545832574368 226.63859342038631 1342.7489356100559 1265.5681435167789 672.76338304579258 2969.4657089561224 5780.562812179327 117.96628458797932 350.22820423543453 1488.1974727660418 4218.2135407626629
leaf_count=10803 5977 13799 2736 18208 14927 26663 8731 2868 48497 1144 19662 1034 40846 22160 13394 13924 2878 3445 9081 631 1277 6248 5690 3184 13191 25474 616 1501 6712 18963
internal_value=0 0.00422852 0.00215983 0.00501124 0.00739678 0.0134135 -0.0178203 0.0194262 -0.00435789 -0.00635328 0.0128118 -0.0266298 0.01535 -0.0294643 -0.0210602 -0.0168122 0.000342832 0.00407618 -0.0240203 -0.0327727 -0.0226881 0.0384737 -0.0224747 0.0333306 0.00256569 -0.00284564 -0.0037809 0.0373948 0.001311 -0.0014284
internal_weight=0 65181.2 61468 54745.3 50404.4 33339.4 15537.6 21450.1 17064.9 7828.29 14535.5 878.865 13656.7 7709.26 6722.7 6116.97 13687.9 11763.2 6553.34 4574.94 4340.96 3713.18 1924.68 6914.57 11889.3 8919.84 1978.4 6241.81 5966.37 5706.41
internal_count=364264 290249 273198 243144 223659 148222 74015 95758 75437 35550 64410 3902 60508 38465 30054 27318 60510 51942 32488 22791 19485 17051 8568 31348 52464 39273 9697 28164 26819 25675
is_linear=0
shrinkage=0.1


Tree=22
num_leaves=31
num_cat=0
split_feature=108 48 109 99 109 157 59 93 89 93 95 37 88 96 34 92 92 108 154 152 109 90 89 117 91 91 87 126 154 92
split_gain=555.778 361.699 283.119 208.016 197.905 189.207 180.315 170.459 164.025 170.273 162.549 149.179 144.87 138.695 135.155 159.362 132.802 130.755 123.646 121.242 114.931 107.896 113.535 116.653 105.735 101.145 113.87 97.8655 97.7215 99.1803
threshold=-0.94349911069883685 1.0000000180025095e-35 -0.3943083284644045 1.0000000180025095e-35 -1.8453927230771292 -1.2947663863719761 1.0000000180025095e-35 -0.46325082951218804 -0.80753032190661667 -0.30485550513398235 -1.1469484619634085 1.0000000180025095e-35 -1.0925244331337403 0.97969483903567778 1.0000000180025095e-35 -0.397705862895332 -1.3568121778260582 -2.3937063810074317 1.0000000180025095e-35 0.086700768361559391 -2.3811038979975914 0.34291185820948306 0.2098710790443474 1.3469597717204767 -0.8919864132051144 0.98797371361208675 -0.041245259419549658 -0.11344206804191172 1.0000000180025095e-35 1.5893670887760785
decision_type=2 2 2 2 2 2 2 2 2 2 2 2 2 2 2 2 2 2 2 2 2 2 2 2 2 2 2 2 2 2
left_child=4 2 12 5 -1 -4 7 19 -3 -10 24 13 -2 -12 28 27 -14 -9 -19 -6 -18 22 23 -11 -7 -22 -27 -16 29 -13
right_child=1 8 3 -5 6 10 -8 17 9 21 11 14 16 -15 15 -17 20 18 -20 -21 25 -23 -24 -25 -26 26 -28 -29 -30 -31
leaf_value=0.042249691546175916 -0.030556492331118863 -0.045293310106835349 -0.033329791597524611 0.013966229319837369 7.3115103462469044e-06 0.011160818998386819 -0.019015016137320106 0.040503719639631397 -0.037000345911874774 -0.0043431229239620497 -0.024087314876172751 0.015309434872059092 -0.020496642078868615 0.0098639277295541408 0.016922520503211743 0.0068969297211830538 0.049066653555241119 0.0097535207731384091 0.0374600843337261 -0.05688039845356168 0.01546881661077619 -0.022575497935693405 0.020818401635092004 -0.070293329366475005 -0.038969278478150696 0.018331235810453463 -0.038408775238287923 -0.027331447173263954 0.056154978849525583 -0.058727982266234907
leaf_weight=2193.1841809302568 839.29225820302963 2085.9019882157445 3058.1783263087273 4223.0217018127441 1854.3943558931351 518.0933276116848 1863.7689996808767 2140.5982557535172 2631.2115755453706 3264.3110533058643 4993.0680230110884 3403.7997925728559 1153.7806087583303 1585.2518936395645 595.26134887337685 5206.5035664439201 914.81621286273003 10991.524799719453 1887.2542276382446 469.49399243295193 11731.911610901356 3165.1378160268068 1843.366441629827 292.21092510968447 2239.2954850494862 646.26375904679298 781.29069112241268 3113.3891553729773 563.71864093840122 191.0929452329874
leaf_count=12538 3587 9901 14229 18147 7990 2295 8224 10974 13292 14691 22341 14627 4935 6966 2806 22575 4435 49608 8655 2021 50753 15051 8207 1393 10136 2760 3338 14601 2387 801
internal_value=0 -0.00501947 -0.000802506 -0.00658896 0.0137912 -0.00999741 0.0105417 0.0137179 -0.0195473 -0.0147507 -0.00681328 -0.00362306 0.00989022 -0.0159057 0.00255719 -0.00438705 0.0121194 0.0176176 0.0138136 -0.0114857 0.0147932 -0.00791549 0.000677451 -0.00976172 -0.0295502 0.0124106 -0.0127222 -0.0202284 0.0174441 0.0113738
internal_weight=0 59040.2 45758 29690.7 21400.2 25467.7 19207 17343.3 13282.1 11196.2 22409.5 19652.1 16067.4 6578.32 13073.8 8915.15 15228.1 15019.4 12878.8 2323.89 14074.3 8565.03 5399.89 3556.52 2757.39 13159.5 1427.55 3708.65 4158.61 3594.89
internal_count=364264 264254 201719 131911 100010 113764 87472 79248 62535 52634 99535 87104 69808 29307 57797 39982 66221 69237 58263 10011 61286 39342 24291 16084 12431 56851 6098 17407 17815 15428
is_linear=0
shrinkage=0.1


Tree=23
num_leaves=31
num_cat=0
split_feature=7 34 107 90 93 109 60 89 45 109 157 37 121 108 37 109 88 90 109 93 133 109 88 142 87 107 154 46 37 107
split_gain=491.967 433.237 338.802 267.352 260.796 222.822 218.725 208.296 171.678 170.576 167.406 144.274 136.819 136.42 129.84 123.846 118.59 155.178 116.971 116.438 116.068 115.396 110.82 103.071 102.318 100.466 100.051 114.831 95.4132 93.3063
threshold=1.0000000180025095e-35 1.0000000180025095e-35 -1.2793144250735244 0.34291185820948306 -0.11392492493755067 -2.035209985334911 1.0000000180025095e-35 -1.0550395778043278 1.0000000180025095e-35 0.24004578983423439 -0.71540203599593544 1.0000000180025095e-35 0.92086728997970935 0.98251811260801014 1.0000000180025095e-35 -2.3377400424007937 -0.81814239657694376 -0.2625173559487049 1.1454240463493386 0.72385791238176966 1.1677574962928103 -0.0470549133308883 -1.2323647415509502 -0.60256153938888379 0.25447279211862378 -2.5321573162540005 1.0000000180025095e-35 1.0000000180025095e-35 1.0000000180025095e-35 1.4190211982983116
decision_type=2 2 2 2 2 2 2 2 2 2 2 2 2 2 2 2 2 2 2 2 2 2 2 2 2 2 2 2 2 2
left_child=6 3 -3 7 11 -6 9 -2 10 12 18 23 15 16 25 -1 28 -18 -7 -11 -15 -5 -13 -4 29 -9 27 -16 -12 -17
right_child=1 2 4 21 5 8 -8 14 -10 19 13 22 -14 20 26 24 17 -19 -20 -21 -22 -23 -24 -25 -26 -27 -28 -29 -30 -31
leaf_value=0.041168799851670296 -0.012988406690981422 0.023677708641054295 0.049819660907792163 0.012004562873433273 0.035776076966680975 -0.012222619567149637 0.010901813077385801 0.064751532112336946 -0.035918281057258257 -0.047914723667684567 -0.050653579758491274 -0.090579270690032271 -0.051908300780736862 -0.038823420431611015 0.0064351246060828458 -0.0057605350805702569 0.024528081998455898 0.0013838242917903398 -0.065327145426077302 -0.0072950375344315397 0.056411401593784494 -0.017326630965859034 -0.011001560774487246 -0.045536419946678772 -0.037912172331519785 0.011778871729330429 0.057185400563374303 0.034309142816358121 -0.0027417707402766413 -0.060291757761392929
leaf_weight=450.45512917637825 1737.4814534932375 4363.9623255133629 119.45061556994915 2314.1319401413202 1624.8944741040468 3637.3002728670835 2701.1640630215406 375.18426269292831 1444.9282240122557 2921.9743817821145 490.54511390626431 178.72397747635841 848.96858885884285 1088.7608725652099 1978.0128888934851 7349.5591280758381 5196.1588876545429 6547.1633567810059 468.16523744910955 930.41398654878139 145.01986312866211 3190.6987686604261 8396.5680558905005 2221.3756484985352 1353.1147955209017 7829.858431994915 1303.5740819275379 5846.1228455156088 2722.2246741652489 327.77004899084568
leaf_count=2237 7796 19699 580 10157 8245 16225 11979 1774 6543 14865 2176 855 3852 5240 8974 32106 23122 28728 2317 4278 714 14460 38997 10582 6088 35089 6048 26955 11963 1620
internal_value=0 0.00403612 -0.00256524 0.014417 -0.00590594 5.57874e-05 -0.0151787 0.0200209 -0.00261399 -0.020146 -0.00024289 -0.0186666 -0.0134486 0.00433059 0.0233298 -0.0100048 0.00696708 0.0116246 -0.0182784 -0.0381044 -0.0276294 -0.00499632 -0.0126601 -0.0406705 -0.0125574 0.0142011 0.0315358 0.0272623 -0.0100572 -0.00808865
internal_weight=0 63220.3 38645.2 24575.1 34281.3 23365.2 16883.4 19070.2 21740.3 14182.3 20295.3 10916.1 10329.9 16189.9 17332.8 9480.9 14956.1 11743.3 4105.47 3852.39 1233.78 5504.83 8575.29 2340.83 9030.44 8205.04 9127.71 7824.14 3212.77 7677.33
internal_count=364264 287239 175986 111253 156287 105273 77025 86636 97028 65046 90485 51014 45903 71943 78840 42051 65989 51850 18542 19143 5954 24617 39852 11162 39814 36863 41977 35929 14139 33726
is_linear=0
shrinkage=0.1


Tree=24
num_leaves=31
num_cat=0
split_feature=93 99 59 109 20 37 34 95 107 109 107 96 92 135 108 32 117 88 157 112 157 96 108 109 109 87 107 93 88 92
split_gain=426.657 397.75 369.649 306.3 242.924 230.062 177.67 149.973 145.516 134.263 131.229 129.671 138.844 124.898 118.331 117.47 108.313 108.213 105.469 104.9 100.614 100.143 103.799 100.132 99.6784 95.4982 93.762 97.9107 91.2804 89.2414
threshold=-0.6627433191344686 1.0000000180025095e-35 1.0000000180025095e-35 -0.71122507768639398 1.0000000180025095e-35 1.0000000180025095e-35 1.0000000180025095e-35 1.5758490137093644 0.8915345733139225 -2.2946638900468459 -2.187092709346893 -0.4390194395565043 1.3778479329375231 -0.11479272094908345 -2.2672925091863894 1.0000000180025095e-35 1.2137484793623026 -0.8569542194071712 -1.2657981688531741 0.039517041604973338 -1.181307534423335 0.33482471240286776 0.1758512660058896 0.68832512665527179 1.6522043562403537 -0.1043585930649731 0.83729307824584442 -3.0408136621640156 -1.0925244331337403 1.185807194822103
decision_type=2 2 2 2 2 2 2 2 2 2 2 2 2 2 2 2 2 2 2 2 2 2 2 2 2 2 2 2 2 2
left_child=8 2 3 9 5 13 16 17 15 -2 -4 -11 19 18 -3 26 29 -8 -5 -13 -19 22 -15 -16 -17 -10 -1 -28 -23 -7
right_child=1 14 10 4 -6 6 7 -9 25 11 -12 12 -14 21 23 24 -18 20 -20 -21 -22 28 -24 -25 -26 -27 27 -29 -30 -31
leaf_value=-0.061320791392820373 0.039904335186440765 0.047380640595393597 0.036450253565841348 -0.038058306035010953 -0.092815357023356068 0.023827480692234164 -0.022852625792643199 0.029120364301708231 -0.01774421256953394 -0.018184157065535136 -0.028183492167004488 0.02377787829832665 -0.016303626493682288 -0.01574874674728052 0.020224619682355213 -0.0088072682168429239 -0.034406893103730567 -0.028087217792916008 -0.0021551674938864009 0.0019585809778875354 0.0024905846190419788 -0.12537765625885994 -0.056039652163069623 -0.0071106628776365869 -0.070346243752964041 -0.067850084032867339 0.46181778493416037 -0.14767593437877402 -0.0020408913785580868 -0.0045940898726150948
leaf_weight=600.4508688673377 1766.1839706748724 1364.4667721688747 333.30658261477947 915.80320365726948 297.9593678638339 6152.2453262284398 2906.6725164726377 1356.0725894421339 661.64001131057739 1403.7947342246771 5460.5957183167338 7845.0753711313009 1353.8488359749317 1108.0289833843708 8781.0056568682194 8668.5179446488619 404.39016511291265 1217.0675348117948 7677.3506187796593 3063.9590926915407 9289.424185462296 62.512987956404686 1511.8623893484473 1581.4070029780269 271.45119354128838 894.81242743134499 6.9519024640321732 4.2451307103037816 1496.1053348705173 1346.571764215827
leaf_count=2960 9162 7289 1523 4219 1347 27242 13033 6004 3457 6224 25047 35939 6379 4762 39231 39700 1836 5691 34006 13756 41501 289 7594 7007 1394 4891 41 24 6726 5990
internal_value=0 0.00292674 -0.000525589 0.00218481 -0.00289888 -0.002143 0.0039038 -0.00257181 -0.0181968 0.0139585 -0.0244653 0.0106054 0.0139011 -0.0128774 0.0196981 -0.0135766 0.0160052 -0.0057759 -0.00598149 0.0176496 -0.00105154 -0.0270588 -0.0389994 0.016053 -0.0106758 -0.0465503 -0.0559742 0.23074 -0.00698768 0.0187238
internal_weight=0 68695.7 56968.8 51174.9 35742.1 35444.1 22672.4 14769.2 11108.1 15432.9 5793.9 13666.7 12262.9 12771.7 11726.9 9551.62 7903.21 13413.2 8593.15 10909 10506.5 4178.51 2619.89 10362.4 8939.97 1556.45 611.648 11.197 1558.62 7498.82
internal_count=364264 311797 258270 231700 160240 158893 101297 66229 52467 71460 26570 62298 56074 57596 53527 44119 35068 60225 38225 49695 47192 19371 12356 46238 41094 8348 3025 65 7015 33232
is_linear=0
shrinkage=0.1


Tree=25
num_leaves=31
num_cat=0
split_feature=48 157 90 88 89 90 90 107 107 109 32 88 92 89 94 107 108 90 96 157 52 75 92 95 88 34 149 99 109 155
split_gain=397.596 310.301 282.927 324.824 195.511 283.381 222.012 194.279 176.485 158.323 158.141 150.877 149.206 142.991 140.621 139.872 131.893 131.765 130.388 127.651 140.343 124.883 128.322 141.737 122.28 119.376 112.402 107.467 104.394 93.2012
threshold=1.0000000180025095e-35 -0.23139140161928468 0.34291185820948306 -0.80609562443630789 -0.46562933736220086 -0.51483147737903978 -0.2625173559487049 -1.0853529718532993 -2.3641025643559801 1.0051839317458644 1.0000000180025095e-35 -0.17509802973938002 -0.022677735747076107 -0.28637729240770943 -0.5366447788018236 1.0030724066592245 0.82772079786743114 0.39686806710275074 -0.31004541422994231 -1.5953116431295473 1.0000000180025095e-35 1.0000000180025095e-35 -1.3200500936725348 -0.052154227319412043 -0.16194044412335126 1.0000000180025095e-35 -0.081733210610121468 1.0000000180025095e-35 1.1454240463493386 2.9615497904418273
decision_type=2 2 2 2 2 2 2 2 2 2 2 2 2 2 2 2 2 2 2 2 2 2 2 2 2 2 2 2 2 2
left_child=1 7 3 13 5 -5 11 -1 -2 12 -9 -6 16 21 -15 27 -10 -4 -19 -18 -21 22 23 -3 -8 -12 28 -14 -27 -20
right_child=8 2 17 4 6 -7 24 10 9 -11 25 -13 15 14 -16 -17 19 18 29 20 -22 -23 -24 -25 -26 26 -28 -29 -30 -31
leaf_value=0.016183143032406495 0.044579115102279375 -0.078615801504963459 -0.050446975722475244 0.01893509546676957 0.027187367677319385 -0.02779527120078587 -0.013676940149056203 -0.050507982767397444 0.010191071456369742 -0.042854648645239093 0.002261484850438446 0.055547266379521433 -0.021837116762643188 -0.11196760958917865 -0.018623238678130441 -0.06133766599727454 0.044788273057422237 -0.041745462158932878 -0.0018933716524923681 0.0067288022177396899 -0.064884073560912511 0.023388290029508034 2.2737662483635769e-05 0.038626020268315422 0.018223213414284598 -0.0061983118869146769 -0.03804063952769135 0.0085041437655820392 -0.041257492013166905 0.069323721001418606
leaf_weight=3188.9610711038113 500.22438398003578 418.11258651316166 689.27252380549908 3938.8694198280573 6943.2899942547083 1935.2971908301115 1500.3557696416974 942.35677369683981 4001.1544974669814 1897.0911364927888 6418.086628742516 2570.3841732442379 6389.227327466011 199.6324401050806 842.46445114910603 756.04046408832073 217.88545501232147 837.6409262791276 6137.6497778669 432.92609685659409 743.860510379076 2225.6426367238164 8003.5108527615666 136.86880715191364 6035.1346884295344 7274.2777501866221 1774.2306181713939 1428.3378034234047 961.59067329764366 189.4323632568121
leaf_count=14150 2272 1927 3097 18062 32270 8808 6683 4429 18346 10397 28759 12107 28863 913 3822 3955 1152 3847 27420 2214 3957 10014 36076 622 27004 32718 8296 6374 4877 833
internal_value=0 0.00358519 0.00845423 0.0123284 0.0192728 0.00353935 0.0246937 -0.00650447 -0.0139042 -0.015748 -0.0106696 0.0348496 -0.0120668 -0.00113218 -0.036505 -0.0202656 0.000960583 -0.00868706 -0.0046696 -0.0255206 -0.0385385 0.00228599 -0.00320168 -0.0497018 0.0118717 -0.00838434 -0.01521 -0.0162935 -0.0102917 0.000238863
internal_weight=0 63163.1 42603.6 34749.6 22923.3 5874.17 17049.2 20559.5 16366.7 15866.5 17370.5 9513.67 13969.4 11826.2 1042.1 8573.61 5395.83 7854 7164.72 1394.67 1176.79 10784.1 8558.49 554.981 7535.49 16428.2 10010.1 7817.57 8235.87 6327.08
internal_count=364264 286734 193505 158308 104934 26870 78064 93229 77530 75258 79079 44377 64861 53374 4735 39192 25669 35197 32100 7323 6171 48639 38625 2549 33687 74650 45891 35237 37595 28253
is_linear=0
shrinkage=0.1


Tree=26
num_leaves=31
num_cat=0
split_feature=154 7 88 90 108 88 109 89 76 30 157 90 2 88 90 94 89 109 152 35 92 90 89 59 41 37 88 157 147 91
split_gain=384.525 363.249 274.67 355.616 221.72 216.217 195.65 152.869 133.007 131.211 130.978 121.502 126.458 119.364 156.688 116.263 109.059 105.901 112.94 104.348 177.844 100.456 127.326 97.3428 96.6033 93.4222 88.1123 87.8465 87.373 87.3639
threshold=1.0000000180025095e-35 1.0000000180025095e-35 -1.1285592222754854 0.34291185820948306 -1.7277080855724056 0.49071801334373805 0.82163031275188203 0.029235441976142057 1.0000000180025095e-35 1.0000000180025095e-35 -0.90852348612128242 -0.2625173559487049 1.0000000180025095e-35 -0.2582313102377834 -0.2625173559487049 -0.79288560453005152 1.02311577699397 -1.3444846190501274 -0.23933604800418914 1.0000000180025095e-35 -1.3749188759912263 1.5563909302107481 0.040611643800012011 1.0000000180025095e-35 1.0000000180025095e-35 1.0000000180025095e-35 0.44612440637409068 -0.043097987747071374 -0.14183757825198204 0.98797371361208675
decision_type=2 2 2 2 2 2 2 2 2 2 2 2 2 2 2 2 2 2 2 2 2 2 2 2 2 2 2 2 2 2
left_child=1 8 -3 4 -4 -5 7 11 10 21 -1 12 23 16 -15 -8 -9 -10 -19 20 -2 22 -7 -6 -11 -22 -16 -18 -27 -12
right_child=19 2 3 5 6 9 15 13 17 24 29 -13 -14 14 26 -17 27 18 -20 -21 25 -23 -24 -25 -26 28 -28 -29 -30 -31
leaf_value=-0.040868586468730872 -0.05472188116020818 -0.029115970634752741 0.026595117612458797 -0.05069945891863431 0.0044570670752499342 -0.030137038815277097 -0.040479157344615914 0.0093921158836591436 -0.00024663011242645927 -0.02198480739416573 0.0025974265112481305 -0.012003061220581191 0.021933557301215465 0.04877293863990767 0.0078918109319544572 -0.0049811841429861217 -0.11271926522833516 -0.020276219767104812 -0.048343662423824277 0.030047061704303348 -0.01038379186173702 -0.020922374716496966 0.0082740276713170104 -0.027333415808237532 -0.087527972036677393 0.027317012778504027 0.041537029807712608 -0.015281789170240853 -0.01079171428931121 -0.030430853654139639
leaf_weight=1009.900185123086 401.51460414379835 2855.8874236941338 5294.0250423103571 1269.9906614795327 9490.4046290069818 995.32481244951487 1227.2609743326902 2202.6180072873831 1271.3347734957933 1828.7159674838185 5562.2812535464764 4359.0423373281956 4094.0140271261334 2017.2889634519815 3544.2952656149864 3717.2583812922239 134.23930039256811 3410.739559032023 2473.2332296445966 4255.9297371059656 1210.8676477149129 2251.8476871326566 6490.6974662989378 1071.980573348701 256.40202122181654 3637.9030717983842 997.42446005344391 297.78020717203617 720.83942494541407 935.5710097849369
leaf_count=4824 1894 13013 27408 5887 42253 4545 6028 9815 5878 8513 25214 19180 18320 9179 15527 17434 600 15554 11991 19456 5583 10614 29617 4780 1218 16543 4361 1313 3274 4448
internal_value=0 -0.00269412 0.00107133 0.00274402 0.00759133 -0.0114901 0.00455677 0.00777297 -0.0166631 -0.00727838 -0.00736516 0.00265431 0.00701364 0.01836 0.0255816 -0.013792 0.000381561 -0.0264189 -0.0320739 0.0180825 0.00955474 -0.0024036 0.00316698 0.00123064 -0.0300445 0.0141885 0.0152808 -0.0455581 0.0210147 -0.00215804
internal_weight=0 69059.6 54396.5 51540.6 38447.6 13093 33153.6 28209.1 14663.1 11823 7507.75 19015.4 14656.4 9193.65 6559.01 4944.52 2634.64 7155.31 5883.97 10227.1 5971.12 9737.87 7486.02 10562.4 2085.12 5569.61 4541.72 432.02 4358.74 6497.85
internal_count=364264 317514 249605 236592 176198 60394 148790 125328 67909 54507 34486 84533 65353 40795 29067 23462 11728 33423 27545 46750 27294 44776 34162 47033 9731 25400 19888 1913 19817 29662
is_linear=0
shrinkage=0.1


Tree=27
num_leaves=31
num_cat=0
split_feature=107 109 59 135 37 35 92 88 99 109 92 96 88 87 154 107 32 92 90 137 104 95 148 127 89 90 52 34 157 95
split_gain=347.519 310.152 302.035 294.75 233.84 166.746 171.916 155.518 151.811 151.741 140.973 139.675 117.895 112.586 104.135 102.095 100.925 111.48 104.958 100.825 99.974 96.5853 136.991 93.4212 92.0176 99.2123 88.4393 108.77 91.2258 88.29
threshold=-2.5953737915384516 -2.1233080352556093 1.0000000180025095e-35 0.0066565406291650272 1.0000000180025095e-35 1.0000000180025095e-35 -1.3749188759912263 -1.1167179506277971 -1.0490568834338709 1.6180852224263995 1.4187251757649479 0.33482471240286776 0.55600052129257793 0.22297997287673696 1.0000000180025095e-35 1.9451118413224926 1.0000000180025095e-35 1.2404016332292009 -0.51483147737903978 -0.24318567366983571 1.0000000180025095e-35 0.12338240102013172 -0.1072024666818281 -2.6194818144713365 -0.48561455678251292 0.34291185820948306 1.0000000180025095e-35 1.0000000180025095e-35 1.015448960752487 1.3033053012874412
decision_type=2 2 2 2 2 2 2 2 2 2 2 2 2 2 2 2 2 2 2 2 2 2 2 2 2 2 2 2 2 2
left_child=-1 -2 3 4 11 6 12 -5 13 14 21 15 -6 23 20 19 18 26 -10 24 -8 22 -7 -9 -3 -26 27 -18 -28 -15
right_child=1 2 -4 7 5 10 9 8 16 -11 -12 -13 -14 29 -16 -17 17 -19 -20 -21 -22 -23 -24 -25 25 -27 28 -29 -30 -31
leaf_value=0.043445440975620836 0.026443858165827866 -0.027450295438464264 -0.020634183129675729 -0.051038873680049127 -0.047873739467141845 0.016963648976579083 0.0019648051349604729 0.086252770547363189 -0.01607248645363691 -0.057144585796774644 -0.018773964230264017 0.0042662023704551242 0.016113076952529511 -0.06799785588542176 0.027415445852167333 -0.08710092143253638 0.030831185147926394 -0.029400639989044016 -0.08357746623174378 -0.051311087728299912 0.025175549523123533 0.037280333593482651 -0.18526032022590755 -0.019369634775347679 0.0074787890817119814 -0.019417739918196175 -0.00084146876854169789 -0.00027280323970517369 -0.028670943650012982 0.006647609505689038
leaf_weight=1798.1546297967434 3902.7814190909266 2073.2815160080791 8151.9089829474688 902.11278392374516 996.11575219035149 5023.6459727808833 13214.96323274076 88.042648509144783 1055.0896504819393 361.73761212080717 828.63491508364677 8022.1083601638675 405.03196157515049 901.63043442368507 2451.8648825138807 187.15723171830177 1803.9052123278379 1365.2873881906271 294.6500945687294 618.37037733197212 2158.8613379597664 3469.3057631552219 33.723465114831924 1713.5627553537488 3554.7346265092492 2232.8818927034736 6837.5089950114489 2984.1737598851323 1423.046469271183 192.23904617130756
leaf_count=8646 20241 9358 37940 4176 4699 22803 59575 406 4890 1806 3889 35928 1935 4531 11000 1061 8111 6150 1494 2875 9742 15973 155 8117 15965 10316 31425 13710 6409 938
internal_value=0 -0.00102511 -0.00248676 -0.000217577 0.00418479 0.00962046 0.00437508 -0.0104874 -0.00852685 0.00697531 0.0206035 -0.00524261 -0.029377 -0.0295731 0.0082765 -0.0140445 -0.00466107 -0.00221255 -0.0308089 -0.012432 0.00522416 0.0244302 0.0156152 -0.014208 -0.00937356 -0.00289798 0.000632159 0.0114456 -0.00563565 -0.0548795
internal_weight=0 77248.4 73345.6 65193.7 45632.4 28943.9 19588.6 19561.2 18659.1 18187.4 9355.31 16688.5 1401.15 2895.47 17825.7 8666.43 15763.7 14413.9 1349.74 8479.27 15373.8 8526.68 5057.37 1801.61 7860.9 5787.62 13048.6 4788.08 8260.56 1093.87
internal_count=364264 355618 335377 297437 207080 131577 88757 90357 86181 82123 42820 75503 6634 13992 80317 39575 72189 65805 6384 38514 69317 38931 22958 8523 35639 26281 59655 21821 37834 5469
is_linear=0
shrinkage=0.1


Tree=28
num_leaves=31
num_cat=0
split_feature=93 108 152 154 88 90 88 95 88 107 108 89 30 88 92 52 109 104 96 107 95 107 45 107 109 133 107 126 95 61
split_gain=329.355 220.085 200.539 169.247 140.419 184.037 206.178 147.662 135.103 114.355 113.268 110.71 108.239 118.542 101.034 165.163 129.201 100.06 99.9843 98.8976 90.5703 88.4687 85.6812 85.5834 85.3491 106.438 90.0811 84.3754 84.2455 94.736
threshold=0.38694677647461323 0.74500467890529343 -0.18535644264562148 1.0000000180025095e-35 -0.80609562443630789 -0.2625173559487049 -0.3951113007430716 -0.95887350302818308 -1.1167179506277971 -2.5953737915384516 -1.7277080855724056 1.2361889625059126 1.0000000180025095e-35 -0.19939707451359936 1.3778479329375231 1.0000000180025095e-35 -0.33355117977307874 1.0000000180025095e-35 -0.31004541422994231 2.194857521408426 -0.88562325586393742 2.2656221321641499 1.0000000180025095e-35 2.1039429853131084 -0.16000213924565801 0.99635648306045332 1.348878583028885 0.31268363726629705 1.3435599416209456 1.0000000180025095e-35
decision_type=2 2 2 2 2 2 2 2 2 2 2 2 2 2 2 2 2 2 2 2 2 2 2 2 2 2 2 2 2 2
left_child=1 4 3 8 7 6 24 -1 -2 -10 -11 -8 13 -7 15 -12 -17 -18 -3 22 -14 -15 27 -24 -6 26 -26 -4 29 -16
right_child=2 18 19 -5 5 12 11 -9 9 10 14 -13 20 21 28 16 17 -19 -20 -21 -22 -23 23 -25 25 -27 -28 -29 -30 -31
leaf_value=-0.0439893829082827 -0.021045509272767295 -0.048384649354077235 0.00094332045571502744 0.031398398778645524 0.014951011626910633 -0.035709406830645211 0.036805700806769918 -0.0077860349080274673 0.049137478128725966 0.026351857913457368 0.022651633448363268 -0.069931330502434413 -0.057638686590937127 0.0018428506652970488 -0.020750874930038299 0.015359911935755685 -0.013572486510921212 0.023113874776230694 -0.016750109197295495 -0.072829502103774493 -0.013554926699139554 -0.073252014465554779 -0.043908113884942444 0.26581596361489918 -0.0013207060241529405 -0.078553492207001391 -0.090236045947850257 -0.040118574452315481 0.021364567228343484 -0.14943948645990499
leaf_weight=1425.1236266568303 1475.6640698760748 1166.5209654569626 13090.329920187593 3655.5420161038637 2496.8905452564359 968.32985043525696 2967.2541928589344 5378.3112372085452 730.07753230631351 3134.9036668092012 5381.6812272742391 100.46536636352539 641.91000807285309 10972.294349223375 1605.138658747077 3765.6081766039133 5139.060839548707 869.18746319413185 6961.3050220757723 201.38443231582642 1701.0784249082208 159.15608616173267 591.13160441070795 9.0582427382469159 2840.5540627092123 210.05908143520355 118.70243697613478 520.31461130082607 502.98577091097832 59.319199115037918
leaf_count=6544 6614 6500 59544 16958 11667 4327 13613 24370 3625 16583 23930 452 2920 49040 7116 16985 22655 3806 35567 1129 7711 894 2723 53 12500 960 648 2378 2190 262
internal_value=0 -0.00669494 0.00623901 0.0114314 -0.00273801 0.000969942 0.012429 -0.0153696 0.00821077 0.0102484 0.00886053 0.0333101 -0.00595963 -0.00215018 0.00569516 0.00858325 0.000836913 -0.00826523 -0.0212904 -0.0032431 -0.0256326 0.000769154 -0.00225698 -0.0392337 0.00112375 -0.00976982 -0.0048873 -0.000626414 -0.0144994 -0.0253372
internal_weight=0 38108 40731.4 26319.2 29980.1 23176.7 8733.93 6803.43 22663.6 21188 20457.9 3067.72 14442.8 12099.8 17323 15155.5 9773.86 6008.25 8127.83 14412.2 2342.99 11131.5 14210.8 600.19 5666.21 3169.32 2959.26 13610.6 2167.44 1664.46
internal_count=364264 177713 186551 120724 135646 104732 39840 30914 103766 97152 93527 14065 64892 54261 76944 67376 43446 26461 42067 65827 10631 49934 64698 2776 25775 14108 13148 61922 9568 7378
is_linear=0
shrinkage=0.1


Tree=29
num_leaves=31
num_cat=0
split_feature=99 109 30 35 95 52 92 37 156 88 7 60 109 87 93 61 104 107 93 134 110 22 92 88 49 93 154 32 150 91
split_gain=286.727 275.958 241.632 235.705 185.567 166.742 188.035 140.97 128.661 119.969 107.483 112.119 105.609 105.564 110.236 101.138 98.7422 106.821 108.635 96.7762 94.6376 94.5148 100.086 181.271 175.395 88.521 99.018 94.721 88.299 89.5263
threshold=1.0000000180025095e-35 -1.3685118793375191 1.0000000180025095e-35 1.0000000180025095e-35 -1.1568471440126309 1.0000000180025095e-35 1.4187251757649479 1.0000000180025095e-35 1.0000000180025095e-35 -1.3118434457153112 1.0000000180025095e-35 1.0000000180025095e-35 -2.3811038979975914 -0.248127383187464 -0.61308424446454468 1.0000000180025095e-35 1.0000000180025095e-35 -0.60594746274394728 0.29619053656061428 0.20038253171915818 1.867455976160697 1.0000000180025095e-35 -0.60318945267883139 0.28066873921432051 1.0000000180025095e-35 0.1951600053355966 1.0000000180025095e-35 1.0000000180025095e-35 1.0000000180025095e-35 0.82443359888447987
decision_type=2 2 2 2 2 2 2 2 2 2 2 2 2 2 2 2 2 2 2 2 2 2 2 2 2 2 2 2 2 2
left_child=1 12 3 4 16 6 20 19 10 -9 11 -7 -1 -4 -15 -12 17 18 -3 -6 -5 22 23 -11 -24 27 -27 -2 29 -16
right_child=25 2 13 5 7 8 -8 9 -10 21 15 -13 -14 14 28 -17 -18 -19 -20 -21 -22 -23 24 -25 -26 26 -28 -29 -30 -31
leaf_value=0.034975310559237353 -0.052500263267658047 -0.056753164031015546 0.0038497665001708727 0.027320990538742703 -0.015593958071661649 -0.031579300176648117 -0.019778122992700445 -0.095892397086789344 0.029911962967728686 -0.025499472968201743 0.0034935626765138293 0.0078705323952901803 0.0076152600531403623 -0.057498185680079687 -0.020910061224549203 -0.056318656132062696 0.030210789692064501 -0.045430386104834519 0.05155962717697167 -0.057042812452782601 -0.041262898668030061 -0.086900512386412235 -0.015832488967001162 0.01126067657210791 0.011443906307299297 0.015361267422077069 0.047392086130859518 0.0062159011722036014 0.010601320703028572 -0.059949696605696393
leaf_weight=1666.6596616581082 291.92834111303091 148.66061082482338 1335.6503835320473 5664.1551236435771 4377.1488168090582 2363.3530381321907 1122.8641363382339 135.11304007470608 1194.4522733688354 3558.1350421309471 8292.7741026133299 1036.3350287228823 9189.8955063894391 1003.4486632496119 4159.2406864091754 292.68265128135681 232.89814161509275 2413.9443224072456 245.55519437789917 646.50533689558506 208.60593394190073 128.11261618882418 3181.1177451387048 2153.2392945215106 9104.8107710108161 7265.5079997479916 1112.9512135535479 4667.8967738524079 742.92526208609343 684.00964671373367
leaf_count=8903 1372 658 6088 25487 20663 11237 4994 640 5357 16783 37104 4621 43844 5103 18895 1376 1048 11607 1056 3246 959 598 14898 10297 40214 33934 5321 21185 3461 3315
internal_value=0 -0.0027418 -0.0056456 -0.00289484 -0.00912757 0.00523782 0.017716 -0.00609336 -0.0013855 -0.00201218 -0.00450463 -0.0195537 0.0118155 -0.0217853 -0.0269813 0.00145453 -0.0323593 -0.0375487 0.0107144 -0.0209281 0.0248848 -0.00131236 -0.000703108 -0.0116406 0.0043814 0.0133481 0.0196161 0.00275995 -0.0214995 -0.0264236
internal_weight=0 65282.3 54425.7 46500.5 26325.2 20175.2 6995.63 23284.2 13179.6 18260.5 11985.1 3399.69 10856.6 7925.27 6589.62 8585.46 3041.06 2808.16 394.216 5023.65 5872.76 18125.4 17997.3 5711.37 12285.9 13338.3 8378.46 4959.83 5586.18 4843.25
internal_count=364264 302452 249705 212843 121708 91135 31440 107339 59695 83430 54338 15858 52747 36862 30774 38480 14369 13321 1714 23909 26446 82790 82192 27080 55112 61812 39255 22557 25671 22210
is_linear=0
shrinkage=0.1


Tree=30
num_leaves=31
num_cat=0
split_feature=107 108 109 46 127 107 89 90 95 88 89 89 157 107 140 109 156 157 107 92 92 20 100 157 139 89 52 92 89 90
split_gain=265.776 249.055 232.63 236.124 193.878 167.443 158.839 198.044 157.349 144.274 129.494 128.655 114.838 95.5174 95.0021 93.2791 94.7378 92.0004 87.3012 105.225 93.8235 87.1693 90.4277 88.9195 95.9529 87.1283 83.3562 111.163 97.043 89.0076
threshold=-2.2334223320798698 -2.3612433449312884 0.96917552424031972 1.0000000180025095e-35 0.4611277065679843 0.97961828012897212 -0.77647636557659327 -0.2625173559487049 1.2914268828283744 -0.50430981944156905 0.14130640318696905 -0.50498484637450758 0.078809927644553912 -1.3585219888788007 0.22320579040074409 -2.2564179043963182 3.8941364329716257 -1.3659799211056978 0.074377827176704117 1.2618004583334905 -0.94063246393878364 1.0000000180025095e-35 -2.3335165414558245 -1.2078617338155702 -0.10006788098930704 -1.0550395778043278 1.0000000180025095e-35 1.4831959949894105 -0.12680300195937147 -1.2856699107243288
decision_type=2 2 2 2 2 2 2 2 2 2 2 2 2 2 2 2 2 2 2 2 2 2 2 2 2 2 2 2 2 2
left_child=25 -2 3 8 5 6 14 9 15 12 17 -11 -8 -12 18 -3 26 -9 19 -5 -20 23 -23 -4 -25 -1 27 28 -17 -28
right_child=1 2 21 4 -6 -7 7 10 -10 11 13 -13 -14 -15 -16 16 -18 -19 20 -21 -22 22 -24 24 -26 -27 29 -29 -30 -31
leaf_value=-0.012509371029912113 0.027353244895947839 0.022983693739450833 -0.039742423148973416 -0.0074607715130029619 -0.026228239082278084 -0.017949678016991117 -0.0092990849332871463 -0.050434379978223712 0.01085229005408604 -0.029108202692396952 0.039901820435848549 0.033577161046790538 0.018857710854936705 0.0067793926966045436 -0.098721695932204076 -0.015148830352743687 0.043973026141987226 -0.0051082488900218862 -0.023085689310776009 -0.056061721649844236 0.0089273970585951792 0.27376743722969415 -0.14530803554427504 -0.034969851639935011 -0.0068720736722326621 0.031128051227618234 -0.17558378437078087 -0.048092604304115952 0.011311543285360541 -0.020134508872303003
leaf_weight=528.31563651561737 2904.3731961175799 699.94823050498962 1376.6330337822437 1810.9520203247666 2009.0426207333803 2799.3986407071352 2181.7320020794868 493.31729330122471 3356.6505613178015 345.27704313397408 971.3563626408577 6327.976573958993 4310.0440000891685 8396.7726240754128 105.53029042482376 2718.7982655316591 274.66677744686604 4854.2970836758614 1120.2394476234913 590.81495654582977 5009.0766153484583 5.5062780529260626 79.338215857744217 1499.9974703043699 6405.479774557054 3416.085165143013 36.965341813862324 568.43069665879011 2827.4470136314631 10372.229787811637
leaf_count=2387 15793 3559 7356 8014 9193 13908 9813 2208 15248 1551 4256 29433 19770 37156 486 12351 1224 21484 4992 2583 22345 25 422 7582 31443 16483 171 2522 12934 47572
internal_value=0 -0.00135329 -0.00251859 -0.000305466 0.00407214 0.00562046 0.00742733 0.011098 -0.00897998 0.0200087 0.00312637 0.0303338 0.00939488 0.0102138 -0.00442243 -0.0127843 -0.0142747 -0.00928958 -0.00325594 -0.0194162 0.00307645 -0.01721 -0.118111 -0.0162877 -0.0122034 0.0252832 -0.0152429 -0.00597597 -0.00165947 -0.0206865
internal_weight=0 74452.3 71547.9 62181 41325.8 39316.8 36517.4 27880.8 20855.1 13165 14715.7 6673.25 6491.78 9368.13 8636.61 17498.5 16798.5 5347.61 8531.08 2401.77 6129.32 9366.95 84.8445 9282.11 7905.48 3944.4 16523.9 6114.68 5546.25 10409.2
internal_count=364264 345394 329601 282773 187192 177999 164091 125671 95581 60567 65104 30984 29583 41412 38420 80333 76774 23692 37934 10597 27337 46828 447 46381 39025 18870 75550 27807 25285 47743
is_linear=0
shrinkage=0.1


Tree=31
num_leaves=31
num_cat=0
split_feature=7 108 88 90 88 89 89 89 60 89 93 157 30 59 107 95 90 90 157 88 155 134 90 89 93 89 89 123 108 139
split_gain=238.509 216.706 187.915 188.291 201.041 194.122 182.751 143.069 129.646 123.936 118.817 118.642 116.916 113.367 113.013 112.762 107.423 146.995 122.613 117.749 107.843 102.454 100.066 129.606 98.8763 95.29 93.9286 91.5616 88.864 86.1028
threshold=1.0000000180025095e-35 -1.0932896149943894 -1.0618548730781425 -0.2625173559487049 -0.56357727242115641 -0.28637729240770943 -0.26331742384581086 -0.44010974948703313 1.0000000180025095e-35 -0.92805656825680649 0.81975129795127799 -0.21207925660674998 1.0000000180025095e-35 1.0000000180025095e-35 1.4190211982983116 -0.99516867054199853 -0.18867935836061009 0.34291185820948306 -1.114922035942747 0.49071801334373805 0.87668919448693983 -0.12034657379364028 -0.86200926882542395 -0.99262420023012243 -2.4342023793426173 1.2361889625059126 -0.12680300195937147 4.621459913060022 0.97315934689483641 -0.05294529878805522
decision_type=2 2 2 2 2 2 2 2 2 2 2 2 2 2 2 2 2 2 2 2 2 2 2 2 2 2 2 2 2 2
left_child=8 14 9 4 5 11 -5 15 10 -3 13 -4 16 21 24 -6 18 -18 -8 27 -21 -1 23 28 -2 -9 -20 -19 -13 -28
right_child=1 2 3 6 7 -7 12 25 -10 -11 -12 22 -14 -15 -16 -17 17 19 26 20 -22 -23 -24 -25 -26 -27 29 -29 -30 -31
leaf_value=-0.010189508913164832 -0.044371709042304114 -0.015045486157283006 -0.010538634018980392 -0.026979858768389001 -0.070055760460583733 -0.026750123914057729 -0.10643977358838352 0.027203379637507588 0.0094910505154343506 -0.067421717279438118 0.0037184119633600198 -0.0001872825744806426 -0.018800390556604613 -0.045802930587313558 -0.038988888727699365 0.0033477941009729451 0.017097456033272864 -0.045907678768715252 0.02968963099622253 -0.0048559784842139714 0.025034889934405863 -0.035930484761871315 -0.0010118468249923442 0.035917545804328661 0.015864920463737036 -0.029958022693620318 -0.019751720734759035 0.1918368943847629 -0.13515759023377114 -0.11571813953942192
leaf_weight=7609.4939241781831 277.77765427529812 2515.2683966755867 2999.4966120943427 3263.5670903325081 248.31841638684273 2290.7793843820691 164.69178342819214 7246.0916731655598 2660.3477618843317 550.69835606217384 2811.0341215357184 858.08967674523592 3241.2967051193118 1409.3200391307473 402.5413566082716 1331.2281114682555 5650.8843340873718 751.69215214252472 341.16783311218023 7376.7375347390771 1443.165557667613 1940.573546372354 2648.9297901466489 2634.5859097018838 14350.058699011803 303.86625159531832 658.83263966441154 16.555928766727448 51.721124276518822 108.95424942672253
leaf_count=35720 1214 11496 13838 15056 1141 10385 787 32764 11979 2520 12714 3804 15203 7028 1790 6027 25228 3559 1515 34397 6596 9584 11874 11745 71131 1356 2963 73 268 509
internal_value=0 0.00283886 -0.000522697 0.00115892 0.0081008 -0.000704734 -0.00505781 0.0191769 -0.0107184 -0.0244531 -0.0146227 0.00578557 -0.00143605 -0.0193272 0.0132826 -0.00819188 0.00197242 0.00430418 -0.0259269 -0.00323568 3.49451e-05 -0.0154201 0.0136916 0.0246803 0.014721 0.0249028 -0.0139698 -0.0407842 -0.0078601 -0.03337
internal_weight=0 61727 46696.6 43630.7 20613.1 11483.6 23017.5 9129.5 16430.8 3065.97 13770.4 9192.82 19754 10959.4 15030.4 1579.55 16512.7 15239 1273.65 9588.15 8819.9 9550.07 6193.33 3544.4 14627.8 7549.96 1108.95 768.248 909.811 767.787
internal_count=364264 287239 213104 199088 93202 51914 105886 41288 77025 14016 65046 41529 90830 52332 74135 7168 75627 69853 5774 44625 40993 45304 27691 15817 72345 34120 4987 3632 4072 3472
is_linear=0
shrinkage=0.1


Tree=32
num_leaves=31
num_cat=0
split_feature=154 48 109 94 108 76 89 89 88 107 108 133 131 30 157 92 100 107 119 92 108 92 93 95 151 108 75 128 95 149
split_gain=223.514 201.055 186.27 154.635 191.209 120.307 118.365 123.634 109.364 109.258 104.71 103.205 97.317 95.1597 105.605 90.0072 89.8226 89.316 88.7021 84.1155 83.4952 82.4592 80.4362 80.3477 78.4752 78.0248 75.8038 83.2995 80.8209 75.6501
threshold=1.0000000180025095e-35 1.0000000180025095e-35 -1.8752930799529888 -0.86473170849476533 1.0254504572654031 1.0000000180025095e-35 2.6463767912945486 -0.77647636557659327 -0.6330919797112432 1.8538796045943171 0.82772079786743114 0.99635648306045332 -1.654746837024865 1.0000000180025095e-35 -1.8548185917354825 1.1515142058729209 1.3095468660155425 2.1440442192692761 -1.160307819976939 -2.2270310654005039 0.2306076256194543 -0.55956877073547162 -0.22052069728937015 1.5626507709770678 0.94996677620209946 1.4415916821280106 1.0000000180025095e-35 0.4975777087008349 0.71466367542701603 -0.76012626133587313
decision_type=2 2 2 2 2 2 2 2 2 2 2 2 2 2 2 2 2 2 2 2 2 2 2 2 2 2 2 2 2 2
left_child=1 2 -1 -4 6 9 7 8 23 10 15 -12 29 17 18 22 25 24 -15 -19 -16 -14 -3 -5 -9 -6 -2 28 -28 -7
right_child=26 5 3 4 16 12 -8 13 -10 -11 11 -13 21 14 20 -17 -18 19 -20 -21 -22 -23 -24 -25 -26 -27 27 -29 -30 -31
leaf_value=0.020930551372225489 0.0097009897635716054 -0.01642873427084671 -0.0119697410681239 -0.0066189280980001111 -0.014668390665327167 0.0046890115084426472 -0.06383837981412481 0.011590650639557311 -0.052151937421020089 -0.056980004811824608 -0.038152985429812832 0.042069848060951293 -0.0043734238060654127 0.13484479739839733 0.0063337813569747537 -0.020771431120265683 -0.07593570975261936 0.2148385002033015 -0.12347318299391208 -0.074225067174638462 -0.024066305247237095 -0.028320900092350183 0.020591440316939061 0.028734379003965246 -0.017338925152699844 -0.12876383515116063 0.020539138003266458 -0.056813565819314807 0.064290323573879399 0.18593366079888543
leaf_weight=4204.3708840236068 8134.9191184714437 718.6969191879034 10193.245191559196 7428.2651570364833 2133.720814190805 55.771523416042328 257.93676362931728 22559.840136252344 491.13589097559452 348.70876980572939 1027.7791683450341 190.0099111199379 1919.6219788491726 14.987271890044211 2766.5691129714251 931.96980911493301 303.24023926258087 10.659530475735663 117.59176825731993 181.0234442576766 1341.5796961113811 5729.4317907094955 3200.8239760398865 703.76062901318073 978.32927554100752 61.669488273561001 1139.2444344833493 100.4246244430542 670.85750591009855 39.226712286472321
leaf_count=22587 37896 3438 47042 33159 10741 259 1167 101721 2187 2129 5529 1023 9892 76 12531 4227 1552 60 549 981 6121 27854 14608 3164 4396 335 5268 461 3125 186
internal_value=0 -0.00207095 0.000722068 -0.000992867 0.00185057 -0.012671 0.00366567 0.00414149 -0.006327 -0.00254669 0.00058076 -0.0256359 -0.0210617 0.00736886 -0.00642873 0.0071615 -0.02492 0.0098346 -0.0942719 -0.0581502 -0.00359384 -0.022311 0.0138033 -0.00355939 0.0103882 -0.0178734 0.0139108 0.0318359 0.0367541 0.0795286
internal_weight=0 67910 53747.9 49543.6 39350.3 14162 36851.7 36593.7 8623.16 6417.99 6069.28 1217.79 7744.05 27970.6 4240.73 4851.49 2498.63 23729.9 132.579 191.683 4108.15 7649.05 3919.52 8132.03 23538.2 2195.39 10045.4 1910.53 1810.1 94.9982
internal_count=364264 317514 248369 225782 178740 69145 166112 164945 38510 30954 28825 6552 38191 126435 19277 22273 12628 107158 625 1041 18652 37746 18046 36323 106117 11076 46750 8854 8393 445
is_linear=0
shrinkage=0.1


Tree=33
num_leaves=31
num_cat=0
split_feature=37 96 35 92 107 92 90 93 88 2 95 95 153 101 109 117 107 95 100 92 87 140 87 128 108 88 93 107 157 45
split_gain=214.707 208.316 206.044 193.816 184.667 136.833 134.233 120.893 115.001 117.386 110.328 106.417 102.925 106.053 99.0674 98.2132 96.5095 94.9531 95.5654 91.2735 103.136 95.2188 87.971 83.8142 82.9995 109.317 81 79.0972 82.0674 75.5307
threshold=1.0000000180025095e-35 0.33482471240286776 1.0000000180025095e-35 -1.1206020699440915 0.074478259935277777 1.4593280746807797 0.3586841386778909 -0.028305830679061141 -1.3118434457153112 1.0000000180025095e-35 -0.10758684679505744 -0.080530449193849565 2.9275245835543426 1.0000000180025095e-35 1.6522043562403537 1.3159918329065838 -2.3211035732165102 -1.3251247388494116 1.0059582487262619 -0.81169082548985882 0.015036383077608429 -0.12685533758428721 -0.39171261151508324 -0.25368183987854354 0.14382417538800374 -0.79303801203306457 -1.8434306289590394 1.9451118413224926 0.41918648349047799 1.0000000180025095e-35
decision_type=2 2 2 2 2 2 2 2 2 2 2 2 2 2 2 2 2 2 2 2 2 2 2 2 2 2 2 2 2 2
left_child=1 7 3 6 8 10 11 16 -5 12 15 -2 13 17 19 -4 -1 -10 -19 20 -6 -21 -23 26 -9 -26 -22 28 -27 -3
right_child=2 29 5 4 14 -7 -8 24 9 -11 -12 -13 -14 -15 -16 -17 -18 18 -20 21 23 22 -24 -25 25 27 -28 -29 -30 -31
leaf_value=0.060032335161791101 -0.043831469405658637 0.0045323528863550891 0.010648267809187465 -0.066810224976319471 -0.0060819687463162502 -0.015413056442849838 0.0069095479013354492 -0.00053166267412830843 -0.028243384339726993 0.018473941176720944 0.025846890654049104 -0.0083217531559435145 0.05032662989209985 -0.079483110089611758 -0.10736040092214659 -0.043770289607216011 -0.030852233128737756 0.0073998393758334521 -0.0144827145676948 0.027083222930178674 -0.11440481611894744 0.057351457868314186 -0.024142510186490891 -0.025871052106209842 -0.048471725126459926 0.0021765209307242918 0.12486663257032259 -0.088465389571554975 -0.027159366724951364 -0.028361873858155386
leaf_weight=119.97642508149147 2066.5958175063133 11628.754164367914 6862.9942382723093 212.42325256019831 494.90310567617416 1477.0318896323442 1444.8702061772346 5512.2683604508638 958.30184634774923 6579.0115712285042 6692.196250885725 1426.4989991858602 443.99880531430244 159.97201352566481 110.74057917296886 348.48687441647053 4468.7011295706034 13525.539057813585 2341.1963805109262 444.54310536384583 15.390172839164732 136.83127979934216 4147.4933132454753 65.077026754617691 967.67259449511766 2557.5983375236392 175.33180386573076 128.43046706914902 1520.5630928352475 742.62422665953636
leaf_count=551 10167 53450 31807 969 2453 7102 7071 25111 4365 30316 31559 6675 2002 750 702 1663 22361 61924 10695 2164 85 641 20402 339 4619 11998 891 824 7102 3506
internal_value=0 -0.00708773 0.00388916 -0.000376166 0.00266341 0.0135255 -0.0187262 -0.0148996 0.00644465 0.00709281 0.0165998 -0.0293301 0.00279672 0.00155426 -0.0137191 0.00801855 -0.0284759 0.00232476 0.00417099 -0.0118267 0.0205658 -0.0169689 -0.0215398 0.0721221 -0.0090701 -0.0181663 0.105559 -0.0111949 -0.00876151 0.00255779
internal_weight=0 27646.6 50129.4 34748.7 29810.8 15380.7 4937.97 15275.2 24220.4 24008 13903.7 3493.09 17429 16985 5590.31 7211.48 4588.68 16825 15866.7 5479.57 750.702 4728.87 4284.32 255.799 10686.5 5174.26 190.722 4206.59 4078.16 12371.4
internal_count=364264 129522 234742 162611 138698 72131 23913 72566 111021 110052 65029 16842 79736 77734 27677 33470 22912 76984 72619 26975 3768 23207 21043 1315 49654 24543 976 19924 19100 56956
is_linear=0
shrinkage=0.1


Tree=34
num_leaves=31
num_cat=0
split_feature=107 76 96 95 31 108 152 109 4 157 93 87 88 2 92 133 95 46 87 89 88 88 32 124 107 107 109 87 127 88
split_gain=204.313 201.258 172.044 166.54 151.708 140.853 131.551 108.211 103.427 101.837 99.1021 94.7012 115.078 84.8701 82.924 82.0954 108.804 81.3929 79.5094 92.9481 103.182 76.7512 73.3087 73.2946 73.1292 92.4066 74.5549 72.0685 70.6274 70.241
threshold=-2.5953737915384516 1.0000000180025095e-35 -0.31004541422994231 1.5336146369660155 1.0000000180025095e-35 -1.0932896149943894 -0.1464911267874528 -0.37409182173299238 1.0000000180025095e-35 -0.19759514784734894 -1.6503595714061454 0.22297997287673696 -0.75240445510319287 1.0000000180025095e-35 1.4593280746807797 -0.033681986935900764 -0.25078778044047467 1.0000000180025095e-35 -0.43205630164882319 -0.02687690485781109 0.22436160414665521 -1.0058198873119484 1.0000000180025095e-35 -1.1627700082271224 0.066818302705464946 -0.67655265855376256 1.5332908602789967 -0.39171261151508324 -2.8004087012830525 -1.1730473019649701
decision_type=2 2 2 2 2 2 2 2 2 2 2 2 2 2 2 2 2 2 2 2 2 2 2 2 2 2 2 2 2 2
left_child=-1 5 -3 4 29 24 7 14 9 21 -11 12 15 -10 -6 16 -8 27 -9 20 -20 -7 -14 -19 25 -2 -26 -12 -13 -4
right_child=1 2 3 -5 6 8 11 18 13 10 17 28 22 -15 -16 -17 -18 23 19 -21 -22 -23 -24 -25 26 -27 -28 -29 -30 -31
leaf_value=0.03405407121050167 0.010210170684822984 -0.025956855369274608 -0.087377888837211995 0.019021525158970657 0.017365185283009506 -0.040370057060305553 -0.10321378398616679 0.047557655320484678 -0.020006036996336393 -0.056847749208036751 -0.19011962521324771 0.10710929607564851 -0.069276875290307016 0.001645826270357636 -0.027890185356921678 -0.01305529805917784 -0.023952827828832308 0.060104295594692825 -0.0090313556959023614 0.0068997383506412468 -0.061460548907472282 -0.0021496946805933908 0.0024169785875487911 0.01392948607677966 0.022484110021467149 -0.039669962897113234 -0.044071805992173932 0.00012224907824870881 -0.041573055825509048 -0.017401543468625397
leaf_weight=1721.2916560918093 1805.0663227662444 3842.7228780686855 146.56033533811569 2961.8487949222326 5436.3483018279076 570.35521099716425 282.32658422738314 301.94449163973331 3669.8525541573763 222.217908449471 20.003058910369873 32.810657694935799 146.88774114847183 3572.8754494860768 437.47516410052776 1365.4252745807171 448.03098580986261 357.09804604202509 5466.6644572019577 4165.9490902647376 403.04516239464283 6666.9533575996757 4913.1325480416417 9207.2255108132958 6433.4172980189323 467.62168920040131 172.82866683602333 4415.4549278616905 1216.2343185395002 6750.2703283652663
leaf_count=8646 9184 18815 704 13733 25684 2701 1372 1376 17289 1102 90 153 778 16502 2145 6373 2072 1577 25194 19112 1872 30842 22995 41205 31651 2263 734 20148 5949 32003
internal_value=0 -0.000786916 -0.00588661 -0.0036495 -0.0057803 0.00441275 -0.00210771 0.00315598 0.00100771 0.00449512 0.00940931 -0.0122604 -0.00782562 -0.00932506 0.0139946 -0.0275304 -0.0545919 0.010461 -0.00300254 -0.00452375 -0.0126314 -0.00516175 0.000335772 0.0156535 0.0154199 -5.30208e-05 0.0207429 -0.000735705 -0.0376674 -0.0188886
internal_weight=0 75898.6 38317.7 34475 31513.1 37581 24616.3 16211.4 28702 21459.3 14222 8404.85 7155.8 7242.73 5873.82 2095.78 730.358 13999.8 10337.6 10035.7 5869.71 7237.31 5060.02 9564.32 8878.93 2272.69 6606.25 4435.46 1249.04 6896.83
internal_count=364264 355618 180330 161515 147782 175288 115075 75383 131456 97665 64122 39692 33590 33791 27829 9817 3444 63020 47554 46178 27066 33543 23773 42782 43832 11447 32385 20238 6102 32707
is_linear=0
shrinkage=0.1


Tree=35
num_leaves=31
num_cat=0
split_feature=99 109 30 35 95 92 52 22 137 37 137 91 88 115 129 104 87 82 93 107 93 150 124 109 154 31 96 94 89 109
split_gain=195.573 174.995 166.822 158.485 133.278 126.915 157.047 97.6446 95.0562 93.5951 87.4401 87.2537 90.8111 85.7311 89.1182 84.0582 83.7392 83.1507 80.9528 78.8208 98.9084 78.1395 79.049 76.7536 83.2123 86.6346 76.1925 75.4063 75.4043 74.4215
threshold=1.0000000180025095e-35 -1.3685118793375191 1.0000000180025095e-35 1.0000000180025095e-35 -1.1568471440126309 0.73917530674795462 1.0000000180025095e-35 1.0000000180025095e-35 0.1276661183628576 1.0000000180025095e-35 0.97677486624099152 -0.90462843417330274 -1.3118434457153112 5.8028492880793445 6.5206417592865558 1.0000000180025095e-35 -0.248127383187464 1.0000000180025095e-35 -0.61308424446454468 -0.60594746274394728 0.29619053656061428 1.0000000180025095e-35 -0.83657640472795392 -0.27250155451623009 1.0000000180025095e-35 1.0000000180025095e-35 -0.95491554086275221 1.298668572262452 -1.1549656749058881 -2.3811038979975914
decision_type=2 2 2 2 2 2 2 2 2 2 2 2 2 2 2 2 2 2 2 2 2 2 2 2 2 2 2 2 2 2
left_child=1 29 3 4 13 6 8 9 -5 -6 23 27 -13 15 -15 19 -4 -12 -18 20 -3 -20 -23 26 25 -25 -8 -11 -9 -1
right_child=-2 2 16 5 7 -7 10 28 -10 11 17 12 -14 14 -16 -17 18 -19 21 -21 -22 22 -24 24 -26 -27 -28 -29 -30 -31
leaf_value=0.029234340204613088 0.011103816586264748 -0.057756151661324563 0.0048036496233865474 0.032062324201411925 -0.016608383243572829 -0.0076121039806966457 -0.088281070617027876 0.044534818650912057 -0.018155327231937319 -0.021914808046396242 -0.088502226245421672 -0.089239157158914506 0.0026901878109523289 0.36524321515813868 -0.13897798164352024 0.029250138578947045 -0.049621003519979334 -0.002366239913860659 -0.022837648362030904 -0.040515701929399905 0.046915027596646737 0.10586524112548434 0.00071284964638237437 -0.027496927724228726 0.029387352745309854 0.0017934704553774366 0.023419115873038646 0.037185535608472257 -0.12229684419847253 0.0058921155646790785
leaf_weight=1608.1078186109662 13140.57830324024 143.27780172973871 1319.8109188899398 3494.8374453559518 4895.7116924226284 6108.2606050595641 62.704654820263386 35.091140776872635 422.50531682372093 2618.0491773113608 198.08230783045292 108.23344886302948 14958.281237669289 10.893511421978475 5.1683581620454779 231.00819483399391 960.75049452483654 258.10219470411539 4766.407733514905 2333.281661696732 244.04967901110649 80.270044378936291 653.76222510635853 1269.2345415949821 837.43595829606056 4940.5669555515051 2337.7479406222701 235.28999990969896 118.84682825952768 9068.0170082747936
leaf_count=8903 61812 645 6088 15885 23767 27705 283 166 1936 11984 984 540 69258 65 32 1047 5103 1238 22210 11524 1056 367 3094 6142 3793 22837 10332 1050 574 43844
internal_value=0 -0.00228409 -0.00461089 -0.0023141 -0.00746677 0.00439183 0.00969694 -0.00489015 0.0266461 -0.0043546 0.00299293 -0.00100686 0.00202979 -0.0274095 0.202996 -0.0286633 -0.0181497 -0.0397678 -0.0228384 -0.0335808 0.00819571 -0.0181603 0.0122118 0.00505765 -0.000202812 -0.00419326 0.0205013 -0.0170413 -0.0842665 0.00940807
internal_weight=0 64323.8 53647.7 45866.7 25937.2 19929.5 13821.2 22969.5 3917.34 22815.6 9903.87 17919.9 15066.5 2967.68 16.0619 2951.62 7781 456.185 6461.19 2720.61 387.327 5500.44 734.032 9447.69 7047.24 6209.8 2400.45 2853.34 153.938 10676.1
internal_count=364264 302452 249705 212843 121708 91135 63430 107339 17821 106599 45609 82832 69798 14369 97 14272 36862 2222 30774 13225 1701 25671 3461 43387 32772 28979 10615 13034 740 52747
is_linear=0
shrinkage=0.1


Tree=36
num_leaves=31
num_cat=0
split_feature=32 90 88 90 88 88 89 88 89 88 89 90 89 104 89 94 89 90 89 88 92 94 95 76 97 90 138 88 91 95
split_gain=180.337 186.39 285.857 196.506 313.384 255.094 217.897 181.164 171.26 143.05 139.282 131.483 131.236 130.572 125.703 112.68 98.7031 95.9705 153.368 127.851 90.1813 89.4391 88.2062 84.8874 81.1193 87.6932 83.7754 97.3013 80.8162 78.8641
threshold=1.0000000180025095e-35 0.34291185820948306 -0.81814239657694376 -0.2625173559487049 0.11554076202979126 -0.2582313102377834 -0.1965975374733844 0.60001650525502093 -0.32112082770763656 -1.1285592222754854 1.7376642374986664 -0.51483147737903978 2.3928719695707441 1.0000000180025095e-35 -0.039175501424156982 0.47783454327503555 -0.22365444991934538 -0.86200926882542395 -0.91591170414753986 -0.77437634564646418 0.60639285353672123 -1.6538054425964923 1.5481327039715416 1.0000000180025095e-35 -0.80838281312616234 2.1036152244669108 -0.35364569848902966 1.0213313942694113 -0.75541594320963867 -0.82755098784183267
decision_type=2 2 2 2 2 2 2 2 2 2 2 2 2 2 2 2 2 2 2 2 2 2 2 2 2 2 2 2 2 2
left_child=11 2 8 5 13 17 20 23 9 -2 16 29 -12 -5 -10 -13 21 -4 -19 -20 -7 -6 -11 -3 -9 26 27 -26 -25 -1
right_child=1 7 3 4 10 6 -8 24 14 22 12 15 -14 -15 -16 -17 -18 18 19 -21 -22 -23 -24 28 25 -27 -28 -29 -30 -31
leaf_value=-0.033602863114374305 -0.020261148380074506 -0.014013179874985807 0.027749895354149179 -0.019314336576267431 0.055277045254664439 0.0018710879158548362 0.039070719993214369 0.015509493219209247 -0.053950719351218382 0.00070110812486885721 0.068506089864982009 -0.070355918895543254 -0.031231177923967762 0.023853352377781783 -0.0012057077987416213 -0.0099322763377783993 0.01426394543345034 -0.034360842844547955 -0.033073795752288283 0.010283210657509648 -0.077097252919624701 -0.023771950585774831 0.038777074793412428 -0.092520370864276336 -0.052662557391267045 -0.023568312843545422 0.0020134520744267358 -0.0048845581201822051 -0.035211603918956634 -0.0029260099981237341
leaf_weight=1042.9643971323967 3542.4118945598602 1385.8976863771677 2197.6565800830722 6635.0813041999936 161.38075590133667 623.91466269642115 5479.0478884577751 2015.9270291924477 1267.9927891269326 7899.432220928371 734.29994963109493 730.58844019472599 160.82228691875935 783.43276157230139 701.98600676655769 534.35960373282433 6368.4487988725305 912.51219646632671 718.08784896880388 12862.674567997456 188.24681399017572 1265.7169944569468 659.18136098235846 327.58110273629427 647.43242934346199 2341.3262592703104 8624.8091876134276 1247.6805545985699 988.89687831699848 4264.8679076209664
leaf_count=5088 16523 6490 10408 30768 759 2873 26672 9512 6049 37079 3325 3873 753 3608 3201 2739 29273 4252 3403 60880 889 5913 3091 1571 3052 11622 40304 5841 4743 19710
internal_value=0 0.00145803 0.00440975 0.00880917 0.000340672 0.0147451 0.0319055 -0.00746826 -0.00781247 -0.00336119 0.0132271 -0.0158585 0.0505868 -0.0147556 -0.0351555 -0.0448308 0.00893732 0.00827694 0.00532419 0.00799069 -0.0164326 -0.0148328 0.00363371 -0.0312871 -0.00314168 -0.00606514 -0.00216961 -0.0212071 -0.0494718 -0.00895387
internal_weight=0 70741.9 53162.3 39091.3 16109.2 22982.1 6291.21 17579.6 14071 12101 8690.67 6572.78 895.122 7418.51 1969.98 1264.95 7795.55 16690.9 14493.3 13580.8 812.161 1427.1 8558.61 2702.38 14877.2 12861.2 10519.9 1895.11 1316.48 5307.83
internal_count=364264 332854 249719 183776 74399 109377 30434 83135 65943 56693 40023 31410 4078 34376 9250 6612 35945 78943 68535 64283 3762 6672 40170 12804 70331 60819 49197 8893 6314 24798
is_linear=0
shrinkage=0.1


Tree=37
num_leaves=31
num_cat=0
split_feature=154 7 20 95 90 88 108 153 31 108 42 147 88 104 88 91 132 97 90 88 89 107 76 157 39 124 94 140 92 112
split_gain=166.871 159.716 155.03 142.535 117.227 113.969 110.253 96.3962 92.518 135.625 95.9259 92.3819 89.3002 85.4365 84.8369 84.3621 86.4279 82.2583 80.1303 106.041 106.497 78.6648 77.5761 95.8124 82.3918 76.3738 72.4145 73.6783 71.5356 70.8686
threshold=1.0000000180025095e-35 1.0000000180025095e-35 1.0000000180025095e-35 -0.94105587533958279 1.5563909302107481 -1.1391897072349952 -0.65061472448498248 2.9275245835543426 1.5000000000000002 1.0862945137351048 1.0000000180025095e-35 2.1994091281414003 -0.17259314535236905 1.0000000180025095e-35 -0.8434467275463936 2.8338919926627724 -0.7527542796746014 3.4442887325897291 -0.2625173559487049 -0.3364492411075734 -0.32112082770763656 0.19343173562352814 1.0000000180025095e-35 -0.90852348612128242 1.0000000180025095e-35 -0.82298500458215529 -1.0765697918585349 -0.026837872445706682 -2.0913680011175395 -0.6004656223849939
decision_type=2 2 2 2 2 2 2 2 2 2 2 2 2 2 2 2 2 2 2 2 2 2 2 2 2 2 2 2 2 2
left_child=1 17 3 7 5 -5 18 11 9 10 -8 13 29 14 -3 16 -13 22 19 20 -7 -16 23 25 -24 -1 27 -25 -2 -10
right_child=28 2 -4 4 -6 6 8 -9 12 -11 -12 15 -14 -15 21 -17 -18 -19 -20 -21 -22 -23 24 26 -26 -27 -28 -29 -30 -31
leaf_value=0.046548791882710799 -0.076571102778397418 -0.035809605863207895 -0.053802000307715363 -0.018366272745884284 -0.020085433245545306 0.021041660811953071 -0.018958591178363404 0.050022921115324727 -0.20382118855885101 -0.037434538626180507 0.0039430143772555435 -0.17207052365434156 0.018365008716838153 0.017814844772319791 -0.0058919767937471506 0.26285820485094374 0.045822715060670982 0.1271410285636953 0.0039901361359402686 0.041436197016972723 -0.010437290949947074 -0.031659350726296991 -0.012306116203122591 0.022758675790053546 -0.03649857435484536 -0.043644089029450203 0.0040090170177055602 -0.047139031578818366 0.012880822760774374 0.00085662129236407393
leaf_weight=105.39175234735012 90.218705721199512 1556.5618715658784 516.36837401986122 1954.0196080207825 1927.3906832709908 4702.464980699122 2226.9984329789877 272.92170573771 16.969957776367664 1058.5184211954474 10232.872366838157 19.504154995083809 5445.6393541395664 898.9654556363821 6832.2515085414052 16.627339489758015 273.08007722347975 42.845599062740803 5013.7587222531438 1805.9120246320963 1393.1193536296487 1433.3449934497476 4907.0040731951594 205.13301783800125 1974.0768970698118 859.97236323356628 5563.4825272709131 569.40268111228943 9864.8861282467842 5378.2784310430288
leaf_count=508 444 7381 2462 9074 9375 23451 10105 1254 81 5542 46078 96 25163 4165 31502 82 1288 192 23331 9767 7208 7477 23816 974 9510 4300 25901 2708 46306 24723
internal_value=0 -0.00180265 0.000723763 0.00126047 0.00399219 0.00517518 0.00640928 -0.00868591 0.00244917 -0.00306971 -0.000150274 -0.0101385 0.00933111 -0.0116927 -0.0143934 0.0437494 0.0312976 -0.0112098 0.0138784 0.0201528 0.0138473 -0.0103603 -0.0116277 -0.00444935 -0.0192466 -0.0337975 2.07574e-05 -0.0286269 0.0120702 0.000212837
internal_weight=0 67202.9 52975.6 52459.2 41155.9 39228.6 37274.5 11303.3 24359.3 13518.4 12459.9 11030.3 10840.9 10721.1 9822.16 309.212 292.584 14227.3 12915.3 7901.5 6095.58 8265.6 14184.5 7303.38 6881.08 965.364 6338.02 774.536 9955.1 5395.25
internal_count=364264 317514 249605 247143 193898 184523 175449 53245 111692 61725 56183 51991 49967 50525 46360 1466 1384 67909 63757 40426 30659 38979 67717 34391 33326 4808 29583 3682 46750 24804
is_linear=0
shrinkage=0.1


Tree=38
num_leaves=31
num_cat=0
split_feature=107 59 37 96 107 149 46 109 87 100 108 76 88 109 114 131 92 120 137 94 92 90 93 62 107 121 134 95 153 153
split_gain=159.383 157.684 155.695 116.837 128.619 103.94 139.129 156.246 87.7406 103.047 89.7194 95.1946 118.044 115.399 90.0189 86.7632 83.575 81.784 77.7341 81.0923 76.3153 74.9469 73.4949 71.139 81.3183 71.0215 78.1592 70.7694 71.0081 70.0425
threshold=-2.5953737915384516 1.0000000180025095e-35 1.0000000180025095e-35 0.33482471240286776 1.9451118413224926 -0.059409490476550177 1.0000000180025095e-35 1.1454240463493386 -0.32825609712272591 -1.1191620722987023 0.92173202884210581 1.0000000180025095e-35 -0.3502066660003143 0.24004578983423439 4.1481083258981366 -1.654746837024865 1.4593280746807797 -1.4760327429384337 1.1530814558958786 1.1728608022298201 1.104327053078846 -1.2979197555700914 -0.028305830679061141 1.0000000180025095e-35 2.1704363603167169 0.25382919578489566 -0.15200295303905931 -1.1469484619634085 2.9275245835543426 4.5802216979546211
decision_type=2 2 2 2 2 2 2 2 2 2 2 2 2 2 2 2 2 2 2 2 2 2 2 2 2 2 2 2 2 2
left_child=-1 2 3 4 18 6 27 16 -3 29 11 -11 13 -13 -12 -14 21 -15 19 22 -5 -8 25 24 -23 26 -2 28 -4 -10
right_child=1 8 5 20 -6 -7 7 -9 9 10 14 12 15 17 -16 -17 -18 -19 -20 -21 -22 23 -24 -25 -26 -27 -28 -29 -30 -31
leaf_value=0.030371986665692432 -0.026564965553046091 0.015931966597406373 -0.030867227240568215 0.0057637461488074665 -0.07391504348419152 -0.005871956358890631 -0.065781042311680277 -0.015070046836535759 -0.052472174289632682 0.017524562356841387 -0.047205278179368031 -0.020937330011676591 0.1353752235621147 0.10719118651574547 0.13051677697306072 -0.0037741401373124015 -0.0085208005908995743 -0.091943347978343595 -0.046067393595541045 0.010580296853525926 -0.017134661994574276 0.012062975846579439 -0.0065384737948692125 0.023393099889179411 -0.058983796344595246 -0.068802586194449192 0.021089823109038973 0.00017222816218762939 0.091674646356139658 0.26325418745324719
leaf_weight=1688.5454522222281 2380.9492416009307 897.92062868922949 1137.0375638231635 9238.2949206233025 325.16155018657446 7807.4296785667539 113.77026980370283 2099.5478344038129 846.60947147756815 1146.2825901210308 907.6095243319869 1442.3343734964728 45.574869722127914 21.792656220495701 29.424371354281902 2669.3933318480849 1605.517456844449 384.62527786195278 578.35129895061255 1877.4619841277599 1727.6465036049485 13010.529413871467 7354.534031406045 7482.0538591593504 163.1214048191905 329.0772218182683 402.32065277546644 9246.84792932868 49.338534906506538 7.0853152573108664
leaf_count=8646 11675 4189 5422 42699 2135 36922 527 10162 4012 5308 5194 6583 202 114 161 12588 7615 2053 2885 8846 7984 60672 34025 35256 900 1754 2041 43444 216 34
internal_value=0 -0.000693507 0.000927238 -0.0054788 -0.0117987 0.0045586 0.00689149 0.0110134 -0.0136093 -0.0171457 -0.0129451 -0.00823874 -0.0147098 -0.0341995 -0.0416245 -0.00143831 0.0134609 -0.0812655 -0.0102357 -0.00855693 0.00215618 0.0151602 -0.0119896 0.015606 0.0111832 -0.0248707 -0.0196765 -0.00277781 -0.025771 -0.0498518
internal_weight=0 75327.6 66929 24213.8 13247.9 42715.2 34907.8 24474.5 8398.65 7500.73 6647.04 5710 4563.72 1848.75 937.034 2714.97 22375 406.418 12922.7 12344.3 10965.9 20769.5 10466.9 20655.7 13173.7 3112.35 2783.27 10433.2 1186.38 853.695
internal_count=364264 355618 315180 114044 63361 201136 164214 115132 40438 36249 32203 26848 21540 8750 5355 12790 104970 2167 61226 58341 50683 97355 49495 96828 61572 15470 13716 49082 5638 4046
is_linear=0
shrinkage=0.1


Tree=39
num_leaves=31
num_cat=0
split_feature=108 107 104 92 95 107 60 37 109 92 90 88 92 149 96 109 153 112 109 154 93 94 140 145 93 123 108 109 157 30
split_gain=151.083 140.221 130.635 150.312 137.218 109.732 99.5653 122.793 100.313 98.4368 88.1482 87.9624 88.7801 87.6988 87.101 87.0983 82.306 99.2638 82.0026 106.685 80.7035 75.165 97.0767 70.296 68.6296 68.5081 70.4402 70.0407 66.405 65.0727
threshold=-2.3937063810074317 -2.090043569847964 1.0000000180025095e-35 0.75206947059284712 -0.95887350302818308 0.074377827176704117 1.0000000180025095e-35 1.0000000180025095e-35 1.6180852224263995 1.2719511830624486 -1.0475242116180701 -0.75240445510319287 -0.61663230434691074 -0.46247665955492184 -0.18107138890338029 0.20943217436149705 2.1011760263542034 0.22368471469561166 -0.3943083284644045 1.0000000180025095e-35 -1.5591752360208542 -1.4438174734979083 0.029990232746668493 -1.5521811141315924 -1.2851941343936877 1.061293574319121 1.0497342960516389 -1.8752930799529888 -0.76247538946398874 1.0000000180025095e-35
decision_type=2 2 2 2 2 2 2 2 2 2 2 2 2 2 2 2 2 2 2 2 2 2 2 2 2 2 2 2 2 2
left_child=-1 9 4 -4 11 10 7 14 13 -2 -5 12 -3 -9 20 -14 17 29 24 -20 -6 22 -8 -23 -15 26 -22 -27 -7 -13
right_child=1 2 3 5 6 28 21 8 -10 -11 -12 16 15 18 -16 -17 -18 -19 19 -21 25 23 -24 -25 -26 27 -28 -29 -30 -31
leaf_value=0.022989005826611182 0.027267850483846973 -0.077968471340016221 0.023891895678980511 -0.13386732238452273 -0.071841076066742338 -0.054553893224656348 0.03564845582150724 0.01339346981975369 -0.038004480080427047 -0.0034913714491939824 -0.022285381753103847 -0.0029090228731930069 -0.0091721424251907553 -0.025275747492793252 -0.0040995263490497267 -0.045583900588928951 0.028643286923665134 -0.040702312318892625 -0.0082142479885193558 0.016585034050687168 -0.010752049492982228 -0.14379618478550257 -0.064928486001922789 0.017400676882689117 0.0095314286911860405 0.059769739791458026 -0.052572396737508791 -0.089528354872233346 0.014211388134464065 -0.026839977425392403
leaf_weight=2753.1228736788034 2892.7169844657183 306.25213722139597 3945.7052490487695 75.61579717695713 288.28761778026819 151.97788516432047 151.27799265831709 5454.8323279172182 642.33409801870584 1624.8031785413623 1111.3621294796467 7251.4130196347833 1956.6777270510793 608.93552565574646 8693.7605508342385 988.98689521849155 583.32767862081528 951.24368622899055 13465.409336395562 1991.2313551828265 4273.0818217247725 27.22016666084528 262.46805214136839 4408.8317088410258 8122.1207891628146 36.725097075104713 444.6712810844183 217.63316891342402 1848.2960582301021 1347.3925018012524
leaf_count=15762 13872 1580 18279 347 1644 711 694 25333 3392 7800 5077 34224 8791 2716 40448 5170 2696 4762 63011 9045 20184 121 1202 20170 38081 167 2673 1171 8616 6525
internal_value=0 -0.000867907 -0.00197593 0.010845 -0.00343975 -0.00530669 -0.000992497 -0.00248365 0.00109256 0.0162048 -0.0293936 -0.0124147 -0.0267248 0.00193977 -0.0102451 -0.0213971 -0.00782246 -0.0100498 -0.00064328 -0.00501943 -0.0204019 0.0126095 -0.0281545 0.0164116 0.00710385 -0.0174194 -0.0146938 -0.0679722 0.0089867 -0.00665889
internal_weight=0 74124.6 69607.1 7132.96 62474.1 3187.25 49088.8 44239 30284.9 4517.52 1186.98 13385.3 3251.92 29642.5 13954.2 2945.66 10133.4 9550.05 24187.7 15456.6 5260.4 4849.8 413.746 4436.05 8731.06 4972.11 4717.75 254.358 2000.27 8598.81
internal_count=364264 348502 326830 33030 293800 14751 230052 207865 141578 21672 5424 63748 15541 138186 66287 13961 48207 45511 112853 72056 25839 22187 1896 20291 40797 24195 22857 1338 9327 40749
is_linear=0
shrinkage=0.1


Tree=40
num_leaves=31
num_cat=0
split_feature=99 109 22 95 35 92 52 107 131 107 104 95 109 91 37 89 90 96 88 41 108 89 107 109 92 95 157 149 92 94
split_gain=142.784 125.964 121.376 119.625 125.27 136.501 185.924 120.773 92.7138 92.3966 99.9796 109.546 90.8335 146.855 87.5869 87.4234 95.2996 94.6991 84.2059 76.0262 82.0337 85.0257 73.4065 68.8452 73.2205 68.7304 86.3714 67.4952 64.4104 64.0263
threshold=1.0000000180025095e-35 -2.3811038979975914 1.0000000180025095e-35 1.5890472564416609 1.0000000180025095e-35 1.4187251757649479 1.0000000180025095e-35 1.717357043061313 1.5298015106385019 -1.0853529718532993 1.0000000180025095e-35 -1.1674057381984682 -0.41448628920038094 2.8338919926627724 1.0000000180025095e-35 0.018320437523510074 0.34291185820948306 -0.4390194395565043 -1.3118434457153112 1.0000000180025095e-35 1.2162364759665596 -0.53419401321957916 -0.89466966505722079 -2.8335911921928405 -0.43803441789957021 0.68364780500611932 0.55437149857822099 -1.0255304895905548 1.2404016332292009 -1.3497699983509654
decision_type=2 2 2 2 2 2 2 2 2 2 2 2 2 2 2 2 2 2 2 2 2 2 2 2 2 2 2 2 2 2
left_child=1 23 3 4 9 6 -6 19 15 28 11 12 -11 -14 27 17 -17 -8 -16 20 -5 -22 -12 24 -1 26 -7 -13 -3 -2
right_child=29 2 -4 7 5 25 8 -9 -10 10 22 14 13 -15 18 16 -18 -19 -20 -21 21 -23 -24 -25 -26 -27 -28 -29 -30 -31
leaf_value=-0.11158929058674756 -0.017613837944032932 0.014877746241150356 -0.051618675498222272 0.02410483545564138 0.01757846718756893 -0.020019623262305414 -0.040058594571056802 -0.087660933048281597 -0.034894476613635171 -0.0057794660232774256 -0.092397175861281322 -0.1001951964661939 -0.04526199963794756 0.10697328765238377 -0.089349782630670463 0.018421367549255215 -0.0040440641507953736 -0.0039007776655517975 -0.0050719321581032114 -0.020936192035172163 0.067699784633517224 -0.14181800731184388 0.012358236361372885 0.034961714954638665 0.010912617908628866 -0.011991199753553344 -0.10242678084702579 -0.018981364264335523 -0.011932451930547285 0.011341326342303497
leaf_weight=67.27375927567482 814.65114485472441 2830.1051597222686 502.52534331381321 3537.5949083194137 7104.1280867159367 314.23358724266291 815.76576007902622 113.71594703197479 809.05342241376638 1148.0229278579354 68.783443883061409 104.53458023071289 2081.2936995401978 65.356028236448765 119.36554853618145 3849.9850745499134 3705.8050296977162 6462.912153981626 17432.596904665232 471.99774328619242 28.731187291443348 59.441092178225517 2434.1164200305939 1328.3623784631491 177.60080173611641 1673.9798412695527 213.6688245087862 4857.3921145126224 1311.2956433966756 12203.162302859128
leaf_count=338 3836 12928 2420 16355 33183 1409 3976 684 4048 5205 312 519 10839 406 626 17753 17443 29941 82557 2233 147 334 11267 7551 1014 7735 994 24291 5944 57976
internal_value=0 -0.00196424 -0.00267199 -0.00227278 -0.00346628 0.00186158 0.00416284 0.0139946 -0.00192954 -0.00756231 -0.00960308 -0.0114537 -0.0284845 -0.0406271 -0.0089614 -0.000131676 0.007403 -0.0079532 -0.00564508 0.0168157 0.0217301 -0.073546 0.0094794 0.0259801 -0.022742 -0.0219127 -0.053374 -0.0206923 0.00638881 0.00952932
internal_weight=0 63689.6 62116.4 61613.9 57402.4 24949.5 22747.6 4211.48 15643.5 32452.9 28311.5 25808.6 3294.67 2146.65 22513.9 14834.5 7555.79 7278.68 17552 4097.76 3625.77 88.1723 2502.9 1573.24 244.875 2201.88 527.902 4961.93 4141.4 13017.8
internal_count=364264 302452 293549 291129 271376 116482 106344 19753 73161 154894 136022 124443 16450 11245 107993 69113 35196 33917 83183 19069 16836 481 11579 8903 1352 10138 2403 24810 18872 61812
is_linear=0
shrinkage=0.1


Tree=41
num_leaves=31
num_cat=0
split_feature=93 92 52 49 91 94 2 153 34 111 90 30 20 108 133 109 31 123 55 157 119 134 88 95 107 142 116 152 135 2
split_gain=134.148 127.65 148.143 144.781 96.9329 98.9909 108.396 93.3261 90.3335 99.676 85.1268 106.32 85.0171 82.3458 84.9562 75.9037 74.2676 73.7283 71.9271 75.192 88.1937 78.2592 71.1287 71.0646 90.3058 70.8784 69.8971 77.8362 69.2232 75.0838
threshold=0.43960251944358431 1.3583695152143875 1.0000000180025095e-35 1.0000000180025095e-35 0.82443359888447987 1.1728608022298201 1.0000000180025095e-35 1.6880017477541338 1.0000000180025095e-35 0.77313218064920086 1.9220463779388088 2.5000000000000004 1.0000000180025095e-35 1.2516060569551537 0.81842590741924481 1.7691392141994806 1.0000000180025095e-35 -0.52740000002168219 1.0000000180025095e-35 0.32503977655437138 -0.79978951319079805 -0.28862522136139418 -0.67258139876146028 -0.81105318442646201 -1.5097332478201733 -0.32367330179571135 2.8854934613700429 3.3600240373051009 -0.021857633828336765 1.0000000180025095e-35
decision_type=2 2 2 2 2 2 2 2 2 2 2 2 2 2 2 2 2 2 2 2 2 2 2 2 2 2 2 2 2 2
left_child=4 2 8 -3 5 6 7 12 -2 15 22 16 13 14 23 18 28 -11 19 20 -10 -22 -6 24 -1 -15 -24 -28 29 -12
right_child=1 3 -4 -5 10 -7 -8 -9 9 17 11 -13 -14 25 -16 -17 -18 -19 -20 -21 21 -23 26 -25 -26 -27 27 -29 -30 -31
leaf_value=0.027564041909412858 0.02569069986523095 -0.032632531867899293 0.001404262449092943 0.0015061082979550455 -0.037528215325632608 0.011675593984371582 0.0054395624765290716 0.014721257602626776 0.04357192285032048 0.0090451713835097824 0.11631604970289355 0.35216456693941295 -0.08676574207606895 0.040025545370272468 -0.027005635625823206 -0.10554021960729232 -0.10635616706648068 -0.078609674129366189 -0.024053173586256589 0.024370425103116541 -0.10280261045274108 -0.0030854215967685331 -0.0091020735802863437 -0.0019136946845249689 -0.019695789940204642 -0.072013854787432705 0.16996390867546807 -0.035480629047110877 -0.10204400589537965 -0.1458463844649158
leaf_weight=441.04847311228514 5063.5098384171724 1831.4507144615054 19433.001712098718 3861.6546616330743 979.57006152719259 4445.9744390919805 8298.7938917800784 1674.9771944060922 413.17576568573713 168.4203220680356 50.934639312326908 5.9766953587532035 142.64318943023682 67.573106147348881 2178.1508501619101 55.362811870872974 223.84668155014515 223.03148436546326 508.53603907674551 3556.7836671099067 82.067494124174118 1920.1619961112738 3263.1346523314714 12340.90913566947 4856.0284199714661 343.45489879697561 45.917448647320271 30.818759843707085 44.343358866870403 13.907510325312613
leaf_count=2066 24269 8398 91423 18424 4972 20956 39462 7881 1897 787 281 37 714 404 10638 289 1312 1072 2361 16653 385 8910 16416 58090 23318 2067 239 168 296 79
internal_value=0 0.0043016 0.00679773 -0.00947616 -0.00407385 -0.00225992 -0.00430177 -0.00796891 0.0155385 0.00811803 -0.0176203 -0.0658729 -0.00983469 -0.00929217 -0.00837324 0.0110536 -0.0733752 -0.0408966 0.0120496 0.0151238 0.00150766 -0.00717264 -0.0138333 -0.00607229 -0.0157608 -0.0535945 -0.00688363 0.0874534 -0.00575917 0.0600868
internal_weight=0 37117.2 31424.1 5693.11 39448 34789.6 30343.6 22044.8 11991 6927.54 4658.45 339.009 20369.8 20227.2 19816.1 6536.09 333.032 391.452 6480.72 5972.19 2415.41 2002.23 4319.44 17638 5297.08 411.028 3339.87 76.7362 109.186 64.8421
internal_count=364264 174868 148046 26822 189396 165596 144640 105178 56623 32354 23800 2005 97297 96583 94112 30495 1968 1859 30206 27845 11192 9295 21795 83474 25384 2471 16823 407 656 360
is_linear=0
shrinkage=0.1


Tree=42
num_leaves=31
num_cat=0
split_feature=109 20 59 99 108 94 157 95 92 93 104 109 87 88 90 88 100 139 108 100 147 89 109 94 152 88 87 95 92 121
split_gain=121.823 122.481 128.54 115.164 125.487 104.621 104.265 102.876 102.308 99.8599 92.7976 89.6174 79.5028 79.4895 87.1206 108.378 76.0753 96.4933 75.6372 71.6783 71.4869 71.6907 75.0153 70.6266 70.1328 68.21 84.6456 67.2083 140.959 70.6259
threshold=-2.0948589276238354 1.0000000180025095e-35 1.0000000180025095e-35 -1.0490568834338709 0.11064067902353204 -1.1144971342948431 -1.0907818546770784 1.6299618089117802 1.3583695152143875 -4.2433338410245005 1.0000000180025095e-35 1.3196461957668937 4.089701200899726 0.44612440637409068 -0.2625173559487049 -0.76887781894326934 1.0000000180025095e-35 -0.11137730071760743 -1.7012674241501748 1.3095468660155425 -0.23556242638622474 2.7905778360349545 1.4138840346295973 -2.0787150188341554 0.67183969044843261 -0.039267757968338098 0.14161421206299238 0.61501694279817731 -0.9562700668996108 0.94275850156525332
decision_type=2 2 2 2 2 2 2 2 2 2 2 2 2 2 2 2 2 2 2 2 2 2 2 2 2 2 2 2 2 2
left_child=-1 2 3 4 18 11 13 8 9 -8 -11 19 27 14 15 -7 17 -10 -2 -5 -13 22 -22 -21 -18 26 -16 -6 -29 -30
right_child=1 -3 -4 5 12 6 7 -9 16 10 -12 20 -14 -15 25 -17 24 -19 -20 23 21 -23 -24 -25 -26 -27 -28 28 29 -31
leaf_value=0.016785834732528777 -0.04904112660246257 -0.045164539653115864 -0.012658347551508815 -0.0024202811732433852 -0.032798584939715839 -0.026420533151532567 -0.12608516762122654 0.025257908880786911 -0.048407665896373055 0.0044800979199128878 0.020108225711773835 -0.12558226461807576 0.23050469343010138 0.0090451023341225865 -0.092025887589157029 0.011482798235117034 -0.020056702707616433 0.0095543065354902913 0.018835705534341492 0.031573769694343765 -0.11909578447200497 0.18794669593534846 -0.019713362060209731 -0.05696591728358566 -0.092554657124894454 -0.020043641358487619 0.0031313871263632049 0.083850039132423504 -0.0060624429769315646 -0.073019345966368485
leaf_weight=4085.3592732027173 186.15672918409109 621.5167488977313 7847.7284244373441 6795.8399192988873 2574.8164758831263 1405.4260399192572 57.088832668960094 2511.2588197588921 334.46403254568577 33116.904495418072 4291.8708745017648 92.17586076259613 12.367534436285494 1879.8270389735699 353.10341925173998 1628.4736321568489 1663.5490327700973 2033.2418734282255 1389.9433352202177 112.35091736167669 91.278508871793747 14.626705907285212 452.28692498058081 454.76625374704599 145.07137376815081 886.97817598283291 127.13899377733469 157.28971298784018 953.59302885830402 188.7083707600832
leaf_count=22667 908 2991 37976 31666 13563 6745 309 11739 1540 154378 20145 517 68 8986 1714 7584 7606 9476 6187 531 498 72 2377 2161 664 4133 595 775 4683 1010
internal_value=0 -0.000963129 -0.00058029 0.000902803 -0.0129822 0.00220058 0.00388701 0.0056019 0.00441653 0.00607142 0.0062731 -0.00841352 -0.0226335 -0.00816823 -0.0155205 -0.00607557 -0.0104294 0.00136655 0.0108186 -0.00527053 -0.043996 -0.0305234 -0.0364022 -0.0394254 -0.0258718 -0.036479 -0.066834 -0.0234415 -0.00490286 -0.0171237
internal_weight=0 72379.8 71758.3 63910.6 5462.88 58447.7 50434.4 44153.4 41642.2 37465.9 37408.8 8013.33 3886.78 6280.95 4401.12 3033.9 4176.33 2367.71 1576.1 7362.96 650.368 558.192 543.565 567.117 1808.62 1367.22 480.242 3874.41 1299.59 1142.3
internal_count=364264 341597 338606 300630 27194 273436 235614 205857 194118 174832 174523 37822 20099 29757 20771 14329 19286 11016 7095 34358 3464 2947 2875 2692 8270 6442 2309 20031 6468 5693
is_linear=0
shrinkage=0.1


Tree=43
num_leaves=31
num_cat=0
split_feature=32 22 107 30 108 88 90 88 88 2 29 90 109 89 109 89 104 31 95 91 90 89 88 90 107 96 93 46 157 89
split_gain=118.73 122.647 120.762 121.655 117.569 111.884 212.241 151.905 146.257 111.082 106.1 106.005 101.846 99.4647 94.3243 91.9808 108.491 98.6811 89.7295 88.9988 88.7144 105.287 96.8721 78.6615 77.918 76.6387 75.0027 74.6716 74.8077 73.6235
threshold=1.0000000180025095e-35 1.0000000180025095e-35 -2.5953737915384516 1.0000000180025095e-35 0.98251811260801014 -0.83046131801905088 -0.2625173559487049 -0.27761500538338929 -0.2582313102377834 1.0000000180025095e-35 1.0000000180025095e-35 -0.93849211927794485 -1.2626482802122265 -0.1790720373663415 0.82163031275188203 0.46276097093983493 1.0000000180025095e-35 1.0000000180025095e-35 -0.82755098784183267 0.82443359888447987 -0.86200926882542395 -0.91591170414753986 -0.75240445510319287 -0.23842317001442578 -0.85388344928622628 2.3984091176278608 0.89124324165711677 1.0000000180025095e-35 -1.7317036672805737 -0.32112082770763656
decision_type=2 2 2 2 2 2 2 2 2 2 2 2 2 2 2 2 2 2 2 2 2 2 2 2 2 2 2 2 2 2
left_child=4 2 -2 5 18 10 8 23 20 -6 14 -11 -5 -10 29 16 17 -9 26 27 -7 24 -23 -8 -22 -20 -1 -14 -29 -4
right_child=1 -3 3 12 9 6 7 15 13 11 -12 -13 19 -15 -16 -17 -18 -19 25 -21 21 22 -24 -25 -26 -27 -28 28 -30 -31
leaf_value=-0.042151975888222643 0.029487747075483253 -0.045765546335177369 0.0049612037075115563 0.0094364132725264956 -0.081880487906945409 0.027713485172468112 -0.05996937559877237 -0.024211570078701776 -0.0083390532039238387 0.12649803005662294 -0.032720210536377997 -0.056725684620305451 -0.026081533219696786 0.032900645433761304 -0.027560773410168521 0.0067624608612504578 0.023018093142663856 -0.0029300178896555116 -0.0052151214730732885 -0.044498131361650012 -0.11728476354929161 -0.018806955072370485 0.010249706139882011 -0.0053725592721394896 -0.019677975799442873 0.059054727403120594 0.033139392913099835 -0.059453752432618856 -0.0013512018204306169 -0.022439544016203468
leaf_weight=1078.4308754578233 1514.4340099990368 551.97669766843319 7237.9810647442937 2337.7116750925779 422.63961671665311 1909.990547478199 637.59432053565979 2863.8447112217546 673.56585188210011 56.702030658721924 1336.2785304486752 71.259491555392742 2188.7263219356537 4439.9124435707927 1314.9224635884166 12928.730273857713 1243.062263764441 9109.4029309079051 4508.1881517618895 868.53122450783849 93.634791076183319 1296.3957562744617 9981.9306476786733 450.24318999052048 646.29768853634596 193.50205855071545 150.81049626320601 232.16945278644562 4864.3180133402348 1134.2693819627166
leaf_count=5399 8002 2670 33590 11706 2726 9087 3022 13670 3131 316 6413 446 10493 21996 6801 61244 5723 42391 20947 4589 430 6139 47616 2087 3037 887 689 1169 22601 5247
internal_value=0 0.00118559 0.00155953 0.000935611 -0.0129629 0.00274834 0.0049051 -0.000757945 0.0130042 -0.0571657 -0.00630537 0.024464 -0.00896441 0.0274684 -0.00266163 0.000765501 -0.00510097 -0.00802029 -0.00885928 -0.01424 0.00769396 0.00451237 0.00690977 -0.0373724 -0.0320296 -0.00257004 -0.0329148 -0.0106327 -0.00399805 0.00124896
internal_weight=0 69855.9 69303.9 67789.5 6481.53 57298.1 46274.6 27232.9 19041.7 550.601 11023.5 127.962 10491.5 5113.48 9687.17 26145 13216.3 11973.2 5930.93 8153.75 13928.2 12018.3 11278.3 1087.84 739.932 4701.69 1229.24 7285.21 5096.49 8372.25
internal_count=364264 332854 330184 322182 31410 271624 219573 128137 91436 3488 52051 762 50558 25127 45638 123028 61784 56061 27922 38852 66309 57222 53755 5109 3467 21834 6088 34263 23770 38837
is_linear=0
shrinkage=0.1


Tree=44
num_leaves=31
num_cat=0
split_feature=154 52 109 92 108 2 34 157 107 107 95 82 111 140 59 92 31 55 94 56 94 107 126 157 95 94 93 133 43 109
split_gain=114.829 110.585 144.242 144.1 133.57 111.094 110.281 104.054 104.043 158.643 97.1368 90.3207 108.966 96.6518 89.9902 89.9828 83.4241 73.3938 95.7838 78.3557 97.6723 87.2444 80.0621 73.1285 72.9184 72.2375 69.7279 69.7034 69.3995 66.3254
threshold=1.0000000180025095e-35 1.0000000180025095e-35 -0.2928805261059807 1.3015803255145417 0.97315934689483641 1.0000000180025095e-35 1.0000000180025095e-35 -1.2657981688531741 0.011049348467838499 -1.3168468211369231 -1.1370497799141861 1.0000000180025095e-35 -1.5993998005255829 0.28003389559311936 1.0000000180025095e-35 -0.64955357373812561 1.5000000000000002 1.0000000180025095e-35 1.1867366592187134 1.0000000180025095e-35 -1.8261744216362994 2.1440442192692761 -0.15542489615109481 -2.6321324284900038 -1.661020016386358 1.2829426010083729 -4.2433338410245005 -0.27364340546120031 1.0000000180025095e-35 0.91448855562882503
decision_type=2 2 2 2 2 2 2 2 2 2 2 2 2 2 2 2 2 2 2 2 2 2 2 2 2 2 2 2 2 2
left_child=1 3 14 6 7 -6 15 -4 9 -5 -7 13 28 24 16 -1 -3 19 23 -8 22 -22 -21 -19 -9 -16 -26 -11 -13 -24
right_child=-2 2 4 8 5 10 17 11 -10 27 -12 12 -14 -15 25 -17 -18 18 -20 20 21 -23 29 -25 26 -27 -28 -29 -30 -31
leaf_value=0.036170926124143375 0.010064781753944924 -0.0029768748857461492 -0.02653091766472418 -0.014397666784529679 -0.04241743138874815 -0.099991398738466908 0.02374725985837621 -0.071116718015958147 0.0016999646088878689 -0.05716627958981027 0.019257291402183477 -0.048201555376570976 0.015534807201420081 -0.055127769583790676 -0.024927076963182221 0.010710587836661541 0.012341759380875577 0.17422184184997302 0.055170532597134198 0.11222933692115583 -0.00031645389002628869 -0.067269917922348918 0.036859447324998088 -0.034122780872099162 -0.12415363315929467 0.03449057384308829 -0.0054623866966221112 -0.14447960594247117 0.079640361532537979 -0.076113216067469958
leaf_weight=1839.9479029625654 9841.089950799942 6462.0313297882676 2406.7184559628367 1505.557394258678 1981.1604856103659 77.494509883224964 1739.6180356293917 172.88669748604298 2230.4527479335666 317.65283261239529 576.27859717234969 429.14977265894413 3384.1895496621728 419.52191442251205 1674.4575911089778 5652.9670378677547 7902.8680080920458 17.10643694549799 145.79770845174789 123.975865483284 8952.2647434026003 198.94682512804866 371.79139229655266 1110.7084579542279 49.64827972650528 233.09563006460667 16124.222013764083 128.38398549705744 47.125882156193256 60.411824323236942
leaf_count=8619 46750 30578 11848 7150 12334 518 8287 850 10514 1451 3393 2010 15893 2086 7758 27044 37545 86 690 615 42751 1276 1766 5471 286 1064 74456 604 208 363
internal_value=0 -0.00151077 -0.00462469 0.00384269 -0.00929401 -0.030622 0.00733852 -0.00685418 -0.0130541 -0.0299163 0.00512224 -0.00455831 0.00923209 -0.00773357 0.00274076 0.0169626 0.00545069 0.00166959 -0.0211025 0.00420325 0.000700858 -0.00177202 0.0413889 -0.0309627 -0.00651725 -0.0176665 -0.00582673 -0.0822979 -0.035552 0.0210685
internal_weight=0 66336.4 41940.8 24395.6 25668.4 2634.93 20213.5 23033.5 4182.05 1951.59 653.773 20626.7 3860.47 16766.3 16272.5 7492.91 14364.9 12720.6 1273.61 11447 9707.39 9151.21 556.179 1127.81 16346.8 1907.55 16173.9 446.037 476.276 432.203
internal_count=364264 317514 200827 116687 123882 16245 96968 107637 19719 9205 3911 95789 18111 77678 76945 35663 68123 61305 6247 55058 46771 44027 2744 5557 75592 8822 74742 2055 2218 2129
is_linear=0
shrinkage=0.1


Tree=45
num_leaves=31
num_cat=0
split_feature=108 37 62 96 157 60 2 88 89 90 90 157 32 31 140 94 87 93 137 109 89 107 109 95 109 133 119 89 48 124
split_gain=110.593 110.033 105.502 100.408 97.0708 83.9746 79.062 105.196 104.532 85.7938 101.804 96.0228 75.9548 75.4883 74.6095 71.7105 85.922 84.2243 81.2545 73.5389 73.3465 71.6786 81.2214 71.4636 71.4222 69.8409 70.8083 69.2014 66.3346 74.9566
threshold=-2.3937063810074317 1.0000000180025095e-35 1.0000000180025095e-35 0.97969483903567778 -1.2657981688531741 1.0000000180025095e-35 1.0000000180025095e-35 -0.69848556900762226 -0.18860344970525958 -0.2625173559487049 -0.22522311487183277 0.89112702723429471 1.0000000180025095e-35 1.0000000180025095e-35 -0.13822095862276226 1.081280146103125 0.15963519175082319 -0.71882382587377924 0.060791205045486671 -1.9442303204788465 1.6123722849790176 2.243927681215848 1.799993223656658 1.8186966799836204 1.5332908602789967 -0.12672825126203732 -0.78822208088749945 -0.089292282432016493 1.0000000180025095e-35 -0.19778059787541549
decision_type=2 2 2 2 2 2 2 2 2 2 2 2 2 2 2 2 2 2 2 2 2 2 2 2 2 2 2 2 2 2
left_child=-1 3 5 15 -4 6 7 8 -3 12 11 -11 14 -8 -9 -2 18 19 20 -18 -17 23 -23 -12 -6 -20 -27 -10 -22 -30
right_child=1 2 4 -5 24 -7 13 9 27 10 21 -13 -14 -15 -16 16 17 -19 25 -21 28 22 -24 -25 -26 26 -28 -29 29 -31
leaf_value=0.019876994640817831 -0.012376720172629625 -0.012353631334183384 -0.017776232771817734 0.0052366955884692928 0.013546112026376579 0.016379801820608875 -0.011087557917944808 0.069523228254737016 -0.13175614211259148 -0.060893728638254867 -0.0030036714846813457 0.015148413569451822 0.012213624665042522 0.011266996404304681 -0.061424377879570426 0.01496224491260937 0.07630879902560983 -0.009714447712385256 -0.13205672966935228 -0.12903225119094183 0.023341958439774584 -0.069510265603813889 0.28633374029215297 0.068742481093362159 -0.032316478805412573 0.12031943290180365 -0.036993779313790283 -0.040194344073578518 -0.16888935951049414 0.20105670881500634
leaf_weight=2695.3568277582526 16008.736727178097 6486.687017146498 1180.667085789144 6132.8327998518944 11945.526246778667 2609.0666823908687 1976.0044279620051 52.495082102715969 107.99646535515785 598.77828344702721 9190.6831063479185 229.78751636296511 5131.5333533361554 6413.5735309645534 254.23989833146334 2205.1784572675824 20.876247778534889 1246.899986423552 61.809145495295525 105.98190643265843 67.987535923719406 218.2728733792901 6.6085342764854422 140.96067953854799 349.4944948926568 34.297803059220314 172.60627312213182 350.24194664508104 6.0569380521774283 57.188960507512093
leaf_count=15762 77131 30805 5625 28462 56223 12307 9501 262 535 2868 43325 1062 24459 30220 1329 10369 93 5951 306 593 310 1405 50 633 1727 163 829 1646 30 283
internal_value=0 -0.000747889 0.0021318 -0.00595622 0.00961236 -0.00085354 -0.00229661 -0.00535438 -0.0156144 -0.000851208 -0.00617969 -0.0398048 0.00932424 0.00600181 -0.0390138 -0.00939056 0.00262402 -0.0176123 0.0132952 -0.0952406 0.0192846 -0.00326434 -0.0590532 -0.0019199 0.0122424 -0.038781 -0.0109165 -0.0617734 0.0919143 0.165628
internal_weight=0 73363.1 47242.6 26120.5 13475.7 33766.9 31157.9 22768.3 6944.93 15823.4 10385.1 828.566 5438.27 8389.58 306.735 19987.6 3978.88 1373.76 2605.13 126.858 2336.41 9556.53 224.881 9331.64 12295 268.713 206.904 458.238 131.233 63.2459
internal_count=364264 348502 223982 124520 63575 160407 148100 108379 32986 75393 49343 3930 26050 39721 1591 96058 18927 6637 12290 686 10992 45413 1455 43958 57950 1298 992 2181 623 313
is_linear=0
shrinkage=0.1


Tree=46
num_leaves=31
num_cat=0
split_feature=75 32 108 88 90 88 89 2 88 59 104 92 89 107 121 156 31 95 117 157 87 52 151 109 89 92 90 95 107 117
split_gain=107.399 109.138 114.437 110.262 105.973 225.58 126.544 107.406 102.491 96.8815 84.6604 90.9797 85.2491 88.5117 78.5313 78.061 77.4519 74.7262 93.8161 75.7082 73.7043 72.4521 93.3055 76.7781 71.582 70.0704 68.8136 75.9037 66.552 71.523
threshold=1.0000000180025095e-35 1.0000000180025095e-35 0.86506922290120958 -1.1285592222754854 -0.2625173559487049 -0.2582313102377834 -0.51682224556961553 1.0000000180025095e-35 -0.27761500538338929 1.0000000180025095e-35 1.0000000180025095e-35 0.54548850516297376 0.46276097093983493 -1.3898689346697644 2.7623044998225352 1.0000000180025095e-35 1.0000000180025095e-35 1.4141705402387319 0.56047243676446812 -0.38709557078284562 -0.44756328284167318 1.0000000180025095e-35 3.0294201196426127 1.7691392141994806 1.1442569531724771 -0.12912317344533744 -0.997387000796777 1.5890472564416609 0.074478259935277777 -0.141959064268117
decision_type=2 2 2 2 2 2 2 2 2 2 2 2 2 2 2 2 2 2 2 2 2 2 2 2 2 2 2 2 2 2
left_child=1 2 -1 -3 5 7 25 9 24 17 12 -12 16 -14 15 21 28 18 -5 -19 -18 22 23 -2 -6 -7 -4 -28 -10 -30
right_child=14 3 26 4 8 6 -8 -9 10 -11 11 -13 13 -15 -16 -17 20 19 -20 -21 -22 -23 -24 -25 -26 -27 27 -29 29 -31
leaf_value=-0.010005279191056217 0.018395771090912644 -0.019705298378508068 0.045047685834431334 -0.00014160890981623617 -0.024501918805714996 0.0075190109448917287 0.028078490487664559 0.011863811106160214 -0.017772944049417434 -0.026791185701937371 0.032005230178671039 -0.006236605392850262 0.027061249129725653 -0.0013709540447123943 -0.060462877228506989 0.031222433024561697 0.10512265795912371 -0.024157386014156627 -0.024979657883071119 0.030646623637865453 -0.0066042983674192883 0.00022348364518588433 -0.1851724533720932 -0.12390699706615911 -0.1029279230059344 -0.098090971345262803 -0.076733004228741852 0.045524230709139406 -0.0096601114561217852 -0.088124372809519957
leaf_weight=4555.0378397852182 4514.3357282280922 2844.1435388028622 62.602887272834778 10798.334636256099 930.13324651867151 126.8859089165926 4655.2024366855621 6122.6371699720621 2408.7663650736213 1634.5832372829318 1383.4292360842228 1130.4653063416481 1222.1083185970783 10520.010947365314 165.42886225134134 1398.7683965042233 59.426946565508842 316.02584683895111 1769.9537559300661 1245.5114298537374 9166.5932504758239 7507.0425786077976 22.897121779620647 38.236109130084515 133.0260444059968 124.43352204561234 537.61151830106974 56.079753994941711 188.04730151593685 303.94146090000868
leaf_count=21388 21384 13537 358 51653 4409 599 23323 29415 11328 7942 6388 5282 5619 51063 807 6656 266 1485 8498 6041 43183 35443 109 206 675 595 3580 323 1028 1681
internal_value=0 -0.00177718 -0.0156301 -0.000512504 0.000493904 0.00496758 0.024347 0.000623189 -0.00387343 -0.00374248 -0.00264672 0.0148084 -0.00448511 0.00158824 0.00801771 0.00885804 -0.0103658 -0.00107614 -0.00363948 0.0195553 -0.00588464 0.00626896 0.0161879 0.0172006 -0.0343148 -0.0447707 -0.0546698 -0.0651847 -0.0246184 -0.0581339
internal_weight=0 62295 5211.33 57083.7 54239.5 26793.6 4906.52 21887 27445.9 15764.4 26382.8 2513.89 23868.9 11742.1 13646.7 13481.3 12126.8 14129.8 12568.3 1561.54 9226.02 12082.5 4575.47 4552.57 1063.16 251.319 656.294 593.691 2900.76 491.989
internal_count=364264 299659 25649 274010 260473 129551 24517 105034 130922 75619 125838 11670 114168 56682 64605 63798 57486 67677 60151 7526 43449 57142 21699 21590 5084 1194 4261 3903 14037 2709
is_linear=0
shrinkage=0.1


Tree=47
num_leaves=31
num_cat=0
split_feature=108 76 62 95 95 157 20 157 126 107 107 92 107 107 111 133 119 112 88 90 151 88 94 157 119 146 152 69 89 121
split_gain=100.526 93.0365 90.1883 95.1641 80.1084 80.0981 75.7354 75.6205 78.8846 76.0715 99.9631 100.949 91.4467 82.4038 76.896 75.4438 72.1215 69.7539 68.1985 94.8479 82.2755 73.3544 99.5492 79.4198 72.0689 66.7998 65.5437 64.3268 66.3999 63.8222
threshold=-2.6783801296787177 1.0000000180025095e-35 1.0000000180025095e-35 -1.0499413778810289 1.8186966799836204 -1.2657981688531741 1.0000000180025095e-35 -0.23139140161928468 0.29169222321170546 0.074377827176704117 -0.36999924877503859 0.42258243276910495 -2.187092709346893 1.6031930016217066 0.57652395272714707 0.5849940513027968 -0.16936445266102204 0.33763846242044426 -0.81814239657694376 -0.2625173559487049 1.4744216429972044 -0.22506797392992892 0.26198787900336334 -0.28932783665688871 -1.1699473468963546 5.0369071928978242 2.8175290034514964 1.0000000180025095e-35 1.0000000180025095e-35 -1.2798433335317509
decision_type=2 2 2 2 2 2 2 2 2 2 2 2 2 2 2 2 2 2 2 2 2 2 2 2 2 2 2 2 2 2
left_child=-1 7 3 17 15 -4 -7 8 -2 10 11 16 -13 25 26 18 -9 29 -5 20 -20 22 -21 -23 -22 27 -15 -11 -29 -3
right_child=1 2 5 4 -6 6 -8 9 -10 13 -12 12 -14 14 -16 -17 -18 -19 19 21 24 23 -24 -25 -26 -27 -28 28 -30 -31
leaf_value=0.045762120873450829 -0.0022508989394805635 0.054010527866813832 -0.022346030200499321 -0.013033412362385421 0.044842016534078315 0.0073532594976196148 -0.10516173157198752 0.05279211731425161 -0.063267521247686836 0.012949584167078832 -0.031584097806550609 0.016199090887696107 -0.015119341974070345 -0.015781826314561053 -0.12177114259447167 -0.019958021951366502 0.0097265224385337558 -0.085919364161119477 0.011892257982051175 -0.085416482690632192 0.046740421472503318 0.0090989408409431743 -0.0011904794418784411 -0.011264615845940776 -0.14924595465088017 -0.11658027632865275 0.27159370712186776 0.0056193731567781569 -0.052119734296662494 -0.020134774962654062
leaf_weight=476.6599240899086 11641.982544209808 119.51358746737242 1052.9288237765431 4851.4489684700966 326.95179630443454 9818.6897670738399 60.191087670624256 526.41169836372137 215.81052718684077 16337.953756861389 999.91406673938036 1318.2126022726297 3184.8874685019255 661.5313018783927 71.015748802572489 2936.3717816732824 1488.3061672970653 156.9515674225986 5804.5851589851081 265.39316980540752 27.594808861613274 3079.877473808825 297.78284681588411 5064.7879183627665 58.622106745839119 40.791011661291122 8.0329147949814779 557.94216641038656 309.74145022779703 4055.629188220948
leaf_count=2900 55644 560 5086 23152 1532 46560 286 2460 1097 77402 4610 6726 14779 3718 476 14414 7007 872 28137 1319 136 15028 1413 24106 295 221 52 2638 1497 20141
internal_value=0 -0.000306324 -0.00379187 -0.00689008 -0.0042995 0.00387317 0.00666772 0.00323657 -0.00336139 0.00630413 -0.00214353 0.00237301 -0.00595136 0.00983486 -0.0228283 -0.00501721 0.0209788 -0.0204726 -0.0027616 0.00065195 0.0104519 -0.00597768 -0.0408815 -0.00356421 -0.086518 0.0112375 -0.0123341 0.0115405 -0.0149921 -0.0180124
internal_weight=0 75339.9 37977.3 27045.5 22713.4 10931.8 9878.88 37362.5 11857.8 25504.7 7517.73 6517.82 4503.1 17987 740.58 22386.5 2014.72 4332.09 19450.1 14598.6 5890.8 8707.84 563.176 8144.67 86.2169 17246.4 669.564 17205.6 867.684 4175.14
internal_count=364264 361364 183037 131105 109532 51932 46846 178327 56741 121586 35582 30972 21505 86004 4246 108000 9467 21573 93586 70434 28568 41866 2732 39134 431 81758 3770 81537 4135 20701
is_linear=0
shrinkage=0.1


Tree=48
num_leaves=31
num_cat=0
split_feature=99 109 22 30 17 89 107 107 92 107 95 34 90 88 88 90 92 32 113 95 87 6 91 88 90 143 123 62 157 154
split_gain=96.3466 81.6774 77.5828 79.7103 90.4135 89.7121 131.475 113.624 151.918 133.893 102.09 98.8727 98.8266 105.832 103.379 104.671 86.03 78.1732 77.714 78.9979 74.3814 73.9717 73.6164 71.7637 71.3738 67.4187 66.6298 65.2555 64.6646 63.855
threshold=1.0000000180025095e-35 -2.3811038979975914 1.0000000180025095e-35 1.0000000180025095e-35 1.0000000180025095e-35 0.13300485050468555 0.074478259935277777 0.066818302705464946 -0.15244240593078132 -0.5692398326281406 1.7573248512784416 1.0000000180025095e-35 0.34291185820948306 0.60001650525502093 -0.048598591161638331 -0.2625173559487049 0.4456273213429553 1.0000000180025095e-35 2.3589030957726576 -0.99516867054199853 -0.248127383187464 1.0000000180025095e-35 -1.2725662096561436 -0.58471605285788308 0.9536791964555974 3.1810310885308359 6.7891203403317348 1.0000000180025095e-35 0.81749947437400627 1.0000000180025095e-35
decision_type=2 2 2 2 2 2 2 2 2 2 2 2 2 2 2 2 2 2 2 2 2 2 2 2 2 2 2 2 2 2
left_child=1 -1 3 4 5 6 7 9 11 16 -10 -9 14 29 15 23 -3 -16 19 -8 -5 24 -19 -7 -15 -6 -21 -17 -11 -14
right_child=-2 2 -4 20 25 12 18 8 10 28 -12 -13 13 21 17 27 -18 22 -20 26 -22 -23 -24 -25 -26 -27 -28 -29 -30 -31
leaf_value=0.021225911251363888 0.0078688755210846086 0.013414248189622616 -0.041690763724148566 0.0096627682559357816 -0.098843423072095704 -0.026191383274643733 -0.045355576149883711 0.0065466214681588648 0.010384494685756699 -0.024233496022448939 0.079255688741079022 -0.015541298386749567 -0.044570987097287046 0.012761025045242272 -0.064959356067611246 -0.043011250459077714 -0.010788250602636551 -0.10975696809261151 -0.11048050311201479 -0.012031884548050289 -0.014474712234173166 0.27938592756480979 0.024314291259394223 0.015978630976302623 -0.0056367244246258528 0.12378378314822967 0.16193080909428967 0.010205657399029842 -0.069776710902677577 0.027111187673009275
leaf_weight=1525.6219535917044 12864.111416697502 2064.169291883707 493.43084413185716 1531.7820283174515 138.46081563457847 472.89510753005743 826.298075966537 3472.0905622281134 9903.4433608651161 1480.3653648085892 220.01493475586176 4867.8882173448801 805.23067183792591 3370.8274756595492 102.36714733764529 733.8834310695529 5091.0309342220426 41.276497110724449 92.042548257857561 3401.623101811856 7665.7770950458944 9.572366848587988 5252.3615170642734 2751.989425137639 5631.6249025985599 15.084608118981121 22.160345338284969 335.87345041334629 394.92957054823637 146.95073290914297
leaf_count=8903 61812 9557 2420 7299 720 2239 4648 16190 46023 6905 1014 23118 4060 15902 569 3515 23543 200 579 17698 37602 45 24569 13231 27667 80 109 1549 1818 680
internal_value=0 -0.00162968 -0.00219818 -0.00187789 -0.000350394 -0.000121909 -0.00340162 -0.000847769 0.00364812 -0.0100399 0.0118813 -0.00634568 0.00519042 -0.00180248 0.0123807 0.000803283 -0.00380619 0.0215951 -0.0195724 -0.0176036 -0.0104548 0.00154745 0.0232689 0.00979485 0.00125203 -0.0769721 -0.0109059 -0.0263026 -0.0338247 -0.0335082
internal_weight=0 62861.1 61335.4 60842 51644.5 51490.9 31836.1 27493.9 18463.4 9030.5 10123.5 8339.98 19654.9 9964.21 9690.65 4294.64 7155.2 5396.01 4342.12 4250.08 9197.56 9012.02 5293.64 3224.88 9002.45 153.545 3423.78 1069.76 1875.29 952.181
internal_count=364264 302452 293549 291129 246228 245428 151202 128168 86345 41823 47037 39308 94226 48354 45872 20534 33100 25338 23034 22455 44901 43614 24769 15470 43569 800 17807 5064 8723 4740
is_linear=0
shrinkage=0.1


Tree=49
num_leaves=31
num_cat=0
split_feature=37 107 31 95 88 74 124 88 60 34 96 88 157 2 88 90 100 108 59 92 95 94 32 67 109 90 87 97 90 89
split_gain=88.0743 78.2247 78.9464 107.06 85.4736 90.379 88.203 77.3227 76.4272 73.1839 72.6903 76.9117 88.0095 72.5616 105.958 79.7734 73.5527 118.478 69.9191 69.4448 70.3439 68.0074 68.7819 66.48 65.316 65.2834 64.3737 63.8932 63.5308 72.0337
threshold=1.0000000180025095e-35 1.359764289657293 3.5000000000000004 0.77471567985896528 -0.15138216203974189 1.0000000180025095e-35 -1.1899528085187197 -0.13876332095927876 1.0000000180025095e-35 1.0000000180025095e-35 1.4955909403419261 -0.68105690557870779 -0.8288608879445768 1.0000000180025095e-35 -1.2323647415509502 -0.2625173559487049 1.0059582487262619 0.90289061165946449 1.0000000180025095e-35 -0.19222227311183263 -0.86912545244856676 1.3480049526674056 1.0000000180025095e-35 1.0000000180025095e-35 -2.8335911921928405 -0.84990467905688383 0.12382467985565183 -0.80838281312616234 0.34291185820948306 -0.40505874927294733
decision_type=2 2 2 2 2 2 2 2 2 2 2 2 2 2 2 2 2 2 2 2 2 2 2 2 2 2 2 2 2 2
left_child=8 13 4 -4 6 7 -3 -6 10 26 11 12 -1 16 -15 23 -2 -18 -5 20 -14 22 -13 -16 -17 -21 -8 -9 29 -24
right_child=1 2 3 18 5 -7 9 27 -10 -11 -12 21 19 14 15 24 17 -19 -20 25 -22 -23 28 -25 -26 -27 -28 -29 -30 -31
leaf_value=-0.050500764068434706 0.0030660566937770807 0.1402043762413597 -0.0086615707358774253 0.11390523757670819 0.14998345126808893 0.084740091013173646 0.049588903555338418 0.02624096283269331 0.006463106736263928 -0.062611677406520391 0.0071001449719404908 -0.046846910191325655 -0.098319272122298698 -0.037955881570666844 0.022202866927792761 -0.3224196293528685 -0.0033951570365888585 -0.045067750285456093 -0.13749551170856331 0.0013796443344685717 -0.02578478283449654 0.022590088104887666 -0.020112529462931048 -0.0045821424330811629 0.0018623325672279892 -0.030066214245791228 -0.14631799981991758 -0.031049885006801621 -0.01483692018201806 0.0045166402106230821
leaf_weight=802.7109349668026 28541.55169107765 24.832619898021221 343.47096569463611 135.00632765889168 28.206030167639256 102.23785515129566 107.96257141977549 253.71633627265692 5056.2936801090837 762.36408646032214 3062.7571277432144 427.78956938162446 162.76973503082991 443.7302992194891 6276.5322679132223 6.2196597456932059 4398.3140849396586 807.48839709162712 12.050164315849541 2335.4081528261304 748.68192150443792 802.05253939703107 1475.5919283591211 1087.1304840222001 4556.0253571942449 920.3869000300765 19.858046568930149 836.35573202371597 4982.6394237577915 6082.5078216232359
leaf_count=4142 135801 127 1935 685 142 557 529 1440 23538 4584 14496 2529 847 2072 30384 32 20645 4271 75 10983 3686 3892 7102 5293 21161 4411 119 4890 24994 28902
internal_value=0 0.00251778 -0.01427 0.0219072 -0.0225798 -0.00525754 -0.0456856 -0.0134855 -0.00461382 -0.0508712 -0.00718261 -0.00951684 -0.0201805 0.00347374 0.0100256 0.0118109 0.00107224 -0.00985912 0.0933049 -0.01434 -0.0387382 -0.00566821 -0.00741588 0.0182485 0.00142024 -0.00750985 0.0191531 -0.0177153 -0.00607081 -0.000291791
internal_weight=0 48743.1 2626.06 490.527 2135.53 1220.52 915.017 1118.28 26859.6 890.185 21803.3 18740.5 4969.96 46117 12369.6 11925.9 33747.4 5205.8 147.056 4167.25 911.452 13770.6 12968.5 7363.66 4562.25 3255.8 127.821 1090.07 12540.7 7558.1
internal_count=364264 234742 15083 2695 12388 7029 5359 6472 129522 5232 105984 91488 24069 219659 58942 56870 160717 24916 760 19927 4533 67419 63527 35677 21193 15394 648 6330 60998 36004
is_linear=0
shrinkage=0.1


Tree=50
num_leaves=31
num_cat=0
split_feature=108 107 92 52 109 108 29 46 92 28 49 93 136 94 154 107 115 154 91 89 117 95 155 88 88 109 109 157 95 95
split_gain=82.3763 82.7234 86.0688 113.449 107.305 89.2452 78.8084 76.6546 75.924 75.2928 75.0946 74.8213 73.242 70.3401 82.1723 85.2331 67.9782 67.938 66.2572 69.6562 65.9543 69.0663 65.5532 111.517 65.0924 65.0375 79.9044 63.1733 60.5756 59.4798
threshold=-2.6783801296787177 -2.5953737915384516 1.3778479329375231 1.0000000180025095e-35 -0.27250155451623009 1.3184019592559511 5.5000000000000009 1.0000000180025095e-35 -1.3924768863332075 1.5000000000000002 1.0000000180025095e-35 0.42633155983351839 5.0804962292567515 -0.86473170849476533 1.0000000180025095e-35 -1.0853529718532993 -0.43532359563816375 7.5652180319445579 -0.72489187519079568 -0.74588360661780795 -0.60451192813911947 0.61501694279817731 0.45971707529596234 -0.81814239657694376 -1.2323647415509502 -1.2122831096143487 -0.75935497044673994 1.1723601389793314 1.3435599416209456 -0.54642841764391681
decision_type=2 2 2 2 2 2 2 2 2 2 2 2 2 2 2 2 2 2 2 2 2 2 2 2 2 2 2 2 2 2
left_child=-1 -2 3 6 8 7 11 12 -5 24 25 18 22 14 15 -9 -14 -7 27 -20 -13 -22 -6 -24 -10 -4 -27 -3 -12 -16
right_child=1 2 10 4 5 17 -8 13 9 -11 28 20 16 -15 29 -17 -18 -19 19 -21 21 -23 23 -25 -26 26 -28 -29 -30 -31
leaf_value=0.042018701705083733 0.022272903736374125 -0.0053441584367874559 5.5123160797736096e-05 -0.021123718501080305 -0.018942324202049571 -0.05731783086423077 -0.085042667438744168 0.037700249016335299 -0.049938601315669975 -0.23936204216566137 -0.010810833223233847 0.030976920506094408 -0.16182894096220576 0.00087752705348639003 0.064570478903540798 -0.025765091895983683 0.20682257246724017 0.3892844987592361 -0.010570834354239536 0.011294822516686034 0.0037990238958408385 0.02220755901127865 -0.053588105234492735 0.012446710028000319 0.0061654799029145233 -0.10573991532255811 -0.030998245300601853 -0.043610516563641566 0.018358626391165839 -0.0068679904108275422
leaf_weight=463.32797195017338 1592.3316112607718 3077.536603808403 588.97152370214462 1171.3452383726835 6661.4649281911552 397.08053932711482 94.766144707798958 228.88958162814379 209.52172051370144 12.574130252003668 3226.2781307026744 1576.7354239448905 6.1823435351252547 14445.704928703606 203.80081028491259 2802.9223163537681 26.197301108390093 3.4356774091720572 1951.0253783985972 5752.7590562924743 7238.2539561577141 2836.9120255000889 303.70464599132538 1619.2369379140437 15894.798586182296 161.24380430579185 1266.681254953146 501.75656686723232 913.5205869153142 272.22749315202236
leaf_count=2900 8481 14836 2775 5371 33778 2764 475 1034 943 57 15171 7367 30 68173 948 13796 144 18 9560 28173 34547 13642 1538 7820 75468 696 5797 2395 4309 1258
internal_value=0 -0.000276744 -0.00076563 0.000269852 -0.00269206 -0.00663424 0.00596212 -0.00592799 0.00345801 0.00524456 -0.0120828 0.00633815 -0.0136811 -0.00220692 -0.014909 -0.0209737 0.136435 -0.0534868 0.000533872 0.00575723 0.0119587 0.0089824 -0.0142473 0.00201733 0.00543555 -0.0279054 -0.0394382 -0.0107085 -0.00437407 0.0237168
internal_weight=0 75037.9 73445.5 67288.8 44259.1 26970.8 23029.7 26570.3 17288.2 16116.9 6156.7 22935 8616.79 17953.5 3507.84 3031.81 32.3796 400.516 11283.1 7703.78 11651.9 10075.2 8584.41 1922.94 16104.3 2016.9 1427.93 3579.29 4139.8 476.028
internal_count=364264 361364 352883 324135 213140 131301 110995 128519 81839 76468 28748 110520 43310 85209 17036 14830 174 2782 54964 37733 55556 48189 43136 9358 76411 9268 6493 17231 19480 2206
is_linear=0
shrinkage=0.1


Tree=51
num_leaves=31
num_cat=0
split_feature=154 7 20 42 127 61 39 107 108 121 89 109 116 94 97 109 87 92 109 108 147 29 87 90 92 124 109 107 140 89
split_gain=76.0794 78.8166 85.2717 80.6558 77.1395 76.1359 67.2931 63.8275 63.7071 60.2852 59.646 66.7392 60.007 58.3412 60.9009 56.9842 56.8451 70.9688 57.5952 55.866 99.8512 62.0539 55.3222 102.647 113.256 98.1758 79.2616 69.6893 80.0452 67.0876
threshold=1.0000000180025095e-35 1.0000000180025095e-35 1.0000000180025095e-35 1.0000000180025095e-35 -0.26396625360463688 1.0000000180025095e-35 1.0000000180025095e-35 2.2914561271193032 -2.3612433449312884 10.860765068145282 1.5533390214605574 -1.9717926911380224 -1.1209759517778928 1.1491176691599361 -0.80838281312616234 0.96917552424031972 1.6138995211473997 -1.4500891077678335 1.7118225529719047 1.3184019592559511 -0.49424300723673459 10.500000000000002 0.23949255346757928 1.1957709918264003 0.15427408723070377 0.019681804457363485 0.047618065970628662 2.1704363603167169 0.007258990669718423 2.1639643409796312
decision_type=2 2 2 2 2 2 2 2 2 2 2 2 2 2 2 2 2 2 2 2 2 2 2 2 2 2 2 2 2 2
left_child=1 6 3 4 -3 8 7 16 -5 13 11 -4 -13 19 15 -15 18 -18 22 21 -21 -10 23 29 25 -25 -26 -24 -29 -1
right_child=-2 2 10 5 -6 -7 -8 -9 9 -11 -12 12 -14 14 -16 -17 17 -19 -20 20 -22 -23 27 24 26 -27 -28 28 -30 -31
leaf_value=-0.0010404263636555225 0.0082252649250731304 0.011688448373401855 0.058320351130672111 0.023079588373375384 -0.011879491807207815 -0.016969004558680063 -0.018673608456371733 -0.080430548331140134 0.0017529932300847991 0.15404585743829935 0.06717036737430053 0.0085932074322720518 -0.085477424639237354 0.039695640331131238 0.007103098707782596 -0.048723803061897421 0.2937139584099015 0.040331625846503495 -0.062873208148725435 0.053177460138456825 -0.063252964374394011 -0.16734904493316693 -0.021309007147269955 0.048441322562383503 0.021988884386061284 0.17974227463976156 -0.14735605934084087 0.32940920877159763 -0.12253530730838409 -0.17192871039265464
leaf_weight=7311.3454774618149 9751.0705115869641 1703.7704727053642 49.053739413619041 1631.1807730346918 7511.8902905955911 1860.6738511510193 4109.0314124859869 106.43396805971861 32409.47515758872 26.371905036270618 46.496242135763168 86.396560572087765 315.20411135628819 1015.0996326729655 4618.6714436113834 78.526987835764885 12.573865979909895 91.441525336354971 159.9221571944654 96.561944171786308 310.53978239372373 21.715119414031506 1605.6336140409112 195.57521279156208 102.53672471642494 80.33968922495842 37.837941266596317 11.745477341115476 5.8811759091913691 23.045424237847328
leaf_count=34973 46750 8135 246 9962 36100 9144 19999 854 153888 135 240 404 1572 4784 22018 399 79 502 959 582 1883 113 8225 963 469 443 206 71 48 118
internal_value=0 -0.00124114 0.000551238 0.000950783 -0.0075223 0.00280691 -0.00794079 -0.00341492 0.00372206 0.00290355 -0.0406646 -0.0517904 -0.06524 0.00280016 0.0121275 0.0333468 -0.00256441 0.0709617 -0.00336659 0.00117765 -0.0356364 0.00163977 -0.00235139 0.00116432 0.0494689 0.086673 -0.023658 -0.0191381 0.178617 -0.00157738
internal_weight=0 65635 51781.6 51284.5 9215.66 42068.8 13853.3 9744.31 40208.1 38577 497.151 450.654 401.601 38550.6 5712.3 1093.63 9637.88 104.015 9533.86 32838.3 407.102 32431.2 9373.94 7750.68 416.29 275.915 140.375 1623.26 17.6267 7334.39
internal_count=364264 317514 249605 247143 44235 202908 67909 47910 193764 183802 2462 2222 1976 183667 27201 5183 47056 581 46475 156466 2465 154001 45516 37172 2081 1406 675 8344 119 35091
is_linear=0
shrinkage=0.1


Tree=52
num_leaves=31
num_cat=0
split_feature=75 95 92 32 93 49 108 127 41 96 89 107 96 95 31 134 137 90 116 116 89 61 118 115 88 107 87 109 126 90
split_gain=73.4073 76.0853 90.7718 102.524 97.182 94.9959 93.7659 89.5217 76.6322 80.7069 69.8304 68.4582 67.5418 65.916 73.3531 65.0225 64.8924 64.5576 73.0944 64.4411 65.4228 64.2607 96.3746 69.596 63.7928 61.5345 59.8416 63.9666 75.8271 72.9766
threshold=1.0000000180025095e-35 1.5626507709770678 1.229702220677056 1.0000000180025095e-35 0.43960251944358431 1.0000000180025095e-35 0.98251811260801014 0.64205459337969983 1.0000000180025095e-35 -0.18107138890338029 3.1149533204723272 0.87997315492422434 0.46379873772942976 -0.011899586985907651 2.5000000000000004 -0.91675443059944595 3.5220745973506244 3.3140742013209255 1.0000000180025095e-35 -0.17752843242408081 -0.8216737079579145 1.0000000180025095e-35 -1.7373290879289656 3.0737859835435413 -1.1721142186456401 1.1722571835998117 -0.39987712091306865 -1.7449900831852387 0.010407274880178577 -1.0314735255849858
decision_type=2 2 2 2 2 2 2 2 2 2 2 2 2 2 2 2 2 2 2 2 2 2 2 2 2 2 2 2 2 2
left_child=1 2 3 6 24 21 15 -6 -8 -10 16 -3 -11 14 -7 -1 17 -2 -19 -13 -21 26 -23 -24 -5 -22 -4 29 -29 -28
right_child=10 11 5 4 7 13 8 -9 9 12 -12 19 -14 -15 -16 -17 -18 18 -20 20 25 22 23 -25 -26 -27 27 28 -30 -31
leaf_value=-0.11022485775843704 0.0071536367658435948 0.014588632639163143 0.090780320369964973 -0.030686876731202746 0.0069938980420778465 -0.036140329137397446 -0.089779876256391999 -0.02698183322973003 -0.036715166291173162 0.39696129178142364 -0.099593671372098125 -0.11723245139530135 -0.031175421907066216 -0.0027903093012133394 -0.21731838465144673 -0.010004293669094645 -0.080915876084485028 -0.12566685968868316 0.1417565523472174 -0.14660443660782124 -0.094984575447392694 0.08843535811357825 -0.13041270064774277 0.092349567649916281 -0.0027577727310277942 0.026131705535087923 -0.20731879194530811 -0.06643579467237716 -0.021620852239324646 0.018919712409303575
leaf_weight=66.137547273188829 13327.450634945184 4214.563222207129 45.192157492041588 845.68365525454283 19187.235528543591 111.4501129090786 274.54295939579606 808.18097953125834 39.231773432344198 9.5845711678266508 61.585378162562847 68.623245000839233 5.9860690757632247 5215.0702778398991 27.950659677386284 3056.1028366982937 83.187705788761377 12.15076821297407 64.34893861413002 31.762598015367985 50.999015226960182 28.411591865122318 156.16208566725254 15.40879977494478 24821.29935117811 236.36860265955329 14.79239785671234 499.58638400584459 1545.6577994078398 394.46213518828154
leaf_count=331 63524 20079 206 4244 91847 556 2094 3939 270 63 303 414 37 24957 133 15097 408 63 307 188 258 131 748 67 121163 1270 67 2351 7155 1994
internal_value=0 -0.00148013 -0.00247592 -0.000862289 0.000393857 -0.0123158 -0.0174803 0.00562066 -0.0682285 0.039737 0.00664786 0.0108893 0.232366 -0.00460432 -0.0724676 -0.0121272 0.00713298 0.00767943 0.0992806 -0.0293197 -0.0104156 -0.0276107 -0.0821569 -0.110406 -0.00367799 0.00463725 -0.0232468 -0.0253463 -0.0325677 0.0107424
internal_weight=0 61770.4 57168.1 49114 45662.4 8054.14 3451.59 19995.4 329.345 54.8024 13548.7 4602.32 15.5706 5354.47 139.401 3122.24 13487.1 13404 76.4997 387.753 319.13 2699.67 199.982 171.571 25667 287.368 2499.69 2454.5 2045.24 409.255
internal_count=364264 299659 277450 239085 221193 38365 17892 95786 2464 370 64605 22209 100 25646 689 15428 64302 63894 370 2130 1716 12719 946 815 125407 1528 11773 11567 9506 2061
is_linear=0
shrinkage=0.1


Tree=53
num_leaves=31
num_cat=0
split_feature=99 109 4 93 120 152 108 22 156 37 45 145 100 114 111 88 100 123 110 93 135 112 89 134 91 109 137 91 95 151
split_gain=72.7019 62.5644 67.6988 76.3638 76.4339 76.3383 75.896 73.7748 72.4497 67.2549 77.3876 70.3454 65.7458 61.9223 61.2827 63.4278 69.4795 61.1455 59.7858 76.1077 68.3331 66.8869 62.3227 61.3603 54.5709 54.3948 55.2443 53.033 89.1427 74.3811
threshold=1.0000000180025095e-35 -2.3811038979975914 1.0000000180025095e-35 -3.716348315863498 -1.4760327429384337 -0.036372731855974831 1.3914084647211726 1.0000000180025095e-35 3.8941364329716257 1.0000000180025095e-35 1.0000000180025095e-35 -0.37331980720649599 -1.4227506895879831 8.3585500280091054 -1.667456494806294 -0.82398527545751044 -0.20839622043086076 -0.48901545728593132 1.0000000180025095e-35 -3.3817917050484501 0.23054561414732752 0.47461316928160663 0.2098710790443474 0.18455434209644864 -1.0691212809159036 -2.8335911921928405 1.0254111668354433 -0.92723749775988507 -1.76792578251796 -0.21526174107418422
decision_type=2 2 2 2 2 2 2 2 2 2 2 2 2 2 2 2 2 2 2 2 2 2 2 2 2 2 2 2 2 2
left_child=1 25 6 -4 5 24 8 18 9 -3 11 -11 -12 -14 17 16 -16 -8 19 22 23 -22 -6 -21 -5 26 -1 29 -29 -2
right_child=27 2 3 4 7 -7 14 -9 -10 10 12 -13 13 -15 15 -17 -18 -19 -20 20 21 -23 -24 -25 -26 -27 -28 28 -30 -31
leaf_value=-0.017026697136879498 0.020595371836663171 -0.0054220629938219475 -0.082744767260156754 -0.12861686830306041 -0.023209475939246701 0.12367621234992232 -0.15049563333219995 -0.086161397484969704 0.030272712929353393 0.017604614703607049 -0.083697236026596455 0.0021286023073487335 -0.013050478993729672 0.29214737150067438 0.18257280911407964 -0.099624133900172024 -0.084310899315354806 0.1907206590929143 -0.0036446249696024725 -0.0087947171990883834 -0.041419691416633153 0.17217878239898346 0.24375449196819587 -0.099979985944889854 0.020572765559883799 0.027053684146064856 -0.31900775540260534 -0.11601718461054833 0.0031746861709300435 -0.021487475654518428
leaf_weight=234.39054742455482 3799.2278210148215 15755.21037818864 133.87447244301438 25.580415330827236 15.428100757300852 71.297633305191994 7.4282095804810551 120.98571902513504 795.0433949008584 3364.318704482168 137.8226070702076 23128.844312638044 1657.2751045711339 6.6746657788753501 18.422657679766417 173.81888941675425 20.732230082154274 17.924276113510132 10498.416653025895 3106.427570424974 1202.8368507102132 14.841263048350809 20.18603103607893 75.592696122825146 590.28557714819908 1260.9679456427693 6.2187070399522772 63.215902552008629 8457.5315973907709 472.20486529916525
leaf_count=1322 18391 75703 776 122 81 335 45 616 3724 15877 681 110129 8182 40 117 1142 141 89 51023 15313 6011 75 106 385 2836 7551 30 300 40868 2253
internal_value=0 -0.00142565 -0.00192237 -0.00753818 -0.0068986 0.0257167 5.51862e-05 -0.0083873 0.000354295 -0.000185691 0.00273003 0.00409387 -0.0173238 -0.0118262 -0.0562272 -0.0737228 0.0412598 0.0907452 -0.00775721 -0.0174917 -0.0186703 -0.0388163 0.128105 -0.0109609 0.0143761 0.0187397 -0.0248316 0.00684918 0.0022904 0.0159431
internal_weight=0 62460.8 60959.3 15875.8 15741.9 687.164 45083.5 15054.7 44845.2 44050.1 28294.9 26493.2 1801.77 1663.95 238.326 212.974 39.1549 25.3525 14933.7 4435.31 4399.7 1217.68 35.6141 3182.02 615.866 1501.58 240.609 12792.2 8520.75 4271.43
internal_count=364264 302452 293549 77679 76903 3293 215870 73610 214336 210612 134909 126006 8903 8222 1534 1400 258 134 72994 21971 21784 6086 187 15698 2958 8903 1352 61812 41168 20644
is_linear=0
shrinkage=0.1


Tree=54
num_leaves=31
num_cat=0
split_feature=30 60 109 87 156 89 157 71 2 107 54 142 89 93 90 92 94 120 89 157 107 89 88 107 118 148 125 96 94 90
split_gain=70.6089 86.2168 77.4055 75.3716 74.4969 69.485 101.19 128.165 112.105 100.484 98.8913 92.8184 89.1219 95.0195 87.5113 86.0377 83.5873 80.8114 72.8782 69.6251 77.0172 69.4882 78.1775 76.0155 67.453 67.3028 97.9441 65.0441 64.9499 68.3334
threshold=1.0000000180025095e-35 1.0000000180025095e-35 -0.19074300470600933 -0.44756328284167318 3.8941364329716257 0.13300485050468555 -0.21207925660674998 1.0000000180025095e-35 1.0000000180025095e-35 0.074377827176704117 1.0000000180025095e-35 -0.57912555303651636 0.26214011445131752 0.83601892586039106 0.94157460668705728 -0.069316200717963808 -2.0022436292064776 0.64987781518315124 0.46276097093983493 1.0601082960939734 -0.25064068027708031 0.55884375661441232 -0.31767093930605667 -0.97423993013298715 -0.35255029046298375 -1.4511277735060035 -0.48234789168709041 2.5273831429544225 0.59870867526717197 1.4136536076601229
decision_type=2 2 2 2 2 2 2 2 2 2 2 2 2 2 2 2 2 2 2 2 2 2 2 2 2 2 2 2 2 2
left_child=1 4 -2 -4 5 6 7 10 9 19 28 25 -7 18 15 17 -12 -10 -14 20 -8 -20 24 -24 -23 -11 -27 -18 29 -1
right_child=2 -3 3 -5 -6 12 8 -9 14 11 16 -13 13 -15 -16 -17 27 -19 21 -21 -22 22 23 -25 -26 26 -28 -29 -30 -31
leaf_value=-0.015466436076300639 0.00086332267671774491 0.012116626765407656 0.097927260844741321 -0.016766259144930237 0.027675433322461918 0.017798713267730915 -0.0042842350771405222 0.011076062331341488 -0.00083987026308191795 0.055883255495532982 0.11791573491362213 0.0027527632352214145 -0.017442811046420169 0.019518618372319239 -0.074937848054462172 0.02036472072264724 -0.0019837478288780588 -0.12312385028090976 0.021849550225743888 -0.035144415089703167 -0.053651889138524922 -0.15750881381207157 0.021287960612027614 -0.003289967138044084 -0.028360392065494778 -0.12601039219544405 -0.021825732692912624 0.11409242289457731 -0.035654934656799607 0.30640263975379889
leaf_weight=5153.7129656858742 5796.5673517994583 6582.7970253564417 57.890603125095367 5585.3541672192514 958.48855231702328 3894.5437528453767 3561.2669496275485 2092.1905088089406 2026.8907853700221 59.73778447881341 65.484069041907787 12141.257802601904 2535.4665605947375 2379.1590984389186 115.66981369256973 4641.3324155472219 1318.8827727995813 55.522665623575449 1437.1361197717488 1331.2490369975567 346.7836642563343 44.161069132387638 1479.7610373720527 8411.2841747812927 480.09576787799597 138.10591578483582 260.31706488877535 50.109102502465248 2175.7728474810719 6.6043635159730902
leaf_count=25309 27971 31078 275 28053 4576 18968 16852 10080 9759 284 327 58726 12255 11330 570 22471 6368 285 6936 6402 1619 217 6858 41495 2333 683 1281 248 10624 31
internal_value=0 0.00127931 -0.00725293 -0.0155897 3.1259e-05 -0.00044019 -0.00312112 -0.0111636 0.000418994 -0.00375436 -0.0164688 0.00108544 0.00417139 0.00100613 0.011304 0.0127877 0.00754446 -0.00410029 -0.00205507 -0.0153931 -0.00866491 0.00123667 -0.00160756 0.000387042 -0.0392393 -0.0430985 -0.0579394 0.00226498 -0.0211643 -0.0150545
internal_weight=0 63743.8 11439.8 5643.24 57161 56202.5 35540.9 10862.8 24678.1 17838.7 8770.57 12599.4 20661.6 16767.1 6839.42 6723.75 1434.48 2082.41 14387.9 5239.3 3908.05 11852.4 10415.3 9891.05 524.257 458.161 398.423 1368.99 7336.09 5160.32
internal_count=364264 307965 56299 28328 276887 272311 171919 52987 118932 85847 42907 60974 100392 81424 33085 32515 6943 10044 70094 24873 18471 57839 50903 48353 2550 2248 1964 6616 35964 25340
is_linear=0
shrinkage=0.1


Tree=55
num_leaves=31
num_cat=0
split_feature=90 90 88 89 92 100 90 88 140 93 89 89 89 96 34 153 109 48 119 91 107 92 107 92 92 157 31 101 109 69
split_gain=65.7734 142.943 123.019 144.34 119.857 124.688 113.311 116.097 132.156 83.5909 80.8727 99.2286 80.5288 78.5422 83.4337 84.1336 74.3311 73.0325 67.8424 66.0167 69.557 106.122 102.312 95.2068 83.5273 81.8728 82.3523 81.1744 80.8806 68.6622
threshold=0.34291185820948306 0.3586841386778909 -0.22506797392992892 -0.22365444991934538 -1.3013947076841796 1.3095468660155425 -0.2625173559487049 0.11554076202979126 0.07545271690056865 0.65193787320463847 1.7376642374986664 2.3928719695707441 -0.018575352175527613 -0.31004541422994231 1.0000000180025095e-35 2.1011760263542034 -2.8335911921928405 1.0000000180025095e-35 -0.60507106941860422 0.82443359888447987 0.074377827176704117 -0.15244240593078132 -1.5842276300864027 0.4944605376065907 0.42258243276910495 -0.028613878987670354 2.5000000000000004 1.0000000180025095e-35 1.6987733955331408 1.0000000180025095e-35
decision_type=2 2 2 2 2 2 2 2 2 2 2 2 2 2 2 2 2 2 2 2 2 2 2 2 2 2 2 2 2 2
left_child=2 18 4 16 13 17 -5 8 -8 -7 -9 -12 -10 -1 -15 -16 -4 19 -2 20 22 25 24 -24 -6 26 -22 -25 -27 -23
right_child=1 -3 3 6 5 9 7 10 12 -11 11 -13 -14 14 15 -17 -18 -19 -20 -21 21 29 23 27 -26 28 -28 -29 -30 -31
leaf_value=-0.085652233732570415 0.012245378586936645 -0.0032902969375358943 -0.32136739394498881 0.025151645052009831 0.040820688171257578 -0.032993480052701099 0.00034965618164483784 0.009783711299338603 -0.12493436298809701 0.0002972270371186164 0.058077228417739005 -0.029761094336091323 -0.033240666920200751 0.0020330364223758858 -0.039433099419332575 0.057682460855900689 -0.0079005427350325712 -0.0087155873581736439 -0.057547795215178658 -0.012889900288950677 -0.032201953523031415 0.017106676677610105 0.003042636339855305 -0.024093144316628377 0.0028503182694267948 0.0093805573005170916 0.0081312987677883124 -0.1950822850227367 -0.099041311495388487 -0.01986779442797483
leaf_weight=177.721276383847 172.20070945471525 16485.833440631628 7.5784999877214423 4877.8850054591894 714.57935064285994 1821.5913964137435 2618.1962062120438 6339.6919374540448 121.34267121180892 1287.2386708781123 714.73422833532095 156.82758317142725 454.64349770918489 1244.0391609743237 1377.0874966941774 95.384361438453197 4132.2422198839486 5518.6226857677102 728.42133451998234 2149.2535866238177 1347.7482803985476 9905.8024208322167 2127.0323232039809 2332.2332747653127 3061.3167168572545 3703.4688692800701 810.76587577909231 28.098497182130814 70.105912618339062 529.06796498596668
leaf_count=981 854 80235 36 25142 3545 9048 12357 29834 631 6163 3325 754 2196 5902 7263 468 19693 27578 3576 10250 6590 47563 9887 10845 15042 17577 3880 125 365 2559
internal_value=0 -0.00540959 0.00160643 0.00808909 -0.00168103 -8.16603e-05 0.0125757 0.00668027 -0.00919079 -0.0192092 0.0137103 0.0422717 -0.0525577 -0.021247 -0.0170335 -0.0331421 -0.00847439 0.00175944 -0.0442032 0.0039181 0.00538478 0.00916075 -0.00209424 -0.0123013 0.0100361 -0.00151891 -0.0170523 -0.0261287 0.00736628 0.015232
internal_weight=0 17386.5 57724.3 19423.1 38301.2 35406.9 15283.3 10405.4 3194.18 3108.83 7211.25 871.562 575.986 2894.23 2716.51 1472.47 4139.82 32298.1 900.622 26779.5 24630.2 16367 8263.26 4487.36 3775.9 5932.09 2158.51 2360.33 3773.57 10434.9
internal_count=364264 84665 279599 93968 185631 171017 74239 49097 15184 15211 33913 4079 2827 14614 13633 7731 19729 155806 4430 128228 117978 78534 39444 20857 18587 28412 10470 10970 17942 50122
is_linear=0
shrinkage=0.1


Tree=56
num_leaves=31
num_cat=0
split_feature=95 92 35 92 107 90 109 148 49 95 75 107 107 92 121 37 140 60 94 107 96 108 108 155 89 88 88 110 109 95
split_gain=63.3105 77.8068 90.1314 151.051 157.373 101.796 94.2296 88.8967 77.4351 70.473 70.0978 68.5667 69.4965 93.1395 70.0863 65.307 64.274 63.0389 61.6558 61.2368 57.4647 88.5715 61.1831 64.5826 61.1433 57.3697 56.8465 92.6976 87.0855 77.7123
threshold=-0.93247701756359003 1.1626251342924558 1.0000000180025095e-35 -0.45312333303721036 0.074478259935277777 0.98999296576121776 -0.0470549133308883 -0.1072024666818281 1.0000000180025095e-35 1.3435599416209456 1.0000000180025095e-35 0.074377827176704117 -2.3641025643559801 -0.66519117669895267 0.4688781566546521 1.0000000180025095e-35 0.24593703247769419 1.0000000180025095e-35 1.1728608022298201 -0.085704408006954821 0.46379873772942976 1.0612334083205461 0.8840311621806779 0.45971707529596234 -0.80076609379512653 -0.091748140613274923 -0.75240445510319287 -1.1086797538051416 0.18899337590304918 -1.3792375340518273
decision_type=2 2 2 2 2 2 2 2 2 2 2 2 2 2 2 2 2 2 2 2 2 2 2 2 2 2 2 2 2 2
left_child=26 2 3 10 -5 11 -7 -6 -3 -10 -2 12 16 14 19 20 -4 -9 -16 -14 21 24 -22 -24 -13 -12 27 -1 -29 -30
right_child=1 8 5 4 7 6 -8 17 9 -11 25 15 13 -15 18 -17 -18 -19 -20 -21 22 -23 23 -25 -26 -27 -28 28 29 -31
leaf_value=0.028656890441179212 -0.012282631511216028 -0.016904965778157525 0.034664145031006989 0.011084975962881539 -0.007675159855054914 0.012189111043108778 -0.031445560371058889 -0.06392161111141946 -0.0042283507545082732 0.020127961931013932 -0.0089434167673821379 -0.027915571308660337 0.044832329123985298 -0.011548887688817407 -0.19095356671568087 0.022623830788616281 -0.23222250648559478 0.20634829366984919 0.10751534217638768 -0.069241606609599146 0.013055460678125458 -0.05446073079055113 0.030421167388970983 0.12358177264662798 0.0099989812434712715 0.022745278987592651 -0.002191178074311839 -0.010470420121516125 0.0036487313689994964 -0.058503986843270461
leaf_weight=415.16853226721287 9854.387652695179 4042.7342700026929 643.67363204061985 12632.314572185278 2484.8140063285828 872.8333193063736 1143.0051986537874 398.60775385051966 6915.424232326448 1434.3519734963775 1124.6403963118792 501.70952071249485 611.54569729417562 3199.807268679142 25.336785405874252 5954.6735572367907 9.1519374996423704 8.8210237175226194 9.5222553089261037 50.981737889349461 2462.4593727439642 278.91146684065461 262.04092414677143 103.92569366842508 2794.2988509498537 1161.1964865289629 12066.941826790571 2387.0148392617702 261.61819901689887 870.71521757170558
leaf_count=2011 49232 19107 3419 59963 12557 3937 5764 2256 33239 7057 5439 2425 2893 15160 122 29109 47 41 46 230 11473 1706 1298 495 13190 5492 59105 11129 1486 4836
internal_value=0 0.00149759 0.00337082 -0.000266985 0.00626737 0.00868892 -0.0125523 -0.0147743 -0.00554468 -4.43434e-05 -0.00862292 0.0112214 0.000726479 -0.00433174 0.0287826 0.0150854 0.0309227 -0.0580701 -0.109422 0.0360543 0.00807521 -0.000351082 0.0187254 0.0568765 0.00422773 0.00715432 -0.00559463 -0.0160328 -0.0213047 -0.044144
internal_weight=0 58981.2 46588.7 27664.8 15524.6 18923.9 2015.84 2892.24 12392.5 8349.78 12140.2 16908 4550.02 3897.19 697.386 12358 652.826 407.429 34.859 662.527 6403.35 3574.92 2828.43 365.967 3296.01 2285.84 16001.5 3934.52 3519.35 1132.33
internal_count=364264 285697 226294 134980 74817 91314 9701 14854 59403 40296 60163 81613 21917 18451 3291 59696 3466 2297 168 3123 30587 17321 13266 1793 15615 10931 78567 19462 17451 6322
is_linear=0
shrinkage=0.1


Tree=57
num_leaves=31
num_cat=0
split_feature=108 107 31 18 108 89 95 88 109 89 93 61 141 92 87 34 100 150 94 90 151 147 88 2 87 92 96 69 108 92
split_gain=62.0275 59.9323 62.129 73.2159 72.9603 69.1269 67.5504 63.7921 63.6147 66.5409 63.1392 59.2582 59.0108 71.6316 58.861 64.6672 59.5603 57.9146 57.7573 78.5595 65.4787 55.9268 60.5744 55.6732 85.0512 73.0268 70.5828 62.495 62.415 61.7822
threshold=-2.6783801296787177 -2.5953737915384516 1.0000000180025095e-35 1.0000000180025095e-35 1.3184019592559511 2.3928719695707441 1.2234559327570471 -1.3118434457153112 -2.1233080352556093 -0.033641132969301331 0.25252479848878467 1.0000000180025095e-35 1.5019306150522029 0.85933794002588881 -0.47887254028868842 1.0000000180025095e-35 1.0059582487262619 0.96605816513501896 -1.1555080005064606 2.7693676617366187 -0.19077357608764237 -0.58234436448292259 3.3327620604733181 1.0000000180025095e-35 0.015036383077608429 -0.82677974062749893 -0.56799346488306635 1.0000000180025095e-35 0.47367649222272895 1.104327053078846
decision_type=2 2 2 2 2 2 2 2 2 2 2 2 2 2 2 2 2 2 2 2 2 2 2 2 2 2 2 2 2 2
left_child=-1 -2 4 5 6 7 8 14 11 -10 -7 -3 21 -14 -4 16 -16 -8 -12 -20 -21 -11 -23 27 25 26 -25 29 -27 -9
right_child=1 2 3 -5 -6 10 17 23 9 12 18 -13 13 -15 15 -17 -18 -19 19 20 -22 22 -24 24 -26 28 -28 -29 -30 -31
leaf_value=0.037163062297805749 0.01913951818961971 0.024123613007704256 0.14426815158686976 -0.11980663602703273 -0.063722138633546879 -0.059834460934868508 0.0062515560658827412 0.0025560304206612471 -0.017044107242375896 0.027479656875582365 0.076257047930080146 -0.12920676381003279 -0.084758546731245721 0.032464434056928136 0.01193203366307191 -0.081195136237424345 -0.17634045193108966 0.10307578597858953 -0.050525052013838757 0.089372468864272053 -0.12951467382339449 -0.0058194792697575382 0.063742129073115605 -0.11134919874785974 -0.0074889223596536414 0.010136690905018458 -0.0028155397754302171 -0.017017127037227988 0.029102752433689885 -0.0078725508538166466
leaf_weight=446.0680720731616 1562.5337071195245 757.4887727573514 17.422418586909771 50.224718224257231 217.59560899436474 353.59895293414593 2832.1438997834921 33191.297624208033 6629.6067978329957 662.8162649795413 76.200313672423363 26.072881154716015 173.5059050694108 74.517315000295639 196.70591732859612 220.76690784096718 18.372236110270023 63.1535549685359 245.0494928099215 84.994973875582218 16.285082429647446 4165.8850518986583 129.06259747594595 61.943449728190899 3054.0109963268042 6398.5789531245828 1834.0564534254372 2077.5160371400416 2380.7419825382531 6853.9248994104564
leaf_count=2900 8481 4154 90 264 1456 2012 13722 160434 32174 3291 363 138 970 353 909 1133 89 297 1190 420 94 20206 683 325 14869 30728 8811 10036 11284 32388
internal_value=0 -0.000238448 -0.000654002 0.000878296 -0.00621869 0.000984484 -0.00541217 0.00139306 -0.00857287 -0.0103998 -0.0286559 0.0190216 -0.00193814 -0.0495395 -0.0359707 -0.0431756 -0.00415043 0.00836353 -0.00256378 -0.0199061 0.054177 0.000443225 -0.00372916 0.00169628 0.00722643 0.0114362 -0.0063614 -0.000106196 0.0152798 0.000771131
internal_weight=0 74426.1 72863.5 57131.7 15731.8 57081.5 15514.3 56305.3 12619 11835.4 776.129 783.562 5205.79 248.023 453.267 435.845 215.078 2895.3 422.53 346.33 101.28 4957.76 4294.95 55852.1 13729.3 10675.3 1896 42122.7 8779.32 40045.2
internal_count=364264 361364 352883 275439 77444 275175 75988 271096 61969 57677 4079 4292 25503 1323 2221 2131 998 14019 2067 1704 514 24180 20889 268875 66017 51148 9136 202858 42012 192822
is_linear=0
shrinkage=0.1


Tree=58
num_leaves=31
num_cat=0
split_feature=107 30 17 91 60 156 109 94 127 52 88 92 99 107 31 107 157 92 94 125 100 141 115 155 87 55 67 91 120 96
split_gain=56.9856 59.4144 64.5468 71.3685 62.9032 58.9443 56.2402 55.3221 61.2001 54.3307 79.73 76.2812 81.3127 80.9843 88.9543 80.301 75.1903 63.6763 64.6496 57.7713 55.1362 51.5156 74.2215 51.0898 62.8642 56.1326 50.3578 61.4145 78.8894 56.8659
threshold=-3.0572471082984616 1.0000000180025095e-35 1.0000000180025095e-35 0.30717340182086744 1.0000000180025095e-35 3.8941364329716257 -1.9102569790060993 -1.4438174734979083 -1.7134609674870005 1.0000000180025095e-35 -1.2243724385954986 -0.11595466568885153 -1.0490568834338709 -0.49021833568575085 4.5000000000000009 1.7017263987710949 -1.0328454196394745 1.4831959949894105 1.1728608022298201 0.91628443171129137 0.39878101414770051 1.1939996297867783 -0.35622031144872018 0.45971707529596234 -0.1844713451050288 1.0000000180025095e-35 1.0000000180025095e-35 0.98797371361208675 -0.47921264354869159 1.7535389909950501
decision_type=2 2 2 2 2 2 2 2 2 2 2 2 2 2 2 2 2 2 2 2 2 2 2 2 2 2 2 2 2 2
left_child=-1 2 4 -4 5 9 21 8 -6 17 -11 13 16 19 -15 -14 -13 18 23 -12 -19 -3 -23 25 -25 -2 -9 28 -28 -30
right_child=1 6 3 -5 7 -7 -8 26 -10 10 11 12 15 14 -16 -17 -18 20 -20 -21 -22 22 -24 24 -26 -27 27 -29 29 -31
leaf_value=0.047434910053378375 0.0078360408381112825 0.019640797676751195 -0.13716225467566803 -0.0032174439207803261 0.075498348071692936 0.024864460837747727 -0.0091267617533513628 0.016943835242502481 -0.037165788453062856 -0.038023194015669767 0.0094328552721761223 0.028128605169797635 0.0043856511994965789 -0.01280978787792858 0.016085352220869129 -0.048571954926530672 -0.031109019609359696 0.00023873965946016973 0.020937104906931812 0.07749440366511752 -0.030086894106128331 0.014692326528924242 -0.24589360960419146 -0.030265459608031283 0.0016152911041411506 -0.017195926951906481 -0.09189115892711941 -0.089366849134147386 0.015161852680855578 -0.12608140828826661
leaf_weight=252.24200415611267 12348.522900324315 1021.4385017305613 71.012168653309345 90.442578751593828 54.939425185322762 945.7801183834672 10244.739616740495 5101.4590198844671 393.91353320330381 629.29946747794747 900.2421181499958 259.71168734133244 18508.225219674408 11402.75977447629 1175.2174934484065 290.82752940431237 1224.6938508599997 1604.2654312700033 2428.2202431559563 144.76676233112812 957.29307782649994 27.478205427527428 18.149723008275032 919.51059699058533 1889.4463125094771 965.90018778666854 84.597151763737202 84.786914519965649 749.0443364456296 29.632368236780167
leaf_count=1474 60120 5604 379 496 254 4541 50082 24187 1854 3085 4191 1360 88444 56603 5703 1765 6288 7720 11802 672 4427 160 86 4447 9221 4793 401 403 3566 136
internal_value=0 -0.000176083 0.00101762 -0.06213 0.00117921 0.000109269 -0.00685113 0.0104974 -0.0233757 -0.000311458 -0.00275453 -0.00209995 0.00178721 -0.0078876 -0.01011 0.00356638 -0.0207448 0.00368479 0.00572546 0.0188615 -0.0110944 0.0149969 -0.0889627 0.00343455 -0.00882086 0.00602009 0.0130107 -0.00815355 -0.000177141 0.00978687
internal_weight=0 74566.3 63254.5 161.455 63093.1 56594.7 11311.8 6498.37 448.853 55648.9 34535.7 33906.4 20283.5 13623 12578 18799.1 1484.41 21113.2 18551.6 1045.01 2561.56 1067.07 45.6279 16123.4 2808.96 13314.4 6049.52 948.061 863.274 778.677
internal_count=364264 362790 306858 875 305983 275182 55932 30801 2108 270641 168111 165026 97857 67169 62306 90209 7648 102530 90383 4863 12147 5850 246 78581 13668 64913 28693 4506 4103 3702
is_linear=0
shrinkage=0.1


Tree=59
num_leaves=31
num_cat=0
split_feature=37 109 129 4 2 153 95 89 136 88 109 94 88 87 92 108 126 96 148 152 55 88 108 88 114 42 30 34 116 87
split_gain=56.3795 61.3716 59.6376 58.1141 81.3091 68.1131 73.5206 60.3951 58.6559 92.992 57.542 56.4637 68.1033 59.0359 56.144 72.9486 55.0579 55.0187 53.3109 103.32 60.3921 73.0429 71.1684 62.7394 58.5634 51.3474 55.1495 51.2797 62.3763 74.3356
threshold=1.0000000180025095e-35 1.6180852224263995 4.4373779065537748 1.0000000180025095e-35 1.0000000180025095e-35 1.6880017477541338 -0.94105587533958279 2.3928719695707441 0.13078458770735971 1.191519126834355 -0.098427547075173205 -2.5514192135891172 1.2712311018285485 -0.033854901939066338 1.4593280746807797 0.97315934689483641 0.23921368807522661 0.97969483903567778 -1.1033535716024314 -0.036372731855974831 1.0000000180025095e-35 -0.22506797392992892 1.0991766181986595 -0.9433755077927376 0.0022087213181831845 1.0000000180025095e-35 3.5000000000000004 1.0000000180025095e-35 -1.2560572682670819 1.2837995473350123
decision_type=2 2 2 2 2 2 2 2 2 2 2 2 2 2 2 2 2 2 2 2 2 2 2 2 2 2 2 2 2 2
left_child=11 3 -3 4 5 6 7 8 25 10 -10 12 13 -1 27 -16 18 -13 19 -5 -20 22 -22 -24 -23 26 -2 -8 29 -29
right_child=1 2 -4 16 -6 -7 14 -9 9 -11 -12 17 -14 -15 15 -17 -18 -19 20 -21 21 24 23 -25 -26 -27 -28 28 -30 -31
leaf_value=0.0070072634413761757 -0.031975168403281087 -0.025642663039214454 0.15305230705344514 0.011036942046172544 0.014866677301446508 0.019585401702106167 0.012993961049965155 -0.12099359622494665 -0.16063024541323306 0.072438709773226445 -0.047685069425538767 -0.0066382553154821144 -0.1484107682186642 0.12907887870388501 -0.0091168603362690916 -0.13215858882957823 -0.04457466641791559 0.0040972866048055064 -0.0025805078510648476 0.13821507337592007 -0.12823523140965615 -0.13804498281559727 0.28144176069301613 -0.13663634735127081 0.02005052801464146 -0.0016834340679909396 0.32700572499377473 0.024570326523764001 1.8748153374855711e-05 0.3521138561571856
leaf_weight=74.023612767457962 766.53020041808486 996.80942193418741 19.033093556761742 479.40047458559275 6331.8767986111343 2123.4010860994458 5840.2914903871715 48.61772283539176 67.623106680810452 45.808975264430046 135.47618573158979 20111.649490773678 15.319727994501589 85.23558546230197 2074.4893919527531 49.330842364579439 316.73652977123857 6259.5770625136793 10907.333209890872 73.699542365968227 119.86700459197164 27.825065977871418 8.4963374547660333 6.2151175774633876 148.3676882609725 3830.2759534455836 4.3035875707864752 905.45208802819252 12857.570468056947 6.9822460561990729
leaf_count=351 3725 5499 100 2312 30785 10193 28739 273 323 227 706 98955 90 431 9889 248 1615 29695 53366 342 636 137 46 42 710 18655 24 4309 61803 38
internal_value=0 0.00202434 -0.0222946 0.00254801 0.00460805 0.00234918 0.000974957 -0.010092 -0.00898034 -0.0562624 -0.0852908 -0.00371478 0.0529686 0.07234 0.00346934 -0.0119748 -0.00343175 -0.00409003 -0.00232469 0.0279832 -0.00381899 -0.0472869 -0.102759 0.104817 -0.00491655 -0.00642251 -0.029971 0.00514196 0.00181168 0.0270768
internal_weight=0 48191.8 1015.84 47176 35088 28756.2 26632.8 4898.64 4850.02 248.908 203.099 26545.8 174.579 159.259 21734.1 2123.82 12087.9 26371.2 11771.2 553.1 11218.1 310.771 134.578 14.7115 176.193 4601.11 770.834 19610.3 13770 912.434
internal_count=364264 234742 5599 229143 169937 139152 128959 23933 23660 1256 1029 129522 872 782 105026 10137 59206 128650 57591 2654 54937 1571 724 88 847 22404 3749 94889 66150 4347
is_linear=0
shrinkage=0.1


Tree=60
num_leaves=31
num_cat=0
split_feature=76 62 95 20 106 157 50 95 95 93 152 95 90 109 112 94 93 121 109 29 113 109 111 111 102 116 71 87 107 89
split_gain=54.0579 60.9927 69.0322 60.057 60.4558 58.3006 60.8187 68.2852 56.972 56.6757 59.4979 61.1844 58.532 62.1416 54.1972 58.6738 104.978 71.3728 68.3692 68.0939 62.2792 64.9196 60.2984 64.0837 58.8295 59.4067 58.5029 53.0506 52.6306 55.6762
threshold=1.0000000180025095e-35 1.0000000180025095e-35 -1.0499413778810289 1.0000000180025095e-35 1.0000000180025095e-35 -1.3309766582704787 1.0000000180025095e-35 -0.86054659467257399 1.8186966799836204 0.77736984629332573 4.4639069668878095 0.90141881008901192 -0.77954675102724424 1.1196058124923316 0.33763846242044426 0.28727277396090206 -2.4342023793426173 -1.2798433335317509 0.10704579822926964 1.0000000180025095e-35 0.91568297277087141 2.0468163649881141 -0.070014642939606894 -1.1797168524611987 1.0000000180025095e-35 -0.15843316778948338 1.0000000180025095e-35 0.43039682013405994 -1.3168468211369231 -0.34633295066864567
decision_type=2 2 2 2 2 2 2 2 2 2 2 2 2 2 2 2 2 2 2 2 2 2 2 2 2 2 2 2 2 2
left_child=9 2 14 5 -5 6 28 -8 -4 10 -1 -12 -11 -14 15 20 18 -18 -17 -20 21 22 23 -2 25 -24 -16 -26 -3 -30
right_child=1 3 8 4 -6 -7 7 -9 -10 12 11 -13 13 -15 26 16 17 -19 19 -21 -22 -23 24 -25 27 -27 -28 -29 29 -31
leaf_value=0.00094046031890247523 -0.012813109823351449 0.032405603094945085 -0.0036476784301356594 -0.17288049368118175 0.03298451935471166 0.006475583382435434 0.18669233594320511 -0.054210993851057293 0.038576294999435372 -0.0032826130096645918 -0.10383140847334214 0.030765644643720821 0.01841338749468286 -0.019220704495616414 -0.11272910924298443 0.0088303218679423919 0.10886197010383505 -0.0092863806082135441 0.12595578705627572 0.42897532805010674 0.029251533579464636 0.2328410802520772 0.02161478208763571 -0.092827934952834826 0.060671778373982889 -0.035456792941350221 0.032507420790166934 -0.17615706579372323 -0.072033462150215263 -0.015571890114979434
leaf_weight=28665.831044919789 155.63798446208239 133.9012079834938 22188.238089360297 37.936869889497757 22.861394710838795 9846.6852060370147 29.065571799874306 19.769384384155273 324.22269832342863 2362.5157867595553 106.22139453142881 49.516802877187729 5398.8252378962934 477.56269443407655 110.8883052021265 27.310166537761688 52.782154254615307 1633.66170655936 23.752209696918726 10.782474234700201 193.80297013744712 9.3624693751335126 210.09747083485126 280.46738485619426 119.90268983319402 1382.8787263333797 36.985467836260796 10.268505025655029 270.38202512636781 493.25822471827269
leaf_count=139052 798 633 108931 197 106 47416 130 92 1550 11333 574 245 26235 2314 671 130 239 8127 141 73 974 52 1111 1518 587 6981 202 56 1369 2427
internal_value=0 -0.00268449 -0.00524816 0.00363878 -0.095471 0.00419707 -0.01951 0.0891698 -0.00303957 0.0026964 0.000605566 -0.0610364 0.0100106 0.0153549 -0.0169236 -0.0147839 -0.000896038 -0.00558859 0.127065 0.220565 -0.0250615 -0.0299153 -0.0310546 -0.0642721 -0.0226477 -0.0279296 -0.0764033 0.0419896 -0.0254232 -0.0355632
internal_weight=0 37624.9 26771 10853.9 60.7983 10793.1 946.376 48.835 22512.5 37060.5 28821.6 155.738 8238.9 5876.39 4258.58 4110.71 1748.29 1686.44 61.8449 34.5347 2362.42 2168.62 2159.25 436.105 1723.15 1592.98 147.874 130.171 897.541 763.64
internal_count=364264 184511 132141 52370 303 52067 4651 222 110481 179753 139871 819 39882 28549 21660 20787 8710 8366 344 214 12077 11103 11051 2316 8735 8092 873 643 4429 3796
is_linear=0
shrinkage=0.1


Tree=61
num_leaves=31
num_cat=0
split_feature=99 22 109 29 111 91 18 32 94 95 108 133 119 152 108 46 100 157 94 126 81 156 144 89 124 132 124 10 128 149
split_gain=52.5573 49.8386 52.3553 59.7132 52.7268 50.2775 79.9265 64.8757 95.0895 75.8501 70.0499 67.2072 72.144 66.3116 87.365 61.8073 90.5168 72.9376 61.8961 68.8418 59.9048 93.92 60.6753 72.4972 62.3176 61.7486 62.3366 61.5416 59.5867 58.9499
threshold=1.0000000180025095e-35 1.0000000180025095e-35 0.3010868849676745 4.5000000000000009 3.5161950529078556 -0.55787062425455713 1.0000000180025095e-35 1.0000000180025095e-35 -0.45400634162352632 0.030334789757441225 0.77207590624274325 1.719505519840778 1.4230853944264246 -0.13785438993008201 0.26335339069359048 1.0000000180025095e-35 -1.4227506895879831 -0.19759514784734894 0.80622982534550824 0.29169222321170546 1.0000000180025095e-35 6.6713196125205849 2.470399183447245 0.3737498782909065 1.8687594338167377 0.62094178432412905 1.4882002297343744 1.0000000180025095e-35 -0.21132596028504746 -1.0825799965985705
decision_type=2 2 2 2 2 2 2 2 2 2 2 2 2 2 2 2 2 2 2 2 2 2 2 2 2 2 2 2 2 2
left_child=1 5 -3 4 -4 6 15 8 -7 13 -11 -12 -13 14 -10 16 18 -17 19 -1 22 -22 24 -24 25 26 -9 -26 -16 -18
right_child=-2 2 3 -5 -6 7 -8 20 9 10 11 12 -14 -15 28 17 29 -19 -20 -21 21 -23 23 -25 27 -27 -28 -29 -30 -31
leaf_value=-0.039850039202406512 0.0058474280862047421 -0.016920575567585378 -0.13304178168599115 0.31467888216322937 0.18795799611240807 -0.03886141361926769 -0.15666321569710365 0.011597839679111096 -0.041602807062589654 0.019088154587482437 -0.061344289607750652 0.39728551363466735 -0.032041620887117754 -0.060040516421344128 0.018846020496813356 -0.012061892798127241 -0.10216615842186011 0.0036759732425978055 -0.11112866216443905 0.21526724862450566 -0.000624351107225171 0.079410396928820071 -0.091777926442316374 0.01830896269264903 0.040773053982470484 -0.016427781722291063 -0.076294454231509573 0.35095343816953389 0.17198666473440294 -0.0083643948062905142
leaf_weight=352.56325539201498 12690.080747291446 407.45178428664804 86.973117735236883 3.365311086177825 5.4369592033326617 954.04132252559066 34.696543671190739 8628.9762443304062 323.33048495650291 1422.0590634793043 183.37599497660995 6.8660941869020453 9.103455934673546 334.97858476266265 286.82281235605478 4208.4496187083423 67.782671496272087 9807.6460148766637 136.714858956635 10.904378376901148 26985.113748189062 147.42357111722231 129.37708564847708 111.26776000857353 478.05780154839158 922.79118542745709 81.455734618008137 6.4832174703478804 27.877383027225733 5786.3654729351401
leaf_count=1741 61812 1947 544 19 27 5101 177 42153 1487 6528 1148 44 64 2029 1590 20467 333 47071 688 52 131435 694 651 549 2381 4703 411 43 148 28227
internal_value=0 -0.00121658 -0.0325588 -0.0990875 -0.114156 -0.000959884 -0.00501662 0.00105716 -0.0118665 -0.00193963 0.011306 -0.0442095 0.152547 -0.0240118 -0.00509607 -0.00475832 -0.0129392 -0.00104945 -0.0537709 -0.0321963 0.00228035 -0.000189485 0.00874979 -0.0408767 0.00993012 0.00817 0.0107759 0.0449233 0.0324118 -0.00945049
internal_weight=0 61947.8 503.227 95.7754 92.4101 61444.5 20405.1 41039.4 3548.46 2594.41 1621.4 199.346 15.9696 973.009 638.031 20370.4 6354.33 14016.1 500.182 363.468 37490.9 27132.5 10358.4 240.645 10117.8 9633.22 8710.43 484.541 314.7 5854.15
internal_count=364264 302452 2537 590 571 299915 98756 201159 18139 13038 7784 1256 108 5254 3225 98579 31041 67538 2481 1793 183020 132129 50891 1200 49691 47267 42564 2424 1738 28560
is_linear=0
shrinkage=0.1


Tree=62
num_leaves=31
num_cat=0
split_feature=109 20 55 139 87 37 31 112 124 120 71 121 109 30 139 100 148 116 121 123 7 93 134 59 110 134 90 119 87 138
split_gain=51.9945 66.6763 64.4284 58.891 78.2851 58.0881 56.2176 55.8478 61.3536 53.4903 50.9188 56.6123 55.3197 74.1808 70.1507 67.377 60.7419 74.3403 57.0323 52.96 49.1082 69.3993 77.3021 53.5893 55.2662 58.3347 52.8168 81.7812 80.5909 57.7704
threshold=-2.1233080352556093 1.0000000180025095e-35 1.0000000180025095e-35 -0.096298074413206911 0.47932002894114717 1.0000000180025095e-35 1.0000000180025095e-35 0.47461316928160663 -0.22496339816701291 -0.77250778817682719 1.0000000180025095e-35 5.0312641947477506 0.75543373729249008 1.0000000180025095e-35 -1.4685076681136624 -1.7263393068772637 0.77055742056947429 -0.075687021039561209 4.132436801411882 -0.071050436385532142 1.0000000180025095e-35 0.80348367004216492 1.86817388038571 1.0000000180025095e-35 2.1256775800001417 4.2698933899789511 1.7283729416421665 -0.37179451796874824 -0.051436929508725908 1.0738098855835003
decision_type=2 2 2 2 2 2 2 2 2 2 2 2 2 2 2 2 2 2 2 2 2 2 2 2 2 2 2 2 2 2
left_child=-1 7 3 4 6 -4 -3 10 -9 -6 20 12 16 14 15 -14 -12 -18 19 -19 21 23 -23 24 -2 -26 -25 29 -29 -28
right_child=1 2 5 -5 9 -7 -8 8 -10 -11 11 -13 13 -15 -16 -17 17 18 -20 -21 -22 22 -24 26 25 -27 27 28 -30 -31
leaf_value=0.011596361291966867 -0.0071218352193965001 0.026821999913403251 0.22859169979372496 -0.061802867896914464 -0.16072972207176403 -0.040650627186424274 -0.11013980240802448 -0.09712418273292979 -0.014425125244798016 0.22886579751771749 0.0069440929241289129 -0.11303169640935949 0.20489337894726325 -0.055721780970781204 0.0029731510411040822 -0.12958809961066961 0.077591993186542127 -0.030722946382728433 0.12802313169318114 0.045676270349949005 0.00014952732186036285 0.010269281204412102 -0.08349337619221478 -0.040344458529594375 -0.092922873761936128 0.0041660496854846038 0.089245619961565437 0.14405322129764805 -0.1340476473346755 0.4071403093630579
leaf_weight=3665.9397597536445 8094.4607630781829 85.028250470757484 17.269545182585716 407.52513814717531 4.18731211870909 14.949838124215601 46.281392741948366 116.3762153275311 391.50384713709354 22.249725639820099 9788.6454353407025 40.045157983899117 6.6418062746524802 292.04177844151855 1651.3781645521522 64.57432883232832 278.00562001764774 231.33062253892422 37.804890394210815 149.28933160007 45286.833302974701 2599.7238100506365 91.006918724626303 880.43698374927044 154.91985800862312 103.0504638068378 18.61117630079389 16.323246739804745 28.815164264291525 8.2509904205799085
leaf_count=21251 39840 412 80 2063 23 81 232 571 1989 105 46302 218 38 1639 8560 350 1287 1118 171 713 217992 12033 463 4828 895 562 110 85 200 53
internal_value=0 -0.000616828 -0.0338815 -0.0417212 0.0101579 0.103663 -0.0214516 -0.000334227 -0.0333749 0.167159 -9.38928e-05 0.00567787 0.00605818 -0.00911852 -0.00121759 -0.0983935 0.00897428 0.0375095 0.0108782 -0.000757129 -0.0013574 -0.00704646 0.007098 -0.0111367 -0.00857399 -0.0541391 -0.0336103 0.0487369 -0.033479 0.18689
internal_weight=0 70927.6 597.491 565.272 157.747 32.2194 131.31 70330.1 507.88 26.437 69822.2 12539.8 12499.7 2014.64 1722.59 71.2161 10485.1 696.43 418.425 380.62 57282.4 11995.6 2690.73 9304.87 8352.43 257.97 952.438 72.0006 45.1384 26.8622
internal_count=364264 343013 2996 2835 772 161 644 340017 2560 128 337457 60396 60178 10587 8948 388 49591 3289 2002 1831 277061 59069 12496 46573 41297 1457 5276 448 285 163
is_linear=0
shrinkage=0.1


Tree=63
num_leaves=31
num_cat=0
split_feature=93 157 72 157 127 90 87 99 88 100 109 95 88 29 120 90 96 108 108 121 32 87 87 90 90 88 89 89 89 92
split_gain=51.2083 77.5584 78.0404 60.9455 78.6751 59.1589 52.5381 51.148 70.1996 121.171 73.0844 68.4972 65.1334 76.9161 70.5708 68.9588 64.2685 63.256 79.9878 72.2456 69.8727 70.6872 65.7471 60.1364 57.5936 157.096 97.208 105.647 96.2586 77.8898
threshold=-4.2433338410245005 0.7185247311847659 1.0000000180025095e-35 -0.28932783665688871 0.098580726481674055 0.33725901478757486 1.7048344381372775 -1.0490568834338709 -1.1506644104358037 1.0000000180025095e-35 -1.0557526447533345 1.3033053012874412 -1.1285592222754854 1.0000000180025095e-35 2.8783458258381045 -1.1162056539647669 1.8825130163216122 -1.8104678331463069 -0.12516530447190541 4.132436801411882 1.0000000180025095e-35 2.8081605395297369 0.20646739228589461 0.96578378622413752 -0.2625173559487049 -0.3951113007430716 -0.44010974948703313 1.3888452923856811 0.60680828322316127 0.88018807730699156
decision_type=2 2 2 2 2 2 2 2 2 2 2 2 2 2 2 2 2 2 2 2 2 2 2 2 2 2 2 2 2 2
left_child=1 2 3 6 5 -5 -1 8 9 10 -2 16 13 -9 -15 -14 17 -10 19 -19 -20 22 -22 -13 25 -17 -27 -28 29 -26
right_child=7 -3 -4 4 -6 -7 -8 12 11 -11 -12 23 15 14 -16 24 -18 18 20 -21 21 -23 -24 -25 28 26 27 -29 -30 -31
leaf_value=-0.12892814245226156 -0.2163077556049455 -0.15153076155284981 0.1043724764896278 -0.049325965834377511 -0.080349228841550921 0.23904805809530211 0.28443657443667913 -0.0069073163065841246 -0.086014114762938979 -0.030462099281073587 0.17029912274994904 0.023190373526424342 0.06046407222374868 -0.060697580724451167 0.18040996441730939 0.00078784105146083999 0.04242480048946709 0.012898282620002036 -0.070399438247188292 -0.2051662204135839 -0.008559741567573137 0.19044179106310763 -0.036752010958908315 -0.042273315256865319 -0.0032718236731786978 -0.020544387224369638 0.023165781459585529 -0.048526657244827166 0.0054061689823722836 -0.020578658137725282
leaf_weight=73.31151232495904 5.2357879430055609 54.076768569648266 42.053178556263447 11.067884974181654 36.72285869717598 19.91307981684804 3.209333110600709 3348.9150145500898 129.30699321627617 78.670143876224756 73.982763692736626 901.31810773909092 198.98629466444254 389.71922301128507 12.529873639345167 27129.568794503808 188.98977996781468 1012.519098430872 274.47762807458639 15.424362272024153 2235.9625678546727 16.189496755599976 1312.9472469836473 166.20128345489502 14867.089479219168 619.41760203242302 6434.0522386580706 212.3308300152421 11515.617971822619 3151.7027067169547
leaf_count=465 24 320 230 64 213 109 15 16092 670 417 382 4386 967 1909 58 132146 938 4666 2003 72 11539 82 7314 896 70985 2929 33330 995 55341 14707
internal_value=0 -0.0461009 -0.0154945 -0.0504454 0.0186636 0.136027 -0.111591 0.00013136 -0.00840644 0.0574468 0.144747 -0.0100691 0.000937751 -0.0118701 -0.0531872 0.00168693 -0.0148177 -0.0169827 -0.0151489 0.00962621 -0.0217817 -0.0180386 -0.0189897 0.0129984 0.00150399 0.0042853 0.0173443 0.0208754 -0.00173509 -0.006299
internal_weight=0 240.355 186.278 144.225 67.7038 30.981 76.5208 74291.2 6411.23 157.889 79.2186 6253.34 67879.9 3751.16 402.249 64128.8 5185.82 4996.83 4867.52 1027.94 3839.58 3565.1 3548.91 1067.52 63929.8 34395.4 7265.8 6646.38 29534.4 18018.8
internal_count=364264 1416 1096 866 386 173 480 362848 33389 823 406 32566 329459 18059 1967 311400 27284 26346 25676 4738 20938 18935 18853 5282 310433 169400 37254 34325 141033 85692
is_linear=0
shrinkage=0.1


Tree=64
num_leaves=31
num_cat=0
split_feature=108 37 93 123 135 110 109 92 119 135 147 151 111 52 108 109 157 56 92 157 108 62 108 109 124 108 120 119 109 111
split_gain=50.4726 47.5411 48.4917 54.3171 73.1339 68.4979 57.9539 50.9527 54.425 75.742 77.8932 92.5276 55.825 54.5185 53.2188 50.6817 50.5702 50.3947 53.2738 48.4015 68.8632 67.8064 66.1821 47.4701 50.7265 47.201 47.1229 47.4899 73.4652 47.0525
threshold=-2.6783801296787177 1.0000000180025095e-35 -1.6503595714061454 -0.55085722058241893 -0.18026971414779133 -1.2305445413314098 -0.2009813176704727 -1.1979670530134465 -0.54145019175046161 -0.41260743194965804 -0.77166855771409282 -0.2560753493850873 -0.88102358311807871 1.0000000180025095e-35 1.4415916821280106 1.6386423020451073 -1.9984526702662093 1.0000000180025095e-35 0.36771365045041349 -0.71540203599593544 1.4415916821280106 1.0000000180025095e-35 0.075515159353140113 1.6180852224263995 4.4388284804341955 0.86506922290120958 -0.3172293773978585 -1.2798379537776916 1.5620113184395257 -0.79406225153717036
decision_type=2 2 2 2 2 2 2 2 2 2 2 2 2 2 2 2 2 2 2 2 2 2 2 2 2 2 2 2 2 2
left_child=-1 2 3 4 5 17 -6 8 9 -4 11 25 -10 -12 -9 -13 -14 -2 -19 20 26 -21 -23 -3 -25 -11 -5 28 -28 -27
right_child=1 23 7 19 6 -7 -8 14 12 10 13 15 16 -15 -16 -17 -18 18 -20 21 -22 22 -24 24 -26 29 27 -29 -30 -31
leaf_value=0.033953074575050694 0.18711340267542248 0.0021256606581223285 -0.13579506763184368 -0.14887585676145496 0.045995394575745641 0.1888359405963943 -0.065035163399200416 -0.0040374945688965375 0.084031216707535883 0.047518762625007586 0.030916204374634916 -0.076058170240766554 0.080809757786641831 -0.10330966331113345 -0.10099719067912093 0.22872520492212065 0.0091456802026245974 -0.14710190074625476 0.23399201870327932 -0.084018603415928261 0.32825181767127459 0.045836282021370529 -0.080174438769936379 -0.023042909705542219 0.1397690816168298 -0.076022685748747515 0.007167569656325915 -0.0090588195389657254 0.66341308824520873 0.23453952218388949
leaf_weight=434.80833737552166 9.9523047655820829 46723.745366398245 52.911732129752636 23.822055820375681 81.908738307654858 39.671487245708704 110.33863907307386 22500.094705879688 115.14781355112791 71.205878913402557 43.677224449813366 66.155394043773413 103.4129151981324 98.507718052715063 56.751363776624203 5.9463240280747405 2058.9396411217749 20.520236462354664 4.466619908809661 320.81858593225479 6.0048634186387053 100.94939242303371 70.990029729902744 982.53080322220922 19.516585353761911 5.7728024199604979 4.63751146942377 290.62725890055299 2.6985131874680519 31.490609873086214
leaf_count=2900 55 227222 265 142 386 206 709 108886 581 338 213 380 551 516 404 34 10091 119 24 1871 45 465 398 5488 102 36 31 1605 25 176
internal_value=0 -0.000217379 -0.00363143 -0.0243075 0.0148833 0.0989162 -0.0177296 -0.00273959 0.0103689 -0.0248961 -0.00671562 0.0368772 0.0161858 -0.0620774 -0.00428144 -0.0509223 0.012573 -0.00318275 -0.078978 -0.0370531 -0.00727506 -0.0568619 -0.00619079 0.0016638 -0.0198719 0.0952393 -0.0135364 -0.00271601 0.248564 0.186428
internal_weight=0 74023.2 26297.4 1087.41 266.858 74.6106 192.247 25210 2653.17 375.668 322.756 180.571 2277.5 142.185 22556.8 72.1017 2162.35 34.9392 24.9869 820.548 327.79 492.758 171.939 47725.8 1002.05 108.469 321.785 297.963 7.33602 37.2634
internal_count=364264 361364 128552 6081 1499 404 1095 122471 13181 1958 1693 964 11223 729 109290 414 10642 198 143 4582 1848 2734 863 232812 5590 550 1803 1661 56 212
is_linear=0
shrinkage=0.1


Tree=65
num_leaves=31
num_cat=0
split_feature=107 107 107 92 128 92 135 92 107 107 154 87 34 52 42 122 46 126 87 147 104 31 121 136 89 92 108 79 61 133
split_gain=45.5377 50.5094 166.461 159.715 101.446 96.7005 91.246 86.4369 224.053 85.2218 78.0028 78.834 76.776 84.41 76.5517 75.9515 78.5425 77.0366 74.2242 73.9959 69.1112 68.6345 68.2613 66.8949 68.6451 66.8122 66.5012 65.1064 63.0381 65.6729
threshold=-3.0572471082984616 0.074377827176704117 -0.53137523122951491 0.53314302914126821 0.053955601379480848 -1.066281975448587 0.53997721103799556 0.04947471300200313 0.083559605383661237 -1.5462456544596885 1.0000000180025095e-35 -0.25606044510495901 1.0000000180025095e-35 1.0000000180025095e-35 1.0000000180025095e-35 0.060861217109788292 1.0000000180025095e-35 0.052390102989361663 -0.32116901565116091 1.0447189991275307 1.0000000180025095e-35 2.5000000000000004 -0.25739498065398664 1.4800050507465239 0.34423324653167636 0.4944605376065907 0.76327231634296178 1.0000000180025095e-35 1.0000000180025095e-35 -0.12509586065982439
decision_type=2 2 2 2 2 2 2 2 2 2 2 2 2 2 2 2 2 2 2 2 2 2 2 2 2 2 2 2 2 2
left_child=-1 2 3 4 -2 6 22 12 18 -5 25 21 13 -3 -6 17 -17 -14 19 -9 23 -12 -4 -10 -25 28 -24 -27 -7 -30
right_child=1 7 5 9 14 10 -8 8 20 -11 11 -13 15 -15 -16 16 -18 -19 -20 -21 -22 -23 26 24 -26 27 -28 -29 29 -31
leaf_value=0.043024141929005832 0.007321609915894027 0.018458053942027111 -0.040318762616623635 0.00033822222196809164 -0.033811192724981433 -0.024018113213683582 -0.17853366204646551 0.031261281709722415 -0.020460200213903448 -0.017652511656370759 -0.1447170125831056 0.023922531245179041 0.0046158121853405376 -0.00097797147319700828 0.051067653146187011 -0.0012287996825148494 -0.067075676035689813 -0.0097308197505229458 0.008511608100258191 -0.11090709957248822 0.018854429964948086 0.030034865829370906 0.042282248483929065 -0.040895014736350134 0.1740918177652126 0.13912146943855042 0.16945215984351361 -0.049907982620163042 -0.021070629292436919 0.12249891661707615
leaf_weight=244.97249805182219 5010.359551999718 3050.6239650994539 64.941310182213783 6470.1518743559718 119.86642247438431 1972.6593157760799 18.832946263253689 2006.1033370494843 3872.2827286366373 4439.7652083672583 57.020898506045341 500.19665275514126 5617.5745235793293 8352.3439028356224 935.83476525172591 326.05449598655105 407.60330187901855 11214.981416352093 17264.785345949233 37.290687635540962 555.67639071121812 37.096700549125671 149.58938713371754 25.377771589905024 35.808602314442396 18.455152586102486 56.709647305309772 1434.1435232311487 65.735034674406052 61.829257257282734
leaf_count=1474 23788 14770 309 31528 579 9354 93 9649 20408 20809 261 2290 28578 40590 4395 1798 2154 56060 83504 178 2665 182 684 151 184 86 266 6866 324 287
internal_value=0 -0.000161861 -0.00425807 0.000249606 0.0132577 -0.0215036 0.0343151 0.00150042 0.00596597 -0.00698306 -0.0254079 0.0081241 -0.00216789 0.00422173 0.0414303 -0.00631566 -0.0378118 -0.00494288 0.0106446 0.0286668 -0.0141574 -0.0758381 0.0490937 -0.0188209 0.0849235 -0.0310171 0.0772401 -0.0475064 -0.0196125 0.0485162
internal_weight=0 74179.7 21413.2 16976 6066.06 4437.21 290.073 52766.5 23797.3 10909.9 4147.14 594.314 28969.2 11403 1055.7 17566.2 733.658 16832.6 19308.2 2043.39 4489.15 94.1176 271.24 3933.47 61.1864 3552.82 206.299 1452.6 2100.22 127.564
internal_count=364264 362790 102101 81099 28762 21002 1352 260689 116739 52337 19650 2733 143950 55360 4974 88590 3952 84638 93331 9827 23408 443 1259 20743 335 16917 950 6952 9965 611
is_linear=0
shrinkage=0.1


Tree=66
num_leaves=31
num_cat=0
split_feature=109 109 92 30 17 91 89 89 90 95 41 69 92 157 133 136 114 117 112 107 94 119 90 120 4 133 31 141 28 93
split_gain=44.5465 75.767 62.5309 49.0638 59.9798 56.233 53.4973 76.8881 89.2618 64.4294 98.4675 62.1441 66.6494 61.978 61.3955 60.9701 59.6694 57.1348 56.8294 68.2792 58.1173 55.9773 53.8418 80.957 82.136 61.7433 57.6698 74.1653 52.8637 52.8188
threshold=-2.5122157118824249 -2.8335911921928405 -0.43803441789957021 1.0000000180025095e-35 1.0000000180025095e-35 0.30717340182086744 0.14130640318696905 0.18711867539660751 1.3531306588174221 1.5758490137093644 1.0000000180025095e-35 1.0000000180025095e-35 -2.3851903304341318 0.60506587923612454 1.3864978369893419 11.980795168799906 10.227835727505793 5.3919624463160982 0.39403981230445234 0.64636789882421974 0.27524703123719468 1.0779903307113485 0.34291185820948306 0.06807993025086885 1.0000000180025095e-35 0.86250045367899364 1.0000000180025095e-35 -3.9458434327281604 1.0000000180025095e-35 0.9614508989490782
decision_type=2 2 2 2 2 2 2 2 2 2 2 2 2 2 2 2 2 2 2 2 2 2 2 2 2 2 2 2 2 2
left_child=1 2 -1 4 6 -6 9 8 -8 16 -11 12 13 -9 21 17 18 -14 22 20 -20 29 26 24 -24 -25 27 -2 -28 -13
right_child=3 -3 -4 -5 5 -7 7 11 -10 10 -12 14 15 -15 -16 -17 -18 -19 19 -21 -22 -23 23 25 -26 -27 28 -29 -30 -31
leaf_value=-0.099295232506939723 -0.17717594778806514 0.038406100147284974 0.0065176440635676264 -0.0064220199100213891 -0.13171821847480844 -0.008243991258645977 0.021895951039551127 0.1455948441655773 0.17933248472078742 0.019242728622120009 -0.042711672327275352 -0.014993103891939977 0.0039931376724145883 -0.17500932014230405 -0.1396564192901189 0.13383111161688591 -0.16768804629928166 -0.14673833154095084 -0.18976450727059252 -0.12351118369181338 -0.014754681975718839 0.32397157420011541 -0.010419244556493477 0.089383118127526431 -0.055981724473885663 -0.021756872860940819 0.0021044931899843831 -0.0081445916514980357 -0.026223600746798505 -0.22487894391967395
leaf_weight=77.865114256739616 26.052675679326057 708.91129636019468 197.5262493789196 11115.377198796719 65.712571259588003 84.074452638626099 1647.9757965058088 53.415148448199034 36.817159071564674 2589.2500323988497 284.74832386523485 951.40983301959932 20172.585465762764 6.797032117843627 41.844378750771284 36.127149157226086 21.841068021953106 25.178773172199726 19.56010913848877 70.592369351536036 634.28535537421703 4.8207980990409842 1376.7283594831824 118.68044408783317 555.22133227437735 86.358885176479816 25522.008483368903 7121.4232422485948 676.20648042485118 12.143116295337675
leaf_count=387 138 4495 1203 55161 366 472 7984 269 171 12455 1364 4693 98263 37 229 170 129 163 92 523 3092 28 6560 565 2730 435 123515 35165 3351 59
internal_value=0 0.0211137 -0.0234003 -0.000302208 0.000790691 -0.062413 0.000943159 0.00477133 0.0253364 -0.00130747 0.0131044 0.00314501 0.00435001 0.109404 -0.0210621 0.00403739 -0.00245075 0.00380523 -0.00235108 -0.0300777 -0.0199902 -0.0159376 -0.00178499 -0.0171726 -0.0235134 0.0425729 -0.000798864 -0.00876071 0.00137331 -0.0176382
internal_weight=0 984.303 275.391 73357.2 62241.9 149.787 62092.1 22989.1 1684.79 39103 2874 21304.3 20294.1 60.2122 1010.22 20233.9 36229 20197.8 36207.1 724.438 653.845 968.374 35482.7 2136.99 1931.95 205.039 33345.7 7147.48 26198.2 963.553
internal_count=364264 6085 1590 358179 303018 838 302180 112066 8155 190114 13819 103911 98902 306 5009 98596 176295 98426 176166 3707 3184 4780 172459 10290 9290 1000 162169 35303 126866 4752
is_linear=0
shrinkage=0.1


Tree=67
num_leaves=31
num_cat=0
split_feature=92 104 94 87 107 76 121 61 121 96 124 48 90 133 95 94 91 152 139 109 95 124 65 20 89 152 92 107 98 108
split_gain=43.538 63.0877 55.4725 77.1546 70.9949 60.2182 65.5366 55.904 86.0083 55.0366 79.2651 75.3568 97.8679 63.4118 57.8563 57.6063 55.2556 80.3089 104.244 76.9392 72.4838 83.6163 71.8676 54.8479 53.7384 52.0546 52.0312 54.1508 51.885 69.0268
threshold=1.3778479329375231 1.0000000180025095e-35 1.1728608022298201 0.17443984955459915 -2.090043569847964 1.0000000180025095e-35 10.860765068145282 1.0000000180025095e-35 -1.0750961192904858 -0.56799346488306635 -0.29292039889600635 1.0000000180025095e-35 0.9536791964555974 -0.26711384305234864 -1.2465951945922471 1.072029574777196 -0.74515575227893527 -0.18535644264562148 0.44089936268106489 -0.31323108563438379 0.32795516337072789 -0.12982359714642205 1.0000000180025095e-35 1.0000000180025095e-35 2.7905778360349545 4.4639069668878095 0.4456273213429553 1.4791208027744727 -1.079510799146993 -1.2848355722489984
decision_type=2 2 2 2 2 2 2 2 2 2 2 2 2 2 2 2 2 2 2 2 2 2 2 2 2 2 2 2 2 2
left_child=1 2 4 -4 -1 6 25 24 -9 10 11 -7 13 -13 15 -12 17 20 19 -19 -11 -22 -20 -18 -5 -6 27 -3 29 -28
right_child=-2 26 3 7 5 9 -8 8 -10 16 14 12 -14 -15 -16 -17 23 18 22 -21 21 -23 -24 -25 -26 -27 28 -29 -30 -31
leaf_value=0.015873383069573348 -0.0077273867366598374 0.02172637009548473 0.01258605700539138 -0.0033784726411339957 0.0014260562535404089 -0.022185133831403858 0.18273356660835716 0.15858813775249481 -0.11994862034647086 0.0046122905177560123 -0.127203091102603 0.15227778853876367 -0.10636574819338235 0.025184869373680814 -0.028515066344617687 0.091221199992493632 -0.0007380874630701944 -0.012880333921422647 0.022855900950785463 -0.055565028471257577 -0.024350464069561113 0.17293347195864103 -0.059855780872686185 -0.069367833006133833 -0.11386946077795534 -0.062496630735475844 0.080723161551470746 -0.043618413750608716 0.0035575122877221526 -0.11138542642821619
leaf_weight=2254.8946738168597 6668.5946578159928 3110.3825322315097 6484.8878358900547 1965.8330846745521 24636.918818298727 245.40746586024761 19.880116578191519 12.75800274312496 84.591223012655973 3161.8237599879503 104.35461486503482 84.413733404129744 29.11601996421814 73.388341568410397 1187.8681160472333 13.654356490820645 16328.815934494138 687.70917828381062 547.6435387134552 1094.1158522628248 1556.4467447660863 21.784322433173656 129.98493455350399 117.28534304723144 45.0262630879879 128.05628125369549 24.241946876049042 132.20925614610314 3267.7617918513715 81.866939947009087
leaf_count=11536 32002 14927 31579 9778 119645 1240 103 59 449 15215 602 442 197 424 6343 70 80659 3243 2719 5682 7550 104 662 649 248 699 117 710 16203 408
internal_value=0 0.000741707 -0.000264023 0.00718335 -0.00148477 -0.00226496 0.00124121 -0.00943548 -0.0834453 -0.00568839 -0.0228624 0.0142515 0.0620896 0.0931712 -0.0351494 -0.10193 -0.00442592 -0.0117321 -0.0263945 -0.0390905 -0.00412436 -0.0216274 0.00698987 -0.00122752 -0.00585254 0.00109552 0.0100165 0.0190621 0.00132287 -0.0674957
internal_weight=0 67633.1 61016.7 8593.1 52423.6 50168.7 24784.9 2108.21 97.3492 25383.8 1738.2 432.326 186.918 157.802 1305.88 118.009 23645.6 7199.51 2459.45 1781.83 4740.05 1578.23 677.628 16446.1 2010.86 24765 6616.46 3242.59 3373.87 106.109
internal_count=364264 332262 299897 42113 257784 246248 120447 10534 508 125801 9318 2303 1063 866 7015 672 116483 35175 12306 8925 22869 7654 3381 81308 10026 120344 32365 15637 16728 525
is_linear=0
shrinkage=0.1


Tree=68
num_leaves=31
num_cat=0
split_feature=108 92 2 28 29 90 110 152 127 89 92 123 147 18 124 93 140 157 88 109 92 107 95 119 73 95 92 137 89 157
split_gain=41.3429 45.163 44.8896 65.5244 57.4995 66.4431 85.8664 70.4509 60.9963 61.9979 77.6267 59.1721 88.1429 63.7657 56.9816 54.6731 55.7765 78.1538 53.9015 53.7304 53.7174 67.8945 70.1728 74.5379 65.3378 65.2021 71.6373 62.6792 67.7354 74.2876
threshold=-2.3612433449312884 1.8870302328549795 1.0000000180025095e-35 1.0000000180025095e-35 1.0000000180025095e-35 -0.2625173559487049 0.64485572941067604 1.4048827312177812 2.0915493072620639 -0.91591170414753986 1.7366897693017649 -0.60416908549318415 -0.30304431704287954 1.0000000180025095e-35 1.6105228310465629 0.91436039710690886 0.029990232746668493 -1.0135332746269397 -1.2323647415509502 -0.088156175004352133 1.185807194822103 -1.9247890123734035 -0.93247701756359003 1.9339803211554478 1.0000000180025095e-35 0.095666091282309032 1.229702220677056 0.10942750563993828 1.2841534891146615 -1.5156490449528417
decision_type=2 2 2 2 2 2 2 2 2 2 2 2 2 2 2 2 2 2 2 2 2 2 2 2 2 2 2 2 2 2
left_child=1 -1 20 4 5 18 7 11 9 10 -6 12 13 -7 -8 16 17 -11 -4 -17 21 -2 23 27 -22 26 -26 -23 29 -29
right_child=2 -3 3 -5 8 6 14 -9 -10 15 -12 -13 -14 -15 -16 19 -18 -19 -20 -21 24 22 -24 -25 25 -27 -28 28 -30 -31
leaf_value=0.01280163288644286 0.015951179822199599 -0.16706358117399012 -0.019455828571955908 -0.035865876351023875 -0.068430558472505426 -0.0031066801428591201 0.075594484924082342 -0.15034906067605247 0.10015807366116658 -0.076246756449027397 0.1231055802348356 0.00035621968750480982 -0.064805615351513524 0.32512320010998652 0.0099772701223657667 0.090298984402161053 -0.021631061639019063 0.03667073158686552 0.014168999233420047 -0.039833775839548224 -0.0040247648490650649 -0.0073385693998286056 0.00081437243899133965 0.038181498572549558 -0.01648839428778729 -0.017819570204565625 -0.11954677478295435 -0.13746735853219444 0.025262159114723015 -0.034778983612460644
leaf_weight=2786.376764960587 2345.5391579046845 14.030386507511137 504.4539749212563 406.8167853243649 285.5022981017828 435.99269021302462 223.88769392669201 32.992484677582979 48.997775517404079 72.750026255846024 22.853467732667923 4886.3163224868476 370.00030309334397 6.0002157092094413 323.66346141323447 106.81354293972254 1282.4518040455878 389.29457672685385 8677.4779363200068 45.135477229952812 5823.7225887738168 9344.3090504463762 32241.775220843032 331.40160676836967 129.04905257746577 1873.8783519715071 141.30017584562302 76.837497172877192 170.61186698824167 847.30417576059699
leaf_count=17130 11643 89 2407 2028 1432 2107 1126 182 232 374 111 23161 1828 31 1638 516 6377 1869 42267 217 27437 46038 156419 1695 606 8902 661 450 941 4350
internal_value=0 0.0119005 -0.000485729 0.00381412 0.00472537 0.00690062 -0.00102688 -0.00464145 -0.0101965 -0.012649 -0.0542351 -0.00379782 -0.0287955 0.00134916 0.0368074 -0.00588722 -0.0108983 0.0188916 0.0123217 0.0516439 -0.00194692 -0.000616664 -0.00152014 -0.00850859 -0.00951946 -0.0244431 -0.0703527 -0.00999083 -0.0326293 -0.043317
internal_weight=0 2800.41 71447.1 18121.4 17714.6 15460.8 6278.85 5731.3 2253.8 2204.8 308.356 5698.31 811.993 441.993 547.551 1896.45 1744.5 462.045 9181.93 151.949 53325.7 45357.8 43012.2 10770.5 7967.95 2144.23 270.349 10439.1 1094.75 924.142
internal_count=364264 17219 347045 87903 85875 74747 30073 27309 11128 10896 1543 27127 3966 2138 2764 9353 8620 2243 44674 733 259142 221536 209893 53474 37606 10169 1267 51779 5741 4800
is_linear=0
shrinkage=0.1


Tree=69
num_leaves=31
num_cat=0
split_feature=154 96 93 93 87 155 107 107 92 91 92 107 52 31 90 87 128 92 59 88 48 89 157 89 92 126 92 95 121 107
split_gain=40.7637 50.8687 55.4359 48.8712 57.5513 66.6257 51.8094 178.973 106.803 87.0994 86.3623 135.987 89.5254 97.7111 100.433 87.4018 78.6998 76.1313 75.5579 75.751 65.8919 64.2275 61.7604 67.8541 74.1588 68.504 55.9431 75.2692 55.5056 55.0893
threshold=1.0000000180025095e-35 4.4619935228528531 0.30346815957258594 -4.2433338410245005 0.093840259710753507 0.87668919448693983 0.074377827176704117 -0.53137523122951491 0.4456273213429553 -1.4159523779127183 0.04947471300200313 0.083559605383661237 1.0000000180025095e-35 1.5000000000000002 0.9536791964555974 -0.32116901565116091 0.020516749068826001 0.4944605376065907 1.0000000180025095e-35 0.88578993400197137 1.0000000180025095e-35 1.8861697910372932 0.59299578860329039 0.018320437523510074 -2.3851903304341318 0.031398688934770123 1.5460207507443122 1.1139105180789861 -1.3068854184315406 -1.3585219888788007
decision_type=2 2 2 2 2 2 2 2 2 2 2 2 2 2 2 2 2 2 2 2 2 2 2 2 2 2 2 2 2 2
left_child=3 -2 -3 4 -1 -6 7 8 16 -8 12 15 -11 22 18 -12 -5 -9 19 -15 -13 28 23 25 -25 -14 27 29 -16 -10
right_child=1 2 -4 6 5 -7 9 17 26 10 11 20 13 14 21 -17 -18 -19 -20 -21 -22 -23 -24 24 -26 -27 -28 -29 -30 -31
leaf_value=-0.091405079976071391 0.0068101662291476534 -0.18841186980672903 -0.019920883139942603 0.0059193783843873062 -0.033847921159572018 0.1923742000256346 -0.084764455914413339 -0.013475294519662992 -0.00057625880383601117 0.0055481466074478692 0.031044116360333718 -0.00074971086910456013 -0.0059685998267468071 0.0060894480122446575 0.1445164098557081 0.0075167907713088932 0.038952545860429712 -0.042672345091213482 -0.030896031425027271 0.049164177553458567 -0.027638348455328067 -0.089818242328778899 -0.0042810969128051291 0.16025062877670632 -0.012374588541630364 -0.044500119730719837 -0.023184125150370338 0.019349584565641051 -0.02045740566464678 -0.019134735124222171
leaf_weight=125.45207003131509 9495.7289583869278 26.665328495204449 72.944894418120384 3906.7333691082895 53.139992162585258 17.243253089487553 118.00154005736113 2336.2476405724883 4704.4502806551754 8681.3771677240729 1766.6839324533939 2458.7665523514152 635.63638411462307 5543.0084009096026 20.812658112496138 14861.045496847481 884.5220216922462 1445.718948263675 508.32734080776572 440.72736362367868 1448.1378627717495 137.7800365164876 3666.9972872212529 25.11012440174818 2787.6596448998898 1683.334283336997 1614.1376836635172 1291.7064674049616 1014.3721785992384 2423.4623481705785
leaf_count=791 46262 129 359 18638 345 93 574 11094 22783 43213 8492 12149 3311 27159 103 71861 4169 6952 2720 2108 8515 821 18092 123 14169 8668 7733 6333 5139 11366
internal_value=0 0.00606443 -0.0650254 -0.00092076 -0.0508002 0.0215744 -0.000769092 -0.00521878 -0.000265218 0.00103875 0.0012604 0.00607194 -0.00266891 -0.00700178 0.00125215 0.0100166 0.0120177 -0.0246363 0.00611771 0.00926208 -0.0107163 -0.0256775 -0.0141922 -0.0212744 -0.0108335 -0.0339385 -0.00613047 -0.00286109 -0.0171406 -0.00688607
internal_weight=0 9595.34 99.6102 64600.6 195.835 70.3832 64404.8 18607 14825 45797.8 45679.8 20534.6 25145.1 16463.8 7665.03 16627.7 4791.26 3781.97 6492.06 5983.74 3906.9 1172.96 8798.74 5131.74 2812.77 2318.97 10033.8 8419.62 1035.18 7127.91
internal_count=364264 46750 488 317514 1229 438 316285 89068 71022 227217 226643 101017 125626 82413 38050 80353 22807 18046 31987 29267 20664 6063 44363 26271 14292 11979 48215 40482 5242 34149
is_linear=0
shrinkage=0.1


Tree=70
num_leaves=31
num_cat=0
split_feature=6 99 90 15 100 31 93 124 2 108 152 112 91 147 88 108 95 94 43 91 18 46 100 92 125 109 109 87 88 92
split_gain=39.8925 40.0653 41.6507 51.2884 48.0677 40.865 60.4703 69.807 60.377 68.6147 68.1276 60.8775 58.7887 57.6351 51.3858 51.1031 42.92 41.8293 44.5111 39.9143 65.864 49.4518 74.8457 68.4295 89.1984 61.9434 71.7948 56.5398 60.7173 54.8331
threshold=1.0000000180025095e-35 1.0000000180025095e-35 5.1479195512547582 1.0000000180025095e-35 -1.4227506895879831 2.5000000000000004 0.56460639706097904 -1.176361408372921 1.0000000180025095e-35 0.25244494469487572 0.020845649824106843 0.31576855124093084 -0.98249595462953521 2.7580092230214874 -1.2826068350429705 0.30636992714196326 -0.95029464525219043 -1.7321269464893565 1.0000000180025095e-35 -0.55787062425455713 1.0000000180025095e-35 1.0000000180025095e-35 -1.4227506895879831 -1.3924768863332075 0.097396076560943415 1.8360927607653965 1.3196461957668937 1.2837995473350123 -0.87764867445374062 1.1976039830206215
decision_type=2 2 2 2 2 2 2 2 2 2 2 2 2 2 2 2 2 2 2 2 2 2 2 2 2 2 2 2 2 2
left_child=1 19 3 5 -5 6 7 15 9 11 -11 -9 -8 14 16 -3 -7 18 -14 20 21 22 -1 24 -23 26 27 -24 -29 -28
right_child=-2 2 -4 4 -6 13 12 8 -10 10 -12 -13 17 -15 -16 -17 -18 -19 -20 -21 -22 23 25 -25 -26 -27 29 28 -30 -31
leaf_value=-0.049022207960068134 0.18668239936613532 -0.22207076038516887 0.26620918275460137 0.084127058220103634 -0.2194766071174887 0.054606109889161814 0.030738610829518866 -0.0018551995670749073 0.011940384849123312 -0.056869633281665978 0.0078823843993200329 -0.097595309810658407 -0.15838549294524285 -0.16097459725176286 0.017022366995003417 0.0017711158139443997 -0.1880811468544179 0.0049304977631030025 0.11244160558470258 0.00069628251247294353 -0.14610419939254302 -0.0091347820049869684 -0.0082419517757268447 0.00062979215483689721 -0.081977821025820324 0.10035422510180192 -0.071223230569031099 0.42718689141675165 0.055058325750141274 0.076302441458641679
leaf_weight=497.73769482597709 11.44292378425598 25.485233873128891 6.1057334393262854 7.2158414423465755 18.805044561624527 10.853852249681948 1128.3289919421077 2952.1355810165405 1684.0510978810489 540.44914833083749 232.339076269418 67.943953089416027 29.279295027256012 18.55437445640564 3265.120510995388 17.00422989577055 22.176887445151806 2566.0998215228319 7.6551766097545615 41098.852264583111 32.89355818554759 634.35615748167038 5444.6412127688527 13136.294483691454 228.7148827072233 51.688323095440865 269.80789083242416 4.660008266568183 74.178690865635872 27.7895852252841
leaf_count=2499 49 120 27 33 86 53 5762 14032 8200 2607 1172 323 140 86 16057 84 100 12894 36 202915 177 3127 26448 63587 1235 295 1589 26 363 142
internal_value=0 -4.61982e-05 0.00509112 0.00496452 -0.135284 0.00525491 0.00184049 -0.00480717 -0.00381663 -0.0108128 -0.0374019 -0.0040091 0.0116737 0.0147782 0.0157669 -0.13249 -0.108334 0.00340967 -0.102253 -0.00109866 -0.00471435 -0.00448604 -0.0117901 -0.00116228 -0.0284383 -0.00863454 -0.00960231 -0.00702449 0.0770542 -0.0574473
internal_weight=0 74101.2 12599.6 12593.5 26.0209 12567.5 9250.77 5519.41 5476.92 3792.87 772.788 3020.08 3731.36 3316.71 3298.15 42.4895 33.0307 2603.03 36.9345 61501.6 20402.8 20369.9 6370.5 13999.4 863.071 5872.77 5821.08 5523.48 78.8387 297.597
internal_count=364264 364215 61812 61785 119 61666 45370 26538 26334 18134 3779 14355 18832 16296 16210 204 153 13070 176 302403 99488 99311 31362 67949 4362 28863 28568 26837 389 1731
is_linear=0
shrinkage=0.1


Tree=71
num_leaves=31
num_cat=0
split_feature=71 127 109 9 113 100 118 92 103 93 107 117 126 88 89 90 88 89 89 95 41 92 124 123 94 107 89 89 128 129
split_gain=38.6329 61.9991 54.0689 50.6059 49.1128 54.8724 48.9704 60.144 46.8022 44.1868 51.2246 49.4324 43.7689 43.5028 127.41 100.74 78.9281 90.92 68.2171 63.578 76.7875 63.1908 61.5267 61.6876 58.4243 62.6149 57.0608 61.1714 59.466 55.156
threshold=1.0000000180025095e-35 0.4611277065679843 -2.1233080352556093 1.0000000180025095e-35 1.6372930342717649 1.0000000180025095e-35 -2.5154061520045592 -0.15244240593078132 1.0000000180025095e-35 -0.19183830071277616 1.0291102400147027 0.43119358108107392 -0.063062674310891798 -0.74088531936336866 -0.30851476622713209 -0.2625173559487049 -0.17259314535236905 1.3284284367535066 -0.85918442748526946 1.6161036540428688 1.0000000180025095e-35 -2.3851903304341318 1.4338346291511799 -0.49541288107522313 -0.31586447648965615 1.1722571835998117 0.76546017892902329 1.0720026983451949 2.5418062132922006 3.6036586089854423
decision_type=2 2 2 2 2 2 2 2 2 2 2 2 2 2 2 2 2 2 2 2 2 2 2 2 2 2 2 2 2 2
left_child=1 2 -1 6 13 -6 7 -2 9 10 11 -5 -12 14 19 18 17 26 22 29 -21 -18 23 -15 -16 -26 28 -28 -17 -4
right_child=3 -3 4 8 5 -7 -8 -9 -10 -11 12 -13 -14 15 24 16 21 -19 -20 20 -22 -23 -24 -25 25 -27 27 -29 -30 -31
leaf_value=0.013085708423686594 -0.057142607080192725 -0.014500300780487519 -0.0036538430586764976 0.12205783331409414 -0.039793054149899448 0.14626124877549476 0.0034433983472458131 0.1024218249893758 -0.20992150616688582 0.028918125032500987 0.52907262150293166 -0.17396045686655703 0.095948912705135322 0.028593246681765001 -0.061075401976178924 -0.022581697006935107 0.087286219053612599 -0.095939057600708672 0.0088829175771009076 0.032745426158552721 -0.07474518739678862 -0.0017020530644360325 -0.17364736063853936 -0.032337118840590026 -0.015624516829800992 -0.13912301619451692 0.068720004260304141 -0.04624745045124621 0.10584359777765723 -0.085701202571235091
leaf_weight=2857.8637691736221 30.8985406011343 3259.3763880226761 12856.038729153574 54.3813286870718 24.121862776577473 46.234701201319695 12894.680349467322 100.30989788845181 6.631701909005641 149.04884879663587 5.3759449422359467 6.2941685020923606 4.1221489459276182 229.53137185797095 476.58614978566766 2082.4054956678301 80.089849207550287 148.92058910802007 13839.536850692704 796.06525853276253 72.511929593980312 21848.506405288354 25.355405941605568 601.84994614124298 1194.8404285237193 42.514651924371719 150.74295670539141 66.784445535391569 36.690424049273133 82.459459397941828
leaf_count=16863 161 16698 62043 259 118 223 63179 481 32 719 37 35 33 1089 2377 10059 397 756 68544 3817 349 105390 135 2861 5624 287 717 363 179 439
internal_value=0 -0.00108301 -0.00032324 0.00487562 -0.00102378 0.0824722 0.0040619 0.0648457 0.0518059 0.0597235 0.125154 0.0913504 0.341098 -0.00113131 -0.00561075 0.000646357 -0.0032913 -0.0201798 0.00718778 -0.00241856 0.0237717 -0.00137704 -0.0201952 -0.0155152 -0.0313262 -0.0198678 -0.0153514 0.0334231 -0.0203581 -0.00417675
internal_weight=0 60819 57559.7 13251.7 54701.8 70.3566 13025.9 131.208 225.854 219.222 70.1736 60.6755 9.49809 54631.4 15521 39110.4 24414.1 2485.54 14696.3 13807.1 868.577 21928.6 856.737 831.381 1713.94 1237.36 2336.62 217.527 2119.1 12938.5
internal_count=364264 299328 282630 64936 265767 341 63821 642 1115 1083 364 294 70 265426 74936 190490 117861 12074 72629 66648 4166 105787 4085 3950 8288 5911 11318 1080 10238 62482
is_linear=0
shrinkage=0.1


Tree=72
num_leaves=31
num_cat=0
split_feature=108 157 22 67 87 109 29 100 96 109 88 89 89 90 89 157 32 94 108 109 4 88 90 88 157 109 94 100 117 125
split_gain=37.0417 42.3667 38.9094 40.9361 45.9874 49.1175 83.1361 43.0425 39.08 37.686 37.597 90.2872 86.1936 85.3934 80.5103 74.8879 68.3224 77.1537 71.8526 70.9944 67.6426 61.7917 78.3857 73.0122 100.275 62.1515 61.7021 58.7249 62.6001 55.8118
threshold=-2.6783801296787177 -1.3659799211056978 1.0000000180025095e-35 1.0000000180025095e-35 -0.30432921620859094 -0.23166664592538425 2.5000000000000004 0.70236963143698128 1.7535389909950501 -1.4468222088007818 -0.81814239657694376 -0.32112082770763656 -0.039175501424156982 -0.84990467905688383 -0.87978457673389887 0.80542938374117201 1.0000000180025095e-35 0.54413030444419197 0.85572181459262298 1.2047792829344144 1.0000000180025095e-35 -0.79266588951880801 -0.2625173559487049 -0.19939707451359936 -1.1583743622209499 -2.8335911921928405 -0.84499715633278383 1.3095468660155425 -1.784242930573132 0.62496308766665443
decision_type=2 2 2 2 2 2 2 2 2 2 2 2 2 2 2 2 2 2 2 2 2 2 2 2 2 2 2 2 2 2
left_child=1 -1 10 4 -4 -6 8 -5 -7 -9 11 -2 26 -12 27 -14 17 18 -16 -19 -17 -18 -23 24 -24 -25 -13 -15 -29 -28
right_child=2 -3 3 7 5 6 -8 9 -10 -11 13 12 15 14 16 20 21 19 -20 -21 -22 22 23 25 -26 -27 29 28 -30 -31
leaf_value=-0.3287417669673442 -0.0015390603694080103 0.032398081752040654 0.018254684458610528 0.052097828390731675 -0.024586952707807176 -0.13567736709457143 0.17395871426485024 0.056781999028474764 0.081864617345618618 -0.16053334358871482 0.020590370829849939 -0.093270648915016408 0.022842749465419341 -0.019597354836844213 -0.025220881869267821 -0.093526075572197664 -0.036799898109043383 0.017301414127453795 -0.098458836355615004 -0.12855830173521701 0.047351825604502289 0.0073290655361639831 -0.0744070929368532 -0.093361144965559417 -0.010335003221797458 0.00065719350596506101 -0.042612944390894719 0.14247429199240833 -0.1389342640416811 0.017219955799734111
leaf_weight=3.273934841156005 16109.583050094545 417.04309690743685 99.795399218797684 106.35628543421626 184.43628856539726 130.42551138624549 10.192745856940745 12.918533995747564 8.8160626217722875 20.874120496213436 2206.2107977308333 189.64982844516635 509.04509161785245 1043.8905979339033 698.86181801185012 121.49722459167242 413.46120734512806 532.9510499574244 165.72460857778788 35.598718903958797 47.371558792889118 17846.8473861292 275.16658687219024 70.479552522301674 2174.8027379326522 29488.180721554905 807.44836898520589 8.8797603547573072 72.009425599128008 193.20314541086555
leaf_count=16 78250 2884 479 500 872 769 54 59 41 114 10875 1020 2388 5066 3654 572 2037 2851 1456 283 221 89470 1485 372 10425 142660 3983 46 375 987
internal_value=0 0.0295851 -0.000185919 -0.0261242 -0.0413082 -0.0591117 -0.101723 0.0208598 -0.121904 -0.0774562 1.79385e-05 -0.00395239 -0.0247625 0.00131494 0.000509934 0.00369953 0.00108574 -0.0204437 -0.0392592 0.00816867 -0.0540066 0.00169954 0.00201882 -0.000941982 -0.0175312 0.000433017 -0.0409725 -0.0259579 -0.108042 -0.0310606
internal_weight=0 420.317 73584.7 573.815 433.666 333.871 149.434 140.149 139.242 33.7927 73010.9 17977.8 1868.22 55033.1 52826.9 677.914 51702.1 1433.14 864.586 568.55 168.869 50268.9 49855.5 32008.6 2449.97 29558.7 1190.3 1124.78 80.8892 1000.65
internal_count=364264 2900 361364 2888 2215 1736 864 673 810 173 358476 87421 9171 271055 260180 3181 254693 8244 5110 3134 793 246449 244412 154942 11910 143032 5990 5487 421 4970
is_linear=0
shrinkage=0.1


Tree=73
num_leaves=31
num_cat=0
split_feature=108 28 123 151 100 149 119 89 123 87 103 45 97 124 134 107 107 92 92 135 128 108 107 88 93 94 108 35 92 107
split_gain=35.1532 74.2145 68.2916 69.2375 55.1268 64.5985 68.9958 63.3078 85.0366 82.6942 78.5175 61.0807 56.7088 49.2558 46.8973 42.1994 116.024 99.3359 74.3597 73.9404 71.3233 73.2614 64.987 64.0841 68.5908 75.0832 107.306 62.6807 70.3363 87.1967
threshold=1.3184019592559511 1.0000000180025095e-35 0.18911146437900203 0.28878632156546913 1.0059582487262619 1.2105621437888427 1.1628181676022054 -1.2856382634233132 -0.26084067546785628 0.093840259710753507 1.0000000180025095e-35 1.0000000180025095e-35 -0.80838281312616234 -0.19778059787541549 5.3712021626748463 0.074377827176704117 -0.53137523122951491 0.53314302914126821 -1.066281975448587 0.53997721103799556 0.053955601379480848 1.2333134819178115 -2.187092709346893 -0.74088531936336866 0.9040861057958901 1.0137509754238445 0.72865756254345493 1.0000000180025095e-35 0.67991702184376779 0.074478259935277777
decision_type=2 2 2 2 2 2 2 2 2 2 2 2 2 2 2 2 2 2 2 2 2 2 2 2 2 2 2 2 2 2
left_child=15 2 3 4 5 6 7 9 10 12 -9 -10 -2 -5 -6 16 17 20 19 -18 21 -1 -19 -20 -25 -26 -27 28 -17 -30
right_child=1 -3 -4 13 14 -7 -8 8 11 -11 -12 -13 -14 -15 -16 27 18 22 23 -21 -22 -23 -24 24 25 26 -28 -29 29 -31
leaf_value=0.0064983820392505547 0.20061425805614783 0.10126089117828302 -0.10689062293717927 -0.052459649420686608 -0.086351394119842717 -0.12918472627383229 0.20835388539806166 0.011976354853762623 -0.073206222102077542 0.47763214763308909 0.21362853219738473 0.066986692118468624 -0.13221853117315238 0.21947171854433184 0.17616862813099141 -0.0038289220734025299 0.044369155232518442 0.006776828684892715 -0.043019587356890585 -0.16796883763100828 0.034285022588561746 -0.14967636146324909 -0.010284020936392815 -0.019143305222206197 -0.004253131118350773 0.0096873592000569289 0.22009684152279543 0.0059037892035273465 0.013368410452756652 -0.013649853876566614
leaf_weight=4930.1011778637767 11.431996673345569 48.080903466790915 93.888933096081018 9.8543980270624179 152.3825637884438 40.927392367273569 15.605975322425364 212.39770070463419 218.25861745327711 5.8407776802778235 21.239961333572865 36.237815517932177 9.2703388743102551 20.554865123704076 7.12300931662321 23165.573596354574 266.85683573782444 3116.9698305502534 1037.5502521395683 17.473123669624329 1045.6544142588973 30.22091419249773 7869.730434011668 2723.8109803460538 193.60055372864008 54.593251824378967 43.591169029474258 21453.604752564803 5557.0893948227167 1521.5564826503396
leaf_count=23616 54 275 707 63 1025 311 101 1293 1357 42 125 245 65 125 37 116481 1236 16200 5000 91 4974 168 36925 12927 895 257 201 104927 26734 7807
internal_value=0 -0.0196257 -0.0264236 -0.0164976 -0.0226504 -0.00813605 0.00120651 -0.00507458 -0.013253 0.145328 0.0303085 -0.0532441 0.0515744 0.13135 -0.0746281 0.000225412 -0.00351697 0.000209226 -0.0181148 0.0313202 0.0105503 0.00554688 -0.00544379 -0.0215827 -0.0142071 0.0318719 0.103103 0.00176949 -0.00116316 0.00756083
internal_weight=0 903.095 855.014 761.125 730.716 571.211 530.283 514.677 488.134 26.5431 233.638 254.496 20.7023 30.4093 159.506 73028 21330.2 16992.7 4337.48 284.33 6005.98 4960.32 10986.7 4053.15 3015.6 291.785 98.1844 51697.8 30244.2 7078.65
internal_count=364264 5825 5550 4843 4655 3593 3282 3181 3020 161 1418 1602 119 188 1062 358439 102490 81883 20607 1327 28758 23784 53125 19280 14280 1353 458 255949 151022 34541
is_linear=0
shrinkage=0.1


Tree=74
num_leaves=31
num_cat=0
split_feature=37 94 88 91 91 157 122 136 100 29 90 108 124 149 88 157 142 5 130 91 126 129 87 90 125 39 92 120 92 115
split_gain=36.326 43.645 54.7718 44.4828 47.2831 44.7897 39.9894 52.9988 39.1281 60.592 57.2341 51.519 79.5734 49.0803 47.4927 44.2514 43.3304 61.5422 59.5095 48.3083 42.3008 48.4835 50.8875 62.9384 50.9432 47.2927 40.8509 54.5239 42.7239 40.0254
threshold=1.0000000180025095e-35 -2.5514192135891172 1.2712311018285485 1.4884878133352293 0.6605636923055288 -0.33036614480852494 28.466467678602637 13.029332214361771 1.0059582487262619 8.5000000000000018 3.3624925603950859 1.3184019592559511 4.5747424818921827 4.665157834459011 -1.2539034148388184 -1.9441372624184554 -0.5322535803317815 1.0000000180025095e-35 1.0000000180025095e-35 -0.81393567505368725 -0.6256325709739442 0.270850201088214 0.015036383077608429 0.34291185820948306 -0.28378558256213876 1.0000000180025095e-35 -0.27150766356234174 -0.34981772680098455 -0.37136884738236015 -0.72756628444916349
decision_type=2 2 2 2 2 2 2 2 2 2 2 2 2 2 2 2 2 2 2 2 2 2 2 2 2 2 2 2 2 2
left_child=1 2 3 4 -1 -5 7 8 9 20 -11 13 -13 14 29 -15 26 19 -19 -18 21 22 23 25 -24 -2 28 -28 -16 -10
right_child=6 -3 -4 5 -6 -7 -8 -9 11 10 -12 12 -14 15 16 -17 17 18 -20 -21 -22 -23 24 -25 -26 -27 27 -29 -30 -31
leaf_value=0.065174962313915799 0.055105788159610397 -0.0033387760389766473 -0.14337314086800829 0.34790673252049698 -0.12593049369323725 -0.0048002617762145077 -0.18024836883531481 0.12879214743108305 0.0011304871616794742 -0.15106844653837007 0.26098893226388159 -0.094105180143480127 0.1919569808206521 0.14372852549350143 0.038546447450242383 -0.13221852588112068 -0.016744952096278114 -0.026567163996575306 -0.13608620904361887 0.003040829890970524 0.0026404098219326697 -0.18083771628602163 0.10630821573086331 -0.14008626415768116 -0.12164857141474211 -0.059354777913192207 0.022214072987942299 -0.090838096630338455 0.15569290490901053 -0.12425512540752932
leaf_weight=129.59846108034253 168.336655639112 26074.213551402092 13.907678440213202 10.175399415194986 14.383610479533671 5.5719240419566622 12.086088720709084 32.775414623320103 44.637972626835108 39.343815594911575 3.686712995171546 112.02596610039473 10.648345693945883 6.6169289872050276 167.14031651988626 47.732381232082844 1664.3421552293003 317.57460414618254 58.800734635442495 4772.496405011043 39553.455211626366 10.066631227731703 130.29956237971783 24.037501402199268 10.601103536784647 45.951724648475647 240.85688269138336 51.843384142965078 38.258645959198475 59.253997657448053
leaf_count=616 815 128650 90 59 74 33 61 151 230 211 18 790 55 31 836 275 8201 1575 301 23515 194628 54 644 119 54 218 1193 284 171 312
internal_value=0 -0.00300601 0.0469634 0.0635361 0.0460838 0.223107 0.00162728 0.00167345 0.00158588 0.00283549 -0.115765 -0.00499538 -0.0692745 -0.00393971 -0.00324574 -0.0986225 -0.00229175 -0.00437327 -0.0436772 -0.00207508 0.00296326 0.0357659 0.0415157 0.0133496 0.0891572 0.030561 0.0261802 0.00219015 0.0603667 -0.0703822
internal_weight=0 26247.9 173.637 159.729 143.982 15.7473 47622.9 47610.8 47578 39985.8 43.0305 7592.23 122.674 7469.55 7415.21 54.3493 7311.31 6813.21 376.375 6436.84 39942.7 389.293 379.227 238.326 140.901 214.288 498.099 292.7 205.399 103.892
internal_count=364264 129522 872 782 690 92 234742 234681 234530 196761 229 37769 845 36924 36618 306 36076 33592 1876 31716 196532 1904 1850 1152 698 1033 2484 1477 1007 542
is_linear=0
shrinkage=0.1


Tree=75
num_leaves=31
num_cat=0
split_feature=75 92 100 90 57 91 114 113 147 114 110 96 137 89 90 87 91 105 126 92 93 71 127 92 95 111 119 91 121 141
split_gain=35.1665 51.934 50.9631 52.7056 51.4059 57.6768 56.1961 54.513 52.0251 50.7424 51.3783 50.5891 50.3998 48.3177 48.1584 46.3616 51.9782 46.7976 46.6373 45.368 47.7203 45.3646 54.152 77.213 50.9309 87.7701 66.4924 68.4922 61.6544 60.6706
threshold=1.0000000180025095e-35 1.3778479329375231 1.0000000180025095e-35 -1.128310243733307 1.0000000180025095e-35 0.75825536738144195 0.71400851066444171 3.3897746122025043 -0.59171684929634694 3.8751756312928447 1.867455976160697 -0.95491554086275221 3.5220745973506244 3.8308853730907377 0.33725901478757486 -0.39987712091306865 -0.095319230975021443 1.0000000180025095e-35 0.37565787943007162 0.2206653138363204 0.50895398579296092 1.0000000180025095e-35 0.4611277065679843 0.34521744969975005 -0.93247701756359003 -0.018972122229073688 1.9339803211554478 0.82443359888447987 2.3141785214831621 1.0913559680316356
decision_type=2 2 2 2 2 2 2 2 2 2 2 2 2 2 2 2 2 2 2 2 2 2 2 2 2 2 2 2 2 2
left_child=1 21 4 11 5 6 -3 -8 -6 10 -5 -4 13 15 -7 16 17 19 -17 20 -2 22 24 -24 25 -1 27 28 -27 -26
right_child=12 2 3 9 8 14 7 -9 -10 -11 -12 -13 -14 -15 -16 18 -18 -19 -20 -21 -22 -23 23 -25 29 26 -28 -29 -30 -31
leaf_value=-0.02423173893395552 -0.13458522741032261 0.0014127972677729101 0.19483126489220623 -0.017326886762445409 -0.15110720853926229 0.05700958573984493 -0.15109204229679848 0.16324125753459354 -0.021143275145457718 0.099587489351240746 -0.11169867543233443 -0.11889080721661892 -0.074132339277316106 -0.14409659057481036 -0.06586605023520109 0.0058221460225383525 -0.1287445352304438 0.065873037960673841 0.16475816540138932 -0.16548858996374041 0.070068281937006913 0.0060337244865934919 -0.031307677934673955 0.0039317727696293239 0.00081520577723997187 0.00073221462290976188 0.049670507863348964 -0.029910967507193759 -0.11474454906400883 0.038971785555681079
leaf_weight=2249.8495325446129 17.736092925071716 1989.0915636532009 5.4999865144491187 2425.5706356093287 32.791191346943378 296.43827013671398 40.99802502989769 6.3751288950443259 507.54235020279884 36.258469521999359 59.094766899943352 78.540279872715473 80.748185932636261 21.667431715875864 35.742128778249025 13026.294875919819 52.638685040175915 49.033827617764473 18.48864559084177 26.349386245012283 31.861745201051235 9848.9995820764452 1403.9372043274343 1116.0471395887434 32122.538710189983 6689.8941629864275 242.96117879077792 868.02743135392666 46.55717315711081 422.19243320822716
leaf_count=11529 90 9698 23 11573 154 1375 201 29 2481 170 294 364 414 127 171 63126 254 232 88 126 148 48608 7588 5587 158640 32899 1204 4710 270 2091
internal_value=0 -0.00104295 -0.0102953 -0.0204547 -0.0011977 0.00515148 -0.00115082 -0.108791 -0.0290304 -0.0178575 -0.0195714 -0.0983594 0.00463173 0.00511195 0.0437883 0.00535645 -0.045389 -0.0102818 0.00604741 -0.0594497 -0.00311543 -0.000115555 -0.0014566 -0.0157009 -0.000614815 -0.00681936 -0.00182726 -0.0034726 -6.5872e-05 0.0013102
internal_weight=0 60524.9 5513.94 2604.96 2908.98 2368.65 2036.46 47.3732 540.334 2520.92 2484.67 84.0403 13324.8 13244.1 332.18 13222.4 177.62 124.981 13044.8 75.9472 49.5978 55011 45162 2519.98 42642 10097.3 7847.44 7604.48 6736.45 32544.7
internal_count=364264 299659 26533 12424 14109 11474 9928 230 2635 12037 11867 387 64605 64191 1546 64064 850 596 63214 364 238 273126 224518 13175 211343 50612 39083 37879 33169 160731
is_linear=0
shrinkage=0.1


Tree=76
num_leaves=31
num_cat=0
split_feature=109 109 29 30 17 117 157 93 87 109 89 89 88 157 93 157 107 74 142 61 140 100 134 109 59 126 93 151 117 29
split_gain=34.9542 57.9246 49.0587 40.2181 46.7653 51.8169 56.3761 55.3848 45.326 43.6541 43.2886 58.4423 70.3833 74.5248 50.2823 62.8471 72.5567 71.4506 60.5421 71.4087 81.1995 57.7089 54.8227 64.8578 50.3827 54.533 62.5418 53.3849 50.2761 48.6857
threshold=-2.5122157118824249 -2.8335911921928405 1.0000000180025095e-35 1.0000000180025095e-35 1.0000000180025095e-35 1.1773734401205873 1.1759811661691817 0.95802613517873858 -0.44756328284167318 0.32137123628494152 0.14130640318696905 0.18711867539660751 1.1020319932567044 -0.50538245898462064 0.83601892586039106 0.50488412698360075 2.3201163033436569 1.0000000180025095e-35 0.07473846619453503 1.0000000180025095e-35 -0.13822095862276226 1.6131354833048233 -0.7784660370536679 -0.98370296568856364 1.0000000180025095e-35 0.083877224071248979 0.90708277409493732 0.42347122899144934 1.4963923653621183 1.0000000180025095e-35
decision_type=2 2 2 2 2 2 2 2 2 2 2 2 2 2 2 2 2 2 2 2 2 2 2 2 2 2 2 2 2 2
left_child=1 2 -1 4 10 7 -7 -6 9 -5 29 12 -12 -14 15 16 22 -18 19 21 -21 -17 23 -13 -16 26 -26 -28 -24 -2
right_child=3 -3 -4 8 5 6 -8 -9 -10 -11 11 14 13 -15 24 18 17 -19 -20 20 -22 -23 28 -25 25 -27 27 -29 -30 -31
leaf_value=-0.0052511698118031282 0.00017497816019635019 0.03443734581754633 -0.14215042096612282 -0.018413873005008373 -0.11086701600109661 -0.070890292541005748 0.19417781700028047 0.1256780502933908 -0.0063818126368820789 0.12963214974718448 0.018680958575951739 0.036743401277945516 0.21691233130068832 -0.047779876631959727 0.018767812830603942 0.00081287742589808334 -0.084559372062675608 0.12516700015623022 -0.034700426362690349 0.08203712529313141 -0.080911136286529781 -0.047805933866728434 0.0062451153947812414 -0.055259471525011532 -0.10064819315696955 -0.066139755964685173 0.086093098723473038 -0.17844325606236347 0.039486849757603554 -0.010468583755287331
leaf_weight=248.04692464321852 33906.728259736672 688.03873682767153 29.265007495880127 34.035964474081993 101.9179650247097 16.761143282055855 15.392350427806376 10.963084250688551 10959.344204384834 48.014967210590839 1619.706596147269 104.86158420145512 35.736643098294735 15.144819609820841 2792.5420614853501 5540.3685685172677 144.16743499226868 18.307023625820875 695.9495290722698 35.904097117483616 206.27491748705506 255.39134207367897 10341.745433285832 284.53358168527484 30.994732148945332 152.2212237380445 86.932663150131702 8.3624895662069303 475.92008859664202 4921.3884701337665
leaf_count=1414 165744 4495 176 161 598 106 82 52 54770 230 7921 508 162 72 13504 27178 1110 112 3568 171 1056 1292 50086 1396 154 753 400 45 2578 24370
internal_value=0 0.018886 -0.0196983 -0.000268212 0.000724724 -0.0559927 0.0560017 -0.0878936 -0.00582743 0.0682204 0.000858104 0.00431205 0.022319 0.138127 0.00289137 0.000884292 0.00541874 -0.0609282 -0.00677169 -0.00355255 -0.0567533 -0.00132952 0.0063806 -0.0304837 0.0147228 -0.0258351 0.0227454 0.0628791 0.00770758 -0.00117407
internal_weight=0 965.351 277.312 72859.6 61818.2 145.035 32.1535 112.881 11041.4 82.0509 61673.2 22845.1 1670.59 50.8815 21174.5 18103.4 11369.5 162.474 6733.89 6037.94 242.179 5795.76 11207.1 389.395 3071.05 278.511 126.29 95.2952 10817.7 38828.1
internal_count=364264 6085 1590 358179 303018 838 188 650 55161 391 302180 112066 8155 234 103911 89055 55790 1222 33265 29697 1227 28470 54568 1904 14856 1352 599 445 52664 190114
is_linear=0
shrinkage=0.1


Tree=77
num_leaves=31
num_cat=0
split_feature=107 18 153 157 107 90 88 88 89 89 157 147 2 109 108 128 155 137 71 94 89 109 86 151 157 117 5 92 90 127
split_gain=33.2602 32.9663 42.8631 42.6079 48.9015 34.4581 118.226 79.2144 67.5789 71.9393 63.9565 92.3068 63.3828 62.2036 60.3242 59.9934 58.8728 70.6232 68.4372 62.7899 97.4424 97.8268 79.1007 58.9577 58.5821 57.6786 60.0892 55.4177 54.3909 59.4695
threshold=-3.0572471082984616 1.0000000180025095e-35 1.0000000180025095e-35 0.85370974627250884 1.7540549162928305 0.34291185820948306 0.5039922343746831 0.049247413818343903 1.7376642374986664 2.3928719695707441 0.57247663452747222 2.7580092230214874 1.0000000180025095e-35 0.042481184455930764 0.5361074145108855 0.71381562030973622 0.87668919448693983 3.8686082390860923 1.0000000180025095e-35 -1.7737545174560359 0.83033527581649802 -0.16000213924565801 1.0000000180025095e-35 3.4212307594272828 0.51936823574300184 1.0000000180025095e-35 1.0000000180025095e-35 -0.24270155284502873 -0.14508467830921276 -2.8004087012830525
decision_type=2 2 2 2 2 2 2 2 2 2 2 2 2 2 2 2 2 2 2 2 2 2 2 2 2 2 2 2 2 2
left_child=-1 5 3 -3 -5 7 -7 12 28 13 16 -12 -2 -10 15 -13 17 19 24 20 22 -22 -8 -21 -18 -20 -27 -17 29 -9
right_child=1 2 -4 4 -6 6 10 8 9 -11 11 14 -14 -15 -16 27 18 -19 25 23 21 -23 -24 -25 -26 26 -28 -29 -30 -31
leaf_value=0.037504708116151496 -0.0028350018868605734 -0.10929446251468816 -0.14212202965716944 -0.0037305228596958315 0.24626032430543943 -0.026680846294577266 0.085319766217403517 -0.24293507159311659 0.019458639977197115 -0.024355332797131646 -0.01265078801150981 -0.1418220337239855 0.0055233016740063902 0.079082568845742968 0.1484685570246671 -0.16823741532802647 0.0063771482851376592 -0.097686463844020327 -0.012747447417359057 -0.0015924747162807344 -0.17287278799344621 0.013816730584872148 -0.10976544349531044 0.14244219910000777 0.10499609703002009 0.072885917612403484 0.265600600011212 0.11127357351785516 0.0036696917660403029 0.028106829935611252
leaf_weight=235.48792588710785 33954.699606511742 33.379895228892565 36.27222353592515 62.553181890398264 8.9435781724750978 2023.0064750686288 279.74886599183083 8.149322681128977 343.52367857843637 160.73307985439897 4723.5361015275121 18.83679511398077 12380.805409315974 356.61839032173157 58.199908081442118 8.4562448710203153 1288.0303586423397 73.051190003752708 76.602015770971775 7885.9465537387878 34.700367085635662 146.86284322291613 22.452231340110302 28.521630872040987 63.189379297196865 221.01205163449049 17.457576207816601 44.011362627148628 7984.8826547339559 1216.4447190985084
leaf_count=1474 167949 205 188 330 56 10209 1359 41 1696 791 23063 89 61414 1621 313 42 6158 430 375 39175 170 821 114 140 286 1049 95 196 38067 6348
internal_value=0 -0.000137249 -0.0484186 -0.0160107 0.027541 -4.44281e-05 -0.00398904 0.00114538 0.00918387 0.0359775 -0.000926743 -0.0103672 -0.000601671 0.0498282 0.0729244 0.011264 0.00359257 0.000212771 0.0207752 0.00106434 0.0360383 -0.0218634 0.0708258 -0.00107341 0.010989 0.0627442 0.0869939 0.0662246 0.00667928 0.0263031
internal_weight=0 73560.6 141.149 104.877 71.4968 73419.5 17013.6 56405.9 10070.4 860.875 14990.6 4853.04 46335.5 700.142 129.504 71.3044 10137.6 8471.28 1666.29 8398.23 483.764 181.563 302.201 7914.47 1351.22 315.072 238.47 52.4676 9209.48 1224.59
internal_count=364264 362790 779 591 386 362011 84084 277927 48564 4108 73875 23703 229363 3317 640 327 50172 42209 7963 41779 2464 991 1473 39315 6444 1519 1144 238 44456 6389
is_linear=0
shrinkage=0.1


Tree=78
num_leaves=31
num_cat=0
split_feature=99 94 87 128 109 45 89 130 31 128 119 108 112 151 71 108 95 135 157 110 152 154 111 139 107 70 109 95 88 89
split_gain=33.8293 65.7393 73.5304 65.2845 64.2491 81.4642 98.4775 83.0846 81.0984 74.9028 71.0317 66.5419 60.8642 58.0052 57.9234 57.5423 64.7894 55.4882 69.0374 54.4574 86.8422 53.757 50.9576 97.6729 49.1395 52.3032 78.7557 49.2181 48.3995 66.1253
threshold=-1.0490568834338709 -1.8261744216362994 0.20646739228589461 0.94119981602218894 0.055715149214535305 1.0000000180025095e-35 -1.0202960425044008 -1.2529582277040758 2.5000000000000004 -0.28266217854777775 -0.62242221787355223 -2.2370021237559738 0.13160087815029251 -0.14587860694564894 1.0000000180025095e-35 -1.0066704006831364 -1.2129396756248911 1.7407407798594614 -0.44503200582044972 3.2692303970033945 2.6075483386066685 1.0000000180025095e-35 -0.24771823356146319 -0.092528267837106645 -0.40787013955848628 1.0000000180025095e-35 1.6856104181442402 -0.7015077697484009 -1.1285592222754854 -1.1549656749058881
decision_type=2 2 2 2 2 2 2 2 2 2 2 2 2 2 2 2 2 2 2 2 2 2 2 2 2 2 2 2 2 2
left_child=1 2 3 12 8 7 -7 9 11 17 19 13 -1 21 -10 -13 -17 18 -6 -9 -21 -3 -8 -24 -25 26 -26 -27 29 -2
right_child=28 4 -4 -5 5 6 22 10 14 -11 -12 15 -14 -15 -16 16 -18 -19 -20 20 -22 -23 23 24 25 27 -28 -29 -30 -31
leaf_value=0.047897157760005644 -0.0013345218264529564 -0.30012214533325893 -0.038063846356755852 0.16376863025660932 -0.12740144539976708 0.24050902419106204 -0.10283137171077815 -0.10095333568637868 -0.042654980213686716 -0.048262762378946687 -0.031085285264274516 0.03961756175862699 -0.15283493514101099 0.016758598569392973 0.019031207420581508 0.045451121865070054 -0.0046730914816619767 0.42871173710477262 0.11568930112930464 0.26448591139800887 -0.12654402442393861 0.054177312724613541 0.41632387843272112 0.1431247952644592 -0.089974905877256914 -0.12912447269566349 0.23893812395764261 0.2010989230937692 0.0012868742172122325 -0.02994174417425411
leaf_weight=260.74585348367691 2537.6972494907677 19.067706607282165 115.8574250806123 46.975546069443226 14.048727139830588 20.699715636670589 32.617774268612266 264.00097468495369 734.00628008693457 64.534487711265683 910.44180322624743 421.35191760957241 16.034127965569496 17.724199414253235 192.05087674036622 285.21915470436215 2689.7897722180933 4.6771552786231032 69.37222982570529 10.873910393565895 11.889423832297323 5.522866189479827 6.4493943750858298 24.801632136106491 67.733748575672507 6.0829594060778645 8.1564327552914602 17.492848463356495 63705.52957322821 1185.4640031717718
leaf_count=1347 12348 101 702 235 108 132 254 1738 3554 449 5644 2038 97 109 918 1425 13200 29 380 67 103 27 41 130 528 49 55 108 312579 5769
internal_value=0 -0.00700219 0.0303029 0.0547683 -0.00978248 -0.0273878 0.0350259 -0.0358971 -0.00359555 0.0335861 -0.0447556 0.00347821 0.0362686 -0.121149 -0.0298622 0.00503092 0.000132402 0.0935428 0.074751 -0.0881571 0.0602487 -0.220549 0.0089847 0.0368861 0.0171936 -0.0142071 -0.0546244 0.115896 0.000639187 -0.0104431
internal_weight=0 6338.22 439.613 323.756 5898.61 1533.87 184.035 1349.84 4364.73 152.633 1197.21 3438.68 276.78 42.3148 926.057 3396.36 2975.01 88.0981 83.421 286.764 22.7633 24.5906 163.335 130.717 124.268 99.466 75.8902 23.5758 67428.7 3723.16
internal_count=364264 33568 2381 1679 31187 9815 1297 8518 21372 966 7552 16900 1444 237 4472 16663 14625 517 488 1908 170 128 1165 911 870 740 583 157 330696 18117
is_linear=0
shrinkage=0.1


Tree=79
num_leaves=31
num_cat=0
split_feature=4 120 152 77 156 88 69 107 63 113 139 124 90 89 114 88 109 95 87 92 94 93 66 120 31 28 108 108 121 88
split_gain=32.4176 65.1134 71.654 51.5906 50.4831 47.5543 55.7981 76.4182 53.3044 47.8385 63.3859 54.5969 42.87 75.5932 95.1772 68.7771 62.2583 73.6809 67.9582 62.147 67.6466 68.84 61.1818 57.9454 56.2464 55.6006 54.3518 60.174 53.5089 69.9352
threshold=1.0000000180025095e-35 -1.4760327429384337 0.07914362361135989 1.0000000180025095e-35 3.8941364329716257 -1.0315796518063094 1.0000000180025095e-35 -1.0477974292936298 1.0000000180025095e-35 -1.146060060088822 0.53137472050746859 1.6377056313381602 0.34291185820948306 -0.21904247620696568 -1.078856034342764 0.16001217951714539 0.82163031275188203 -1.1370497799141861 0.55886613370138194 0.81269947505500106 1.3788401904205017 0.87026656356378684 1.0000000180025095e-35 0.74189197820374275 4.5000000000000009 1.0000000180025095e-35 -0.0062471636829615302 -1.1383300736086712 -1.165236402289785 -0.93313380754961517
decision_type=2 2 2 2 2 2 2 2 2 2 2 2 2 2 2 2 2 2 2 2 2 2 2 2 2 2 2 2 2 2
left_child=3 2 -2 5 -5 9 8 -8 -7 -1 -11 -12 15 14 -14 16 -3 -18 24 20 21 25 -16 -21 28 -15 27 -23 29 -19
right_child=1 12 -4 4 -6 6 7 -9 -10 10 11 -13 13 19 22 -17 17 18 -20 23 -22 26 -24 -25 -26 -27 -28 -29 -30 -31
leaf_value=0.021317800643486158 0.0146004805169433 -0.0021517401180224114 0.11760807403957359 0.0015970116619123294 0.025103434587457209 0.00010916948829701081 0.040709124897997169 -0.11515850253752689 -0.04438996818953362 -0.11063962760076214 0.045448047075730649 -0.13991831722137049 0.19087314845287395 -0.0061465371688737142 -0.11933679034779661 0.014570406877867041 -0.077909183757354894 0.18750917227457142 0.10619084748761914 -0.050585671455743123 -0.12413294436366791 0.041929015528185794 0.016373715748299902 0.0421701911801848 -0.12344788657856641 -0.088658584095413329 0.064849387400712055 -0.12336542782259968 -0.01976536973462914 -0.019903914738764999
leaf_weight=74.786625921726227 752.28457297757268 9856.0137349087745 74.190690092742443 50345.548370938748 930.52197474241257 2874.1590742934495 45.514096066355705 101.82704939320683 297.00789861753583 145.72717726975679 62.665472541004419 21.286804188042879 12.890259318053721 3168.7426427248865 152.16006369516253 2102.0143107883632 215.15088271722198 29.409980859607458 44.786634728312492 557.14892601594329 47.385323446244001 53.57375343888998 42.49777228012681 76.610754765570164 49.677759289741516 83.827128479257226 238.06307021901011 37.39776474237442 1209.456047989428 36.347428932785988
leaf_count=371 3686 48469 361 247312 4556 14169 225 526 1573 729 304 110 59 16478 809 10177 1315 153 250 2705 245 258 214 382 280 447 1170 168 6575 188
internal_value=0 -0.00359876 0.0238472 0.00120874 0.00202359 -0.0103239 -0.00685363 -0.0670106 -0.00405857 -0.0481476 -0.0707664 -0.00155315 -0.00485803 -0.0133492 -0.0722822 -0.00205521 -0.00510982 -0.0235061 -0.0149603 -0.0104799 -0.005434 -0.00386359 -0.0897084 -0.0393731 -0.0190557 -0.00827309 0.0397251 -0.0260224 -0.014989 0.0728615
internal_weight=0 18839.6 826.475 54899 51276.1 3622.97 3318.51 147.341 3171.17 304.466 229.679 83.9523 18013.2 4470.3 207.548 13542.9 11440.8 1584.83 1369.68 4262.75 3628.99 3581.6 194.658 633.76 1324.89 3252.57 329.035 90.9715 1275.21 65.7574
internal_count=364264 94389 4047 269875 251868 18007 16493 751 15742 1514 1143 414 90342 22935 1082 67407 57230 8761 7446 21853 18766 18521 1023 3087 7196 16925 1596 426 6916 341
is_linear=0
shrinkage=0.1


Tree=80
num_leaves=31
num_cat=0
split_feature=93 157 72 157 127 157 94 111 87 94 109 20 126 17 91 89 22 89 157 29 117 88 152 152 119 31 88 133 95 100
split_gain=31.7027 67.8648 62.2802 54.2603 58.7599 49.3517 43.9363 40.1221 36.8831 33.9334 31.4361 44.4373 54.8264 43.6357 60.53 41.7827 41.5846 45.3578 41.4309 41.0927 39.5457 54.3807 46.7389 48.5756 43.7231 64.5325 52.8598 43.6511 38.5679 38.4638
threshold=-4.2433338410245005 0.7185247311847659 1.0000000180025095e-35 -0.28932783665688871 0.098580726481674055 -0.19759514784734894 -1.2171784760126527 -0.054890933099448876 1.7048344381372775 0.061558833608239154 -1.3685118793375191 1.0000000180025095e-35 0.34417075834818434 1.0000000180025095e-35 0.30717340182086744 -0.51682224556961553 1.0000000180025095e-35 -1.2551992369216072 -1.5953116431295473 5.5000000000000009 0.98222627013462749 0.82059629113116295 0.41921513737033606 0.21949059754363578 -0.82870809394904466 1.0000000180025095e-35 -0.048598591161638331 -0.29323209268775535 1.8186966799836204 -0.51198483772014136
decision_type=2 2 2 2 2 2 2 2 2 2 2 2 2 2 2 2 2 2 2 2 2 2 2 2 2 2 2 2 2 2
left_child=1 2 3 8 6 -6 -5 -4 -1 -9 -2 13 18 16 -15 -16 28 -18 -13 -19 24 22 23 -22 25 -20 -26 -23 29 -12
right_child=10 -3 7 4 5 -7 -8 9 -10 -11 11 12 -14 14 15 -17 17 19 20 -21 21 27 -24 -25 26 -27 -28 -29 -30 -31
leaf_value=-0.12192266616274389 0.0047763430884219492 -0.14346230484279721 -0.13663537531621564 0.17378304211993523 0.17230511362191958 -0.12823790220173609 -0.13577940417795789 0.17017718522956277 0.20954985527664768 -0.14285843471793194 -0.0040312903670398151 0.067762387810113872 0.14966465314326916 -0.13377250987788772 0.085848013830553349 -0.064142210336213909 0.054206597091072478 -0.048610649152158542 0.08623170413096426 0.15579705024830923 -0.1531120676768925 -0.1366497923530294 -0.14077276336153308 0.156542862854955 -0.036834950796115422 -0.16285594232545197 -0.12168216331508973 0.12414604528473083 0.022744652972737395 0.0013233679830636001
leaf_weight=64.93223625048995 12000.69768268615 47.643765354529023 6.299202360212802 26.342031657695774 6.8164795190095893 27.531504809856415 5.5510341599583617 32.435382448136806 3.539857603609561 3.8767956420779219 20364.717660758644 35.421453535556793 16.368208073079586 58.636481307446957 33.0991454385221 42.317674620077014 54.550400730222464 374.13062380999327 40.280858855694532 10.100420303642748 7.7505885027349022 7.5609300732612601 30.679781099781394 14.625613339245318 160.26731421425939 14.021474480628966 135.50928890705109 42.453560553491116 722.19539893046021 39309.387374598533
leaf_count=465 63558 320 41 134 37 176 39 167 15 22 98124 190 79 374 173 293 263 1971 198 44 44 51 187 66 795 77 746 208 3452 191955
internal_value=0 -0.037502 -0.00903251 -0.0423635 0.0221617 -0.0685941 0.119903 0.0963413 -0.104786 0.136757 9.48078e-05 -0.000819101 -0.0303627 -0.000574424 -0.0575652 0.00168592 -0.000448842 -0.0311228 -0.036394 -0.0432373 -0.0445357 0.0099077 -0.0606162 0.0492857 -0.0605649 0.0219145 -0.0757075 0.0847203 -0.000225994 -0.000503993
internal_weight=0 224.968 177.325 134.713 66.2411 34.348 31.8931 42.6114 68.4721 36.3122 73474.8 61474.1 504.939 60969.1 134.053 75.4168 60835.1 438.781 488.571 384.231 453.149 103.07 53.056 22.3762 350.079 54.3023 295.777 50.0145 60396.3 59674.1
internal_count=364264 1416 1096 866 386 213 173 230 480 189 362848 299290 2641 296649 840 466 295809 2278 2562 2015 2372 556 297 110 1816 275 1541 259 293531 290079
is_linear=0
shrinkage=0.1


Tree=81
num_leaves=31
num_cat=0
split_feature=45 91 109 88 87 100 31 113 157 109 144 157 109 93 112 89 91 95 121 149 88 50 109 51 107 95 98 137 121 90
split_gain=30.9822 80.9373 75.3271 65.3141 62.742 70.8907 66.5203 64.3033 58.8417 57.6078 55.5548 51.7181 77.6144 69.7243 69.4214 60.3535 66.9315 51.4745 66.8268 61.2315 49.5831 48.2713 47.4081 59.8814 45.5539 52.5415 45.4713 53.8787 43.8302 76.695
threshold=1.0000000180025095e-35 2.8338919926627724 1.5332908602789967 -0.66812148265775773 0.23949255346757928 -0.20839622043086076 4.5000000000000009 -0.032783762757327348 -1.2947663863719761 1.5972713538741217 0.53160526881742676 -0.60677122030042774 0.042481184455930764 0.93790564802799359 0.23519519426377658 -0.6679412508785908 -0.095319230975021443 1.429348519380873 -0.68878062072206103 -0.4351921127250013 1.6730956468888094 1.0000000180025095e-35 0.55164868647228837 1.0000000180025095e-35 1.222328488993522 1.0320814131387477 1.0000000180025095e-35 -0.10132979693601858 -0.030756554827177377 0.34291185820948306
decision_type=2 2 2 2 2 2 2 2 2 2 2 2 2 2 2 2 2 2 2 2 2 2 2 2 2 2 2 2 2 2
left_child=-1 2 3 10 11 -6 7 -7 -3 28 17 12 -5 -13 15 16 -14 26 -19 -20 -17 -4 -9 -24 -12 -26 -2 -28 29 -10
right_child=1 8 21 4 5 6 -8 22 9 -11 24 13 14 -15 -16 20 -18 18 19 -21 -22 -23 23 -25 25 -27 27 -29 -30 -31
leaf_value=0.00053956589770263379 -0.041078362841778515 -0.11455432668969999 -0.093045057843156864 -0.0087839690015061433 -0.070560615022137951 -0.11493637998423377 -0.16925691290776862 0.043266911754205599 0.2071785232275215 0.37772741362427564 -0.12010745872595248 -0.00078133655422880737 0.037278615519262828 -0.14430423117958158 -0.10066874549114493 0.032347769637157908 0.26463008816079209 -0.15004609763451557 0.38170049122847516 0.041482356209548328 0.12139727975157573 0.17585946001398056 -0.11457094402924139 0.19862357067809469 -0.1246072275418828 0.26175993845613549 0.012641354007341852 -0.17957305302948823 0.026804792835066371 -0.13593773678963494
leaf_weight=68543.155594503507 775.63428008183837 16.157112870365381 139.95684422552586 386.37561812996864 247.84135706350207 36.45309148542583 21.98479600995779 248.18083577789366 38.687579186633229 6.5085203200578681 93.719530168920755 1888.7611248549074 23.907213628292084 34.466341741383076 28.958019524812698 382.99290849640965 28.250306010246277 17.978478536009789 5.4953734725713721 141.58861311897635 74.727472428232431 7.0099940150976172 39.67121359333396 7.2149411290884009 6.8897516801953298 7.1955740936100483 308.26411797106266 15.307072978466747 78.150547796860337 7.8336486890912047
leaf_count=337902 4009 114 939 1849 1323 217 120 1204 196 41 499 9433 126 169 180 2019 157 86 30 690 391 38 284 42 55 38 1522 77 458 56
internal_value=0 -0.0075275 -0.00969337 -0.0075438 -0.000203921 -0.029555 -0.000806093 0.0103647 0.0655145 0.0876931 -0.0259984 0.00599251 0.0254198 -0.00335342 0.0499459 0.0584999 0.16042 -0.0201225 0.031948 0.0541936 0.046886 -0.0802189 0.0258447 -0.0663759 -0.0949068 0.0727708 -0.0279417 0.00354833 0.0725518 0.149402
internal_weight=0 5116.16 4968.82 4821.86 3449.79 601.346 353.505 331.52 147.337 131.18 1372.07 2848.44 925.212 1923.23 538.836 509.878 52.1575 1264.27 165.062 147.084 457.72 146.967 295.067 46.8862 107.805 14.0853 1099.21 323.571 124.672 46.5212
internal_count=364264 26362 25497 24520 17514 3190 1867 1747 865 751 7006 14324 4722 9602 2873 2693 283 6414 806 720 2410 977 1530 326 592 93 5608 1599 710 252
is_linear=0
shrinkage=0.1


Tree=82
num_leaves=31
num_cat=0
split_feature=91 90 31 39 88 94 87 93 157 123 108 93 90 71 157 109 109 96 88 95 89 157 109 110 117 123 109 94 88 147
split_gain=31.6386 51.0184 82.1327 64.9727 57.5733 95.5822 88.0764 81.0566 57.5638 53.5743 55.6461 52.7487 57.0209 61.5165 61.0095 52.097 80.9487 63.3752 56.3983 53.2802 57.2555 52.7924 51.0115 49.9539 49.2375 48.1703 47.6537 45.4339 45.3257 61.4961
threshold=0.82443359888447987 1.9220463779388088 1.0000000180025095e-35 1.0000000180025095e-35 0.92910055140754 -1.2171784760126527 1.7746278249265071 -1.2475217329199522 0.23813512399796519 -0.57644691573958629 1.2516060569551537 0.96487566271941783 0.38464848373140953 1.0000000180025095e-35 -0.05878910556975582 1.1625103494037925 1.7566003371001604 0.33482471240286776 0.71567995838030507 1.3567581843532421 -0.21904247620696568 -2.2338194376064755 -1.1350137519590893 -1.4604408161782618 6.7112949507048016 0.77554197839741923 0.91448855562882503 -1.2396881995724127 3.3327620604733181 2.0082104379475454
decision_type=2 2 2 2 2 2 2 2 2 2 2 2 2 2 2 2 2 2 2 2 2 2 2 2 2 2 2 2 2 2
left_child=28 4 3 8 6 7 11 -6 27 -9 26 12 15 -14 -15 18 19 -18 21 24 -21 -2 -10 -23 -17 -13 -11 -3 -1 -30
right_child=1 2 -4 -5 5 -7 -8 9 22 10 -12 25 13 14 -16 16 17 -19 -20 20 -22 23 -24 -25 -26 -27 -28 -29 29 -31
leaf_value=0.00054628425383576444 0.04568174283527357 -0.13492347731172563 -0.065053675953739079 -0.046850287283192148 -0.097308640479010527 0.00073986888950586856 0.14331229668287396 -0.015436246759392367 0.12842058238198459 0.089211547184899251 -0.13214064453792573 0.051303212400119341 -0.057730458568875147 -0.082487940802945844 0.078831374817521782 -0.080507200917870461 -0.010432308645463823 0.1665131881382563 0.064895950604146754 0.10313634885628101 -0.14214726009775933 0.078128786861525398 -0.087608737021856412 -0.0087547478678078501 0.31755118780795893 -0.18346793080577228 0.20750205393037222 0.1579599751382107 0.025362645324745709 0.19044722933341623
leaf_weight=64573.481771368533 192.20756802707911 5.8457453772425643 343.61636062152684 92.375868368893862 27.899255130439997 1000.9709210842848 38.587937213480473 47.036830727010965 16.511229664087296 173.58663752675056 9.7227630428969842 201.23438635468483 432.37053617089987 34.589610911905766 72.753135107457638 308.60506831854582 69.479398839175701 28.562486559152603 115.17385812103748 35.058765809983015 13.062263928353785 67.017337866127491 32.339666286483407 5265.2667144015431 3.1390466317534438 9.1363629922270757 42.36863774433732 56.374282028526068 315.17714676074684 24.305085085332394
leaf_count=317107 1003 42 2175 576 182 5224 217 244 74 810 70 931 2442 200 377 2025 442 149 536 185 81 324 225 26218 22 47 244 324 1649 119
internal_value=0 -0.00567265 -0.0352392 0.0151168 -0.00369719 0.0155905 -0.0073428 0.0650396 0.0666538 0.0816482 0.101883 -0.00819178 -0.00975432 -0.0409087 0.0268486 -0.00699676 -0.0394356 0.0411171 -0.00436292 -0.0613815 0.0365551 -0.00580682 -0.0145925 -0.00766278 -0.076499 0.0411071 0.112419 0.130443 0.000737881 0.0371818
internal_weight=0 8734.89 547.063 203.447 8187.83 1301.59 6886.24 300.614 111.071 272.715 225.678 6847.66 6637.29 539.713 107.343 6097.57 457.907 98.0419 5639.67 359.865 48.121 5524.49 48.8509 5332.28 311.744 210.371 215.955 62.22 64913 339.482
internal_count=364264 45389 3416 1241 41973 6774 35199 1550 665 1368 1124 34982 34004 3019 577 30985 2904 591 28081 2313 266 27545 299 26542 2047 978 1054 366 318875 1768
is_linear=0
shrinkage=0.1


Tree=83
num_leaves=31
num_cat=0
split_feature=31 108 18 89 95 109 118 147 128 100 98 94 148 95 65 100 100 92 108 108 61 100 91 157 45 89 93 114 148 90
split_gain=30.9088 50.3269 46.3417 44.6184 42.4961 41.8277 51.7458 57.3581 130.334 77.8002 64.3472 53.8408 50.8754 48.753 48.7039 72.8111 58.146 72.4385 70.0452 51.3072 45.5689 43.8993 43.5602 40.8958 54.0639 40.6901 67.4525 46.1742 40.6164 53.2835
threshold=1.0000000180025095e-35 1.3184019592559511 1.0000000180025095e-35 3.1149533204723272 1.2234559327570471 -2.1233080352556093 4.3726698401660649 -0.52610945560237699 -0.075341294221717828 -0.51198483772014136 1.0000000180025095e-35 1.1938287639019254 -1.2217447892717326 -0.93247701756359003 1.0000000180025095e-35 1.0000000180025095e-35 -0.20839622043086076 1.2195514959480982 1.2956818155222507 -2.3612433449312884 1.0000000180025095e-35 0.39878101414770051 -0.13705622193955846 1.1759811661691817 1.0000000180025095e-35 2.6463767912945486 0.1544909355628141 0.16329098466087513 -0.27276518514124143 2.7693676617366187
decision_type=2 2 2 2 2 2 2 2 2 2 2 2 2 2 2 2 2 2 2 2 2 2 2 2 2 2 2 2 2 2
left_child=1 4 25 -3 5 20 7 8 9 10 -7 -11 23 -12 16 19 18 -18 -14 -16 -1 -22 -17 24 -9 -2 27 -27 -28 -30
right_child=2 3 -4 -5 -6 6 -8 12 -10 11 13 -13 14 -15 15 22 17 -19 -20 -21 21 -23 -24 -25 -26 26 28 -29 29 -31
leaf_value=0.020831668766616698 0.0013954998800184656 -0.062826209255965632 -0.10025568488239962 0.21309032625419624 0.0075245541234829853 -0.093125560853178163 -0.097274166730307851 -0.14767804129162923 0.048326204156899449 -0.007009655135061796 -0.19482859878163419 0.062490617780576491 -0.016371676007765412 0.040217056350842294 0.072012185054238481 -0.070912427076489287 0.006568004569028946 -0.030755645628404001 0.17261212169147144 -0.012476924576748302 -0.24388813601307549 0.0048375999817189368 -0.02450270933697879 0.022068261275183361 0.11028791905274955 -0.086045370614343489 -0.085302798581622291 0.047503417794877233 -0.011885388827914553 0.078795094119446379
leaf_weight=775.41903671622276 57171.987183205783 189.86140114627779 45.121200606226921 6.0475012809038153 2940.248170543462 173.61418285965919 63.593711005523801 67.70931326970458 586.05195465125144 634.18970716372132 9.9899678230285627 135.23351622000337 3435.7170453220606 75.650307007133961 77.002792656421661 375.13035937026143 4081.1916231103241 595.92623860016465 19.724926330149174 1079.3061353936791 12.950133360922338 15.697475783526896 438.82304269634187 29.319164674729109 9.2319575324654561 194.0620758831501 46.707439135760069 29.874758707359433 221.301443554461 91.627757377922535
leaf_count=4485 280847 1415 267 43 14633 891 414 341 2981 3190 48 641 16870 356 431 1886 20465 2841 114 5256 69 82 2273 140 47 1215 248 194 1102 479
internal_value=0 -0.00393938 0.00104819 -0.054309 -0.00330811 -0.00581772 -0.00731079 -0.00682693 0.0106861 -0.0107579 -0.0581352 0.00520568 -0.0095969 0.0127989 -0.00887292 -0.0229792 -0.00545542 0.00181248 -0.0152929 -0.00685049 0.0162559 -0.107599 -0.0458918 -0.0784298 -0.116725 0.00112733 -0.0251446 -0.068229 0.00168306 0.0146665
internal_weight=0 15827.6 57800.7 195.909 15631.7 12691.5 11887.4 11823.8 1614.73 1028.68 259.254 769.423 10209.1 85.6403 10102.8 1970.26 8132.56 4677.12 3455.44 1156.31 804.067 28.6476 813.953 106.26 76.9413 57755.6 583.573 223.937 359.637 312.929
internal_count=364264 79912 284352 1458 78454 63821 59185 58771 8107 5126 1295 3831 50664 404 50136 9846 40290 23306 16984 5687 4636 151 4159 528 388 284085 3238 1409 1829 1581
is_linear=0
shrinkage=0.1


Tree=84
num_leaves=31
num_cat=0
split_feature=6 52 109 90 29 92 75 95 116 107 107 119 82 111 95 154 108 93 87 108 93 43 96 145 149 95 92 90 93 108
split_gain=30.2229 29.8263 60.7954 68.4657 56.6863 54.7489 74.6388 71.2831 57.8009 56.8036 56.4487 81.032 52.739 100.564 76.2374 74.4115 78.7506 74.402 67.4365 64.206 62.9971 61.6408 61.5816 61.3325 102.232 76.6864 60.5739 74.8195 58.4737 61.7629
threshold=1.0000000180025095e-35 1.0000000180025095e-35 -0.2928805261059807 4.2279707288457073 5.5000000000000009 1.2195514959480982 1.0000000180025095e-35 -0.052154227319412043 3.6563763669889755 0.074377827176704117 -1.3168468211369231 -1.1005427530765626 1.0000000180025095e-35 -1.440600847203924 -1.0789775118920815 3.0620736730156506 0.5274011249634224 -0.6366294953856293 -0.29172729994327434 1.2333134819178115 0.35698009348414189 1.0000000180025095e-35 -0.18107138890338029 -0.56995387320160196 -0.62246332051218312 -1.3251247388494116 1.0371127947384491 -0.23842317001442578 0.87840037751834332 -2.4243543911181646
decision_type=2 2 2 2 2 2 2 2 2 2 2 2 2 2 2 2 2 2 2 2 2 2 2 2 2 2 2 2 2 2
left_child=1 4 -3 12 5 -1 7 -7 9 10 -9 -12 15 21 -15 23 18 -18 28 26 -19 -14 -20 24 25 -4 -16 -28 29 -17
right_child=-2 2 3 -5 -6 6 -8 8 -10 -11 11 -13 13 14 19 16 17 20 22 -21 -22 -23 -24 -25 -26 -27 27 -29 -30 -31
leaf_value=0.0051922799462961917 0.16058129926313772 0.0028840298378375144 0.070721917251842487 -0.12026462827868903 -0.076405936060845184 -0.10555856295246652 0.018692978876778975 -0.011201069085065816 -0.14356853680387208 0.001877053916474528 0.067862871597974481 -0.061957747764760519 -0.037643965374040286 -0.020287273671595146 0.023600603653226325 0.089942940432943375 -0.089105334541083103 0.14985819632310959 0.041080972230045393 -0.057930872000791958 0.031623404323017058 0.06016231577115741 -0.062837763109008071 -0.006157317206190175 -0.11014318127860688 -0.027548952358254081 0.010802838719520808 -0.066644374398706449 0.059453236042093564 -0.19246204350069412
leaf_weight=21241.484059741721 11.715253949165342 18423.429401248693 87.216308116912842 51.000020613893867 90.522571548819542 78.733597084879875 1016.3768974244595 1611.9773939996958 31.977808382362127 2410.2656316608191 53.485140111297369 475.81708373129368 703.85960400477052 693.25971181876957 3148.4524055887014 9.4623182937502843 23.662263266742229 105.3220364227891 289.1791919618845 114.90418247878551 78.765176311135292 70.930479679256678 71.031834557652473 20987.139712691307 139.9849438033998 887.06132013723254 454.64279281720519 171.90407145023346 20.13779354095459 42.653505884110928
leaf_count=105437 49 90140 411 390 483 398 4965 7792 157 11818 256 2286 3595 3811 15786 56 128 492 1334 880 360 333 325 104251 717 4353 2139 819 103 200
internal_value=0 -4.87923e-05 -0.001582 -0.00450484 0.0025949 0.00286055 -0.00586153 -0.0112144 -0.00959384 -0.00865257 -0.0205049 -0.0488396 -0.00429474 0.00463065 0.0102635 -0.00639757 0.0272115 0.0778137 0.00290296 0.0157083 0.0992692 -0.02869 0.0205887 -0.00737113 -0.0302334 -0.0187518 0.0179498 -0.0104462 -0.0852671 -0.141188
internal_weight=0 73584.6 46574 28150.6 27010.6 26920.1 5678.63 4662.26 4583.52 4551.55 2141.28 529.302 28099.6 5357.95 4583.16 22741.6 640.214 207.749 432.465 3889.9 184.087 774.79 360.211 22101.4 1114.26 974.278 3775 626.547 72.2536 52.1158
internal_count=364264 364215 230623 140483 133592 133109 27672 22707 22309 22152 10334 2542 140093 27363 23435 112730 2998 980 2018 19624 852 3928 1659 109732 5481 4764 18744 2958 359 256
is_linear=0
shrinkage=0.1


Tree=85
num_leaves=31
num_cat=0
split_feature=108 90 107 2 28 88 90 150 69 93 103 54 125 107 125 95 95 108 87 109 67 87 96 94 90 134 67 94 109 88
split_gain=29.3912 35.2251 29.2914 28.74 54.1565 49.3023 53.49 45.7608 45.4827 62.1168 62.8825 57.1065 55.9944 54.4336 52.6913 64.7846 70.5138 65.4782 61.2746 60.2004 45.3219 44.8647 44.8187 44.3 41.4933 62.6652 51.4977 61.16 52.2013 48.4146
threshold=-2.6783801296787177 1.4983857360399038 1.6031930016217066 1.0000000180025095e-35 1.0000000180025095e-35 -1.2323647415509502 -1.1767286028074675 3.7569557833183276 1.0000000180025095e-35 -1.4756966191188268 1.0000000180025095e-35 1.0000000180025095e-35 1.1104986610743828 0.095904399316238606 1.0336825852815184 -0.43490326655601114 -0.8783642223611744 1.1680480596328651 0.55886613370138194 1.5832528361102276 1.0000000180025095e-35 -0.1844713451050288 3.6881493708934809 1.1645352880364841 -0.2625173559487049 1.3025243670267745 1.0000000180025095e-35 -1.3701212552680089 -0.11896369248423665 -0.18019666359143335
decision_type=2 2 2 2 2 2 2 2 2 2 2 2 2 2 2 2 2 2 2 2 2 2 2 2 2 2 2 2 2 2
left_child=1 2 -1 8 5 -5 23 24 -2 11 12 -10 14 -13 15 16 19 22 -18 -11 -6 -16 -17 -7 26 29 -8 -28 -29 -26
right_child=3 -3 -4 4 20 6 7 -9 9 10 -12 13 -14 -15 21 17 18 -19 -20 -21 -22 -23 -24 -25 25 -27 27 28 -30 -31
leaf_value=0.023435433887697983 -0.00067877934610493607 -0.23844589047228362 0.14164490215145109 -0.02473248817405016 -0.020290765154570133 0.097993666471766605 0.012036487291743262 -0.13184172911635708 -0.12591499270136627 -0.017027531409945906 -0.091336564636611772 -0.17201178880078094 -0.060719988752770959 0.18430585113654996 -0.19300935700509481 0.010991271624203082 -0.090606006979947029 -0.14093899837762025 0.10078289585420593 0.14063896490096661 -0.12169040246503189 0.13822026514116598 -0.16085968644932488 -0.20917474340952835 -0.028381776129820454 0.036155138882725278 -0.087641201945064445 0.017224107661801113 -0.021169187672845251 -0.00039682896185604176
leaf_weight=383.30574931949377 51952.948271561414 4.9514618366956702 22.17485722899437 576.67945838719606 359.6699211448431 86.395006418228149 8461.1071656364948 24.552300125360489 83.834358686581254 461.43884394317865 93.936429653316736 6.4440085515379932 185.75945577584207 12.810751900076864 4.5567390099167815 1438.3234032168984 214.48469378054142 29.648693606257439 18.143142022192478 25.558330282568932 50.23602344840765 39.861681938171387 15.337750963866709 4.9649902433156958 684.62529852241278 431.24918655306101 90.65569869056344 674.84566290304065 745.18516273424029 6371.3145619928837
leaf_count=2764 256477 29 107 2809 1810 413 42262 137 506 2285 493 37 998 65 23 6916 1082 195 90 147 268 191 73 23 3344 2200 476 3493 3617 30934
internal_value=0 0.0266627 0.0299001 -0.000172353 0.00322683 0.00403855 0.0049826 0.00458381 -0.00132828 -0.0141578 -0.0110538 -0.0902457 -0.00795431 0.0650567 -0.00359286 -0.00576714 -0.0303877 0.00617748 -0.0756792 -0.00875296 -0.0327178 0.104241 0.00917805 0.0813005 0.00477566 -0.00085043 0.00899993 -0.0080073 -0.00292342 -0.00311216
internal_weight=0 410.432 405.481 73144.6 18561.5 18151.6 17574.9 17483.5 54583.1 2630.14 2527.05 103.089 2433.11 19.2548 2247.35 2202.93 719.625 1483.31 232.628 486.997 409.906 44.4184 1453.66 91.36 17459 7487.19 9971.79 1510.69 1420.03 7055.94
internal_count=364264 2900 2871 361364 91786 89708 86899 86463 269578 13101 12493 608 12000 102 11002 10788 3604 7184 1172 2432 2078 214 6989 436 86326 36478 49848 7586 7110 34278
is_linear=0
shrinkage=0.1


Tree=86
num_leaves=31
num_cat=0
split_feature=99 92 137 137 95 93 91 95 107 142 95 128 109 46 109 108 30 119 137 91 111 137 100 95 139 31 110 96 151 89
split_gain=28.7246 38.2686 38.1096 70.6903 68.7941 49.3461 41.9514 74.5825 52.5025 51.3969 46.8143 44.2395 43.2361 39.7257 70.4784 53.8851 37.7712 40.4448 37.4359 37.3407 35.7475 52.5912 41.2426 37.7001 45.5125 40.746 39.5329 35.4604 37.0899 49.8864
threshold=1.0000000180025095e-35 1.8870302328549795 0.34652947103788972 0.28370758277005648 -0.96811227294079061 -2.7903778114579336 -0.92723749775988507 -1.76792578251796 2.7268352592780452 -0.63302832164696154 -1.2954286927017444 2.7446685839768397 -0.87298557533787446 1.0000000180025095e-35 0.58119155258461619 0.89401611224429522 1.5000000000000002 -0.85955458009117425 0.22088569450222312 -0.053362378776251544 -0.60690634226521534 0.44380207222679291 1.0059582487262619 -0.038296072450500693 -0.32437137226726609 2.5000000000000004 -0.022436323368296037 1.3666169150153642 0.92139725038446729 -0.1790720373663415
decision_type=2 2 2 2 2 2 2 2 2 2 2 2 2 2 2 2 2 2 2 2 2 2 2 2 2 2 2 2 2 2
left_child=-1 2 3 5 -4 -2 8 12 9 10 -7 13 -8 14 -9 -15 20 -18 -11 -3 21 -6 -23 27 -25 26 -26 28 29 -22
right_child=1 19 4 -5 16 6 7 11 -10 18 -12 -13 -14 15 -16 -17 17 -19 -20 -21 23 22 -24 24 25 -27 -28 -29 -30 -31
leaf_value=-0.00091539447659551494 -0.046147706179788889 -0.2680924935051876 -0.084110375706186319 0.099199147610974689 -0.22081342073961402 0.11417547569037773 0.016339728694765573 -0.00026265376122812595 0.26871552642993984 0.015788793958252122 -0.14559032750731474 -0.099025272990087607 -0.17221539514307196 0.0057681950448849701 -0.049993119979533956 0.059636909524031327 0.029881108498726501 -0.21902099416110055 -0.1971896168739119 0.0017090628696689936 -0.15651763992980838 0.071746799542784401 -0.19935116054848695 -0.18669747090083189 -0.063081605923750991 0.066142252419256795 0.026700872397518855 0.075691697785686782 -0.13470266219181057 0.043675074530675567
leaf_weight=61026.658904584125 183.40224415808916 10.177282363176346 127.99588147550821 80.75324322283268 7.0285272374749175 8.6597718298435193 17.75690982490778 1663.3353700265288 8.1151102483272535 3800.9273895546794 34.887034453451633 42.524475328624249 38.589365713298321 5311.3441753834486 343.89760772511363 192.42030259221792 10.928086481988432 16.215349487960339 8.2710599638521654 10.34290611743927 18.324554361402988 127.7005625218153 5.8696303218603125 11.699001185595987 85.825369402766228 100.93564263731241 114.43258011341095 17.453498706221581 56.677266538143158 38.812089756131172
leaf_count=302452 941 46 627 370 34 38 91 8065 43 18865 170 221 180 26498 1664 898 51 80 42 52 91 612 28 61 430 494 563 80 284 193
internal_value=0 0.00434723 0.00457168 0.00595955 -0.01744 0.00531348 0.00613628 0.00182872 0.0146266 0.0140914 -0.093933 0.00268376 -0.112794 0.0032596 -0.00878293 0.00765153 -0.00349413 -0.118812 0.0153263 -0.132103 0.0018587 0.0458041 0.0598336 -0.0120522 0.00681826 0.0143348 -0.0117776 -0.0570323 -0.0773857 -0.0205296
internal_weight=0 12495.3 12474.8 11734.9 739.898 11654.1 11470.7 7609.87 3860.86 3852.75 43.5468 7553.52 56.3463 7511 2007.23 5503.76 611.902 27.1434 3809.2 20.5202 584.759 140.599 133.57 444.16 312.893 301.194 200.258 131.267 113.814 57.1366
internal_count=364264 61812 61714 58086 3628 57716 56775 37617 19158 19115 208 37346 271 37125 9729 27396 3001 131 18907 98 2870 674 640 2196 1548 1487 993 648 568 284
is_linear=0
shrinkage=0.1


Tree=87
num_leaves=31
num_cat=0
split_feature=4 120 152 153 108 2 93 113 93 157 89 52 157 87 137 153 94 134 93 64 107 131 108 96 110 29 95 93 92 94
split_gain=27.9159 54.9183 56.0594 43.0362 55.4388 51.4729 61.5687 58.5198 51.5018 49.2903 78.6542 75.7054 61.2303 60.1039 63.023 61.2254 60.1623 52.0174 47.8625 47.1852 46.1912 48.9745 45.2764 56.5628 50.0506 46.3079 46.2627 44.8108 47.2268 45.8077
threshold=1.0000000180025095e-35 -1.4760327429384337 0.07914362361135989 1.6880017477541338 1.3914084647211726 1.0000000180025095e-35 -0.15330970829645588 -2.5892801830906063 0.42633155983351839 -0.19759514784734894 -0.94650446310632541 1.0000000180025095e-35 -1.5953116431295473 0.42824196428121925 0.21075313187837905 1.0000000180025095e-35 0.88270121497318643 -0.42691361490717211 1.0000000180025095e-35 1.0000000180025095e-35 -1.3168468211369231 4.316878477375389 0.14382417538800374 3.0432792442606709 -1.5157740170009999 2.5000000000000004 -1.3957353374671979 0.46443205677854632 1.0146165939877856 0.68751415999608856
decision_type=2 2 2 2 2 2 2 2 2 2 2 2 2 2 2 2 2 2 2 2 2 2 2 2 2 2 2 2 2 2
left_child=3 2 -2 4 5 8 -7 -8 -1 10 11 19 18 14 15 -11 -16 -14 -12 -9 -6 -22 23 24 -5 26 -24 28 -15 -29
right_child=1 -3 -4 22 20 6 7 9 -10 13 12 -13 17 27 16 -17 -18 -19 -20 -21 21 -23 25 -25 -26 -27 -28 29 -30 -31
leaf_value=-0.0044599814092522857 0.01373593278156672 -0.0045081706965451945 0.10522647831102144 -0.2592622834600764 0.086593203569861749 0.022565737358284779 -0.10276512703374084 -0.059580642613523138 0.002539073333317651 0.014351774461265713 -0.12787042796804005 -0.12581196994805646 -0.10898119961524665 -0.17399478918290878 0.074227756057920799 -0.014312069629035893 -0.012747909814239728 -0.0082971717231425639 0.047178722702236331 0.073672436812651579 -0.073603890877456779 0.28212450954962481 0.086262082769954007 -0.15680899456643627 0.0039068547345080138 -0.12290899343571138 0.020420705296866484 0.033166751290811543 0.021527384240101963 -0.096176968227949258
leaf_weight=20547.700882427394 749.08440208435059 17930.442168243229 73.547996878623962 7.2517891824245444 22.043131750077009 2087.2779548522085 52.082260489463806 70.000991836190224 21528.789244620129 3149.0797286629677 16.524649739265442 109.13674598932266 53.771711327135563 43.066259257495403 280.37544382363558 976.18153856694698 111.02121103554964 1122.2237217649817 285.25099827721715 42.834296531975269 187.62590770423412 3.9517067093402138 114.02420835569501 22.385466501116753 2087.7814536839724 21.52804521471262 1665.21155032143 77.877755027264357 17.322749260812998 42.227687075734138
leaf_count=102159 3686 90342 361 33 105 10244 278 329 104912 15840 83 545 271 228 1349 4887 555 5402 1330 201 1411 35 545 112 10212 109 8018 374 89 219
internal_value=0 -0.00334905 0.0219157 0.00112145 0.000342975 0.000557537 0.00763774 0.00280614 -0.000878856 0.00366568 -0.0109266 -0.0664305 -0.00258946 0.00894612 0.0112074 0.0075689 0.0495568 -0.0129009 0.0375934 -0.00899539 -0.0504929 -0.0662662 0.0112198 0.00130645 0.00299592 0.0228763 0.0246402 -0.0476401 -0.117909 -0.012309
internal_weight=0 18753.1 822.632 54744.5 50826.4 50612.7 8536.26 6448.98 42076.5 6396.9 1699.74 221.972 1477.77 4697.15 4516.66 4125.26 391.397 1176 301.776 112.835 213.621 191.578 3918.18 2117.42 2095.03 1800.76 1779.24 180.494 60.389 120.105
internal_count=364264 94389 4047 269875 250846 249295 42224 31980 207071 31702 8161 1075 7086 23541 22631 20727 1904 5673 1413 530 1551 1446 19029 10357 10245 8672 8563 910 317 593
is_linear=0
shrinkage=0.1


Tree=88
num_leaves=31
num_cat=0
split_feature=60 151 94 148 107 90 91 74 29 147 75 94 92 111 90 44 107 157 157 92 87 147 44 91 37 153 109 62 44 157
split_gain=27.9251 57.9998 51.8816 82.7064 66.4916 74.2464 72.0717 62.9488 52.7701 49.1877 49.3233 49.1135 47.1989 45.212 44.2458 42.8584 41.9081 59.3059 63.8679 56.9355 40.6168 39.2248 40.5968 38.8949 36.9032 41.311 48.7301 44.1721 52.8023 43.9226
threshold=1.0000000180025095e-35 2.3315074175261699 -0.84499715633278383 0.62811798681109654 0.074377827176704117 0.77097251848925241 0.6605636923055288 1.0000000180025095e-35 1.5000000000000002 1.1778082834781551 1.0000000180025095e-35 1.2083213256458805 -0.45312333303721036 0.94705484381101768 2.1762427630781525 1.0000000180025095e-35 -2.4704831486620238 0.52661029012270233 0.67145137771671259 1.5893670887760785 -0.033854901939066338 -0.027493263528206011 1.0000000180025095e-35 -0.83848684620929925 1.0000000180025095e-35 3.340698862154412 1.5187601879610173 1.0000000180025095e-35 1.0000000180025095e-35 -1.181307534423335
decision_type=2 2 2 2 2 2 2 2 2 2 2 2 2 2 2 2 2 2 2 2 2 2 2 2 2 2 2 2 2 2
left_child=24 2 8 4 5 7 11 16 13 10 21 -7 -9 14 -2 -11 -4 19 -19 -18 -13 22 -5 -23 -1 27 29 -26 -29 -27
right_child=1 -3 3 9 -6 6 -8 12 -10 15 -12 20 -14 -15 -16 -17 17 18 -20 -21 -22 23 -24 -25 25 26 -28 28 -30 -31
leaf_value=-0.0041184901502660616 -0.0014128760638588622 -0.079580524266744779 0.041181935812118861 -0.0050980787659534706 0.014050191657945611 -0.14084839544657818 0.019939739177652186 0.075142577413054371 -0.13215132461749721 0.025149055526245436 -0.052896685292792622 0.14190106191983207 -0.19481117082410984 -0.0910021947493585 -0.15683719060927975 -0.13489357862197185 0.01347801530276003 -0.1528452365181599 -0.023865776606438866 -0.22522145579538611 -0.11019382557333471 -0.17368040454925404 0.10095002965080774 0.13559642755728121 -0.0015108952007176696 -0.055533687968471482 -0.1498616457566517 0.0086099669046662518 -0.0068992150731781131 0.037210623701173118
leaf_weight=21159.531239205971 1266.3487025201321 78.824510477483273 221.94620165228844 68.316603071987629 4080.3232044503093 104.99233654886484 62.587494730949402 8.4411232620477659 34.949353437870741 117.71228847652674 27.684563845396042 12.567076846957209 27.830320380628109 62.13310432434082 18.584977179765701 19.50528621673584 716.96357418596745 43.478799223899841 328.15803377330303 10.133873552083967 13.004913926124571 4.1973313167691222 76.543678436428308 130.24074475467205 30771.197622479871 55.724056228995323 15.507828436791895 10548.207728993148 2772.1153414398432 610.59413558244705
leaf_count=105984 6069 394 1251 340 19707 486 285 37 176 569 144 56 133 320 98 96 3367 205 1616 44 62 21 354 615 152668 269 86 52328 13541 2943
internal_value=0 0.00574894 0.00665096 0.0106296 0.00735218 -0.0102789 -0.0682872 -0.00202188 -0.010837 0.0521719 0.0744197 -0.11058 -0.131987 -0.00768949 -0.0036609 0.00239922 0.00154752 -0.0064587 -0.0389554 0.0101512 0.0136955 0.0870395 0.0509374 0.12594 -0.000677069 0.00094932 0.025376 0.000571589 0.00538232 0.0294544
internal_weight=0 7535.47 7456.64 6074.63 5630.43 1550.1 193.152 1356.95 1382.02 444.2 306.983 130.564 36.2714 1347.07 1284.93 137.218 1320.68 1098.73 371.637 727.097 25.572 279.298 144.86 134.438 65932.9 44773.3 681.826 44091.5 13320.3 666.318
internal_count=364264 36445 36051 29388 27249 7542 889 6653 6663 2139 1474 604 170 6487 6167 665 6483 5232 1821 3411 118 1330 694 636 327819 221835 3298 218537 65869 3212
is_linear=0
shrinkage=0.1


Tree=89
num_leaves=31
num_cat=0
split_feature=30 90 89 109 157 114 88 91 102 90 30 89 108 96 126 52 87 137 157 157 65 138 109 94 29 51 108 94 95 90
split_gain=26.6524 41.3722 55.7534 56.2075 51.0099 72.5775 43.6575 86.0547 49.9247 50.7195 46.2304 54.5823 50.3892 58.0364 94.9566 53.7283 64.602 50.8689 50.1992 44.6291 45.0829 71.5021 49.96 44.1009 43.2775 47.9679 49.5369 43.2024 44.7501 48.8777
threshold=1.0000000180025095e-35 0.020003769249021936 -0.24394713425381612 1.6856104181442402 -1.9984526702662093 -0.3704440625672511 -0.22506797392992892 -1.1572856358418739 1.0000000180025095e-35 -1.3219836800299491 1.5000000000000002 -0.29652363457494479 0.36314196900458529 -0.18107138890338029 0.1888342943442067 1.0000000180025095e-35 1.7746278249265071 0.79033571396226043 -1.2078617338155702 -2.8095627607926663 1.0000000180025095e-35 0.020516806492279778 1.5332908602789967 -0.5714885974628221 1.0000000180025095e-35 1.0000000180025095e-35 0.48389568120419796 -2.5514192135891172 0.41506356540388495 0.067356924423550985
decision_type=2 2 2 2 2 2 2 2 2 2 2 2 2 2 2 2 2 2 2 2 2 2 2 2 2 2 2 2 2 2
left_child=-1 6 27 4 5 -4 8 -8 9 -2 12 19 17 15 -15 16 -14 -11 -13 -12 22 -22 -21 -17 25 26 -10 -3 29 -29
right_child=1 2 3 -5 -6 -7 7 -9 24 10 11 18 13 14 -16 23 -18 -19 -20 20 21 -23 -24 -25 -26 -27 -28 28 -30 -31
leaf_value=0.0007903101480570869 -0.13982790304141943 0.14531441509542778 0.052104028164616359 -0.11210630089263462 -0.0057268427377692825 -0.12362519886912625 -0.11483906789111149 0.019643888305182138 -0.022215265788448027 -0.0042149442378690829 0.2784379215372918 -0.1592534696469167 -0.05547713256451603 -0.099060290996775019 0.16401650402169746 0.044867594554180844 0.32890388890066458 0.053654696786536997 -0.011862966473239152 0.024845274758553151 0.0007027665006455971 -0.16613344808654218 0.14856971079861364 -0.016525073771044976 0.037977858685145395 -0.23324843030230988 -0.13973273408633499 0.074101517530545155 -0.014194681436467594 -0.11113246000071708
leaf_weight=62278.294471761212 26.525624927133322 10.50040017813444 32.923139076679945 52.34844570979476 3684.300130026415 82.136303458362818 49.187706112861633 1457.3338753171265 133.43816578760743 2161.5178717374802 6.6733853593468657 24.543993037194014 292.35319366678596 168.92560452409089 14.93305843323469 172.93199284002185 4.4388118088245383 163.37876115366817 394.89765539765358 1109.5234097912908 287.81163346394897 28.205990459769964 33.626192163676023 361.81792296841741 47.299632236361504 16.221011012792587 49.056143186986446 15.69086319208145 119.27203055098653 154.61839548870921
leaf_count=307965 136 51 179 353 18527 486 268 7370 670 10602 36 132 1564 914 81 924 23 775 1926 5501 1477 152 181 1930 237 76 270 76 573 809
internal_value=0 -0.00451716 -0.012427 -0.00919246 -0.00777449 -0.073342 0.000171147 0.015253 -0.00396139 -0.00189903 -0.00119889 0.011321 -0.00826519 -0.02685 -0.0776931 -0.0156084 -0.0497283 -0.000148239 -0.0204877 0.0204229 0.0192429 -0.0141881 0.0284847 0.00332861 -0.0479902 -0.0684529 -0.053805 -0.0539439 -0.0611691 -0.0940666
internal_weight=0 11156.4 4151.79 3851.71 3799.36 115.059 7004.64 1506.52 5498.12 5252.11 5225.58 1885.28 3340.3 1015.4 183.859 831.542 296.792 2324.9 419.442 1465.84 1459.17 316.018 1143.15 534.75 246.015 198.715 182.494 300.082 289.581 170.309
internal_count=364264 56299 21054 19545 19192 665 35245 7638 27607 26354 26218 9405 16813 5436 995 4441 1587 11377 2058 7347 7311 1629 5682 2854 1253 1016 940 1509 1458 885
is_linear=0
shrinkage=0.1


Tree=90
num_leaves=31
num_cat=0
split_feature=112 152 113 111 130 93 140 88 97 92 30 126 111 136 87 20 55 37 109 76 135 111 108 108 157 88 87 89 120 115
split_gain=26.2519 45.0832 55.5142 53.2054 49.4902 86.2131 48.6223 46.9222 46.5699 64.8327 44.5462 32.5554 31.7603 33.9699 39.105 31.7552 48.6255 54.203 44.4962 35.6463 40.2378 46.4924 37.5128 43.3521 40.7687 34.435 31.9007 35.9476 33.0418 30.7368
threshold=0.47461316928160663 0.41921513737033606 3.595948915488473 -0.82430967121748633 -0.28854327089884463 -0.028305830679061141 0.44824508696255011 2.9401839160673418 1.0000000180025095e-35 -0.37136884738236015 1.0000000180025095e-35 0.37565787943007162 2.1153614289632219 1.1793216332692247 0.12674570667839147 1.0000000180025095e-35 1.0000000180025095e-35 1.0000000180025095e-35 -1.9717926911380224 1.0000000180025095e-35 0.44915428498817489 1.0377971028519657 0.72865756254345493 0.72043183834241986 -2.1348446944172355 0.55625600839191824 1.0000000180025095e-35 -1.0790218411087023 -1.6696458776275953 2.4914979193712488
decision_type=2 2 2 2 2 2 2 2 2 2 2 2 2 2 2 2 2 2 2 2 2 2 2 2 2 2 2 2 2 2
left_child=11 3 6 -2 5 -4 7 8 9 -3 -10 15 13 14 -11 -1 18 -18 -17 20 22 25 23 24 -20 -22 27 -21 -28 -12
right_child=1 2 4 -5 -6 -7 -8 -9 10 12 29 -13 -14 -15 -16 16 17 -19 19 26 21 -23 -24 -25 -26 -27 28 -29 -30 -31
leaf_value=0.00031246112344246712 0.0010311483845613712 -0.10863395929450106 0.1288587215907849 -0.11588252288290529 0.11077576715291722 -0.18521790366495347 -0.15963722396051991 0.18702794130066547 -0.13840076089615772 0.057315157764776963 -0.071316731032288791 0.1697183103833691 -0.14950748040090764 0.13929450526453727 -0.082944262041377947 0.055932765850872861 0.19276268501548954 -0.062216026120319269 0.24946268075366082 0.00066750692615024667 -0.01369049088190415 -0.15482669174980462 -0.13872299028013815 0.21377734336119802 -0.037766376782000004 0.14126981143826245 0.1862535684258263 -0.13260823272758912 -0.042878111372621097 0.17911121619191084
leaf_weight=72241.09466637671 67.332229230552912 39.404627302661538 16.645015932619572 92.26037634909153 66.537898087874055 18.402323320508003 24.813555907458067 11.203327700495718 52.375474501401186 75.533831130713224 11.314540386199953 11.32023987919092 8.6430483143776637 31.391996759921312 26.977204240858555 54.802981406450272 21.080060087144375 13.791676472872494 5.0763183310627928 25.745296711102128 23.237332362681627 9.6063158176839334 31.243565034121275 7.5747422575950614 186.24912421032786 37.454303182661533 6.7843398898839942 94.607401262968779 86.991386085748672 8.6464585587382299
leaf_count=358170 349 232 82 474 322 93 138 55 304 360 57 51 55 150 142 293 96 83 26 131 121 57 205 33 891 174 35 532 509 44
internal_value=0 -0.0217525 -0.00350658 -0.0665566 0.060119 -0.0360536 -0.0257709 -0.0132593 -0.0220835 0.00489957 -0.0899552 0.000147862 0.0362841 0.0482764 0.0204039 0.00012151 -0.0227078 0.0919193 -0.0297282 -0.0388513 -0.0166314 0.0495849 -0.0368574 -0.0208562 -0.0301455 0.0819393 -0.0700279 -0.104098 -0.0263013 0.0371605
internal_weight=0 551.482 391.889 159.593 101.585 35.0473 290.304 265.491 254.287 181.951 72.3365 72856.7 142.546 133.903 102.511 72845.3 604.245 34.8717 569.373 514.57 300.442 70.298 230.144 198.9 191.325 60.6916 214.128 120.353 93.7757 19.961
internal_count=364264 2857 2034 823 497 175 1537 1399 1344 939 405 361407 707 652 502 361356 3186 179 3007 2714 1507 352 1155 950 917 295 1207 663 544 101
is_linear=0
shrinkage=0.1


Tree=91
num_leaves=31
num_cat=0
split_feature=104 92 128 89 107 100 93 89 92 121 100 90 65 128 95 89 87 91 101 133 122 100 125 152 89 88 152 31 87 145
split_gain=25.8411 65.8418 58.9763 45.7852 51.0616 52.8734 47.3099 51.407 63.1553 50.1443 55.4206 50.9053 43.4146 43.2695 42.2198 52.2223 61.3486 40.555 44.3222 42.0669 52.7547 40.0666 39.1402 45.0867 44.9497 67.8355 41.9155 38.0634 47.9132 52.1676
threshold=1.0000000180025095e-35 0.4456273213429553 -0.23138927167144036 3.1149533204723272 1.3922390684028907 -2.3335165414558245 0.76837984139618432 -0.46562933736220086 -1.9351291434650657 0.09286440471471856 1.3095468660155425 -0.20224860349114357 1.0000000180025095e-35 -0.090946091966690082 -1.4168525258388724 -0.26946672212898382 -0.033854901939066338 0.37247218838698792 1.0000000180025095e-35 -0.30792360810767166 0.80298283453887453 2.2203127178833846 2.0670762086836389 1.3109582178938735 0.64093688869477117 -0.29369403043970127 -0.022338034462747264 1.0000000180025095e-35 0.52703811466016426 1.394972153181149
decision_type=2 2 2 2 2 2 2 2 2 2 2 2 2 2 2 2 2 2 2 2 2 2 2 2 2 2 2 2 2 2
left_child=27 3 -3 4 6 -6 7 8 -2 10 11 -10 -5 -4 15 16 -8 18 19 -16 -21 -12 23 24 26 -26 -9 28 29 -1
right_child=1 2 13 12 5 -7 14 22 9 -11 21 -13 -14 -15 17 -17 -18 -19 -20 20 -22 -23 -24 -25 25 -27 -28 -29 -30 -31
leaf_value=-0.0052652564344107195 0.17171496745884668 0.00086930846819806762 -0.1230673337157789 0.091456579983583627 0.26663583993886458 -0.055426199383784049 -0.17595843630627475 0.034081873194485274 -0.028680624098456509 0.10132035119809771 -0.19712391738188736 0.078973027808448559 0.45793708392889787 -0.026566476696800047 0.048550529396992823 -0.24315512043965268 0.13886036884447903 0.081095295405094803 -0.035391756384150153 -0.12834845892962851 0.22025037053178648 0.089955517912248692 -0.17923785518558036 0.1199966034566266 -0.20144655482790974 -0.00062912781415018677 -0.049798000131373393 0.00058962753715073493 0.018455103896933049 -0.033743132315039399
leaf_weight=12552.638478940353 17.731332063674927 4417.6433807052672 56.579367734491825 14.808832228183748 5.2965885512530795 135.62196695059538 10.301210924983025 1027.3961970880628 474.09909259155393 32.293789863586426 28.990571603178978 48.409399777650833 4.1350673213601103 259.90044208243489 480.96065942943096 11.479528769850729 15.509270220994949 208.71878910064697 88.565311662852764 26.281925059854988 5.2001496106386176 5.841115027666091 9.8018731921911222 44.886778376996517 17.515387363731861 424.35477957874537 63.241362243890762 51425.239620456472 801.48674352653325 678.00312366709113
leaf_count=63167 87 22076 281 78 24 745 46 5023 2261 157 142 224 29 1286 2424 52 70 986 461 129 29 25 46 199 88 1998 314 253670 4364 3783
internal_value=0 0.00537246 -0.00211811 0.0164491 0.0155265 -0.0433211 0.0182529 0.0105048 -0.0142368 -0.0198287 -0.0268484 -0.0187067 0.171452 -0.0438186 0.0383279 -0.0657084 0.0132132 0.043119 0.0299306 0.0412202 -0.0707676 -0.148982 0.0199725 0.0212104 0.018317 -0.00858937 0.029218 -0.000670017 -0.00528639 -0.0067246
internal_weight=0 7935.56 4734.12 3201.44 3182.5 140.919 3041.58 2194.56 607.365 589.634 557.34 522.508 18.9439 316.48 847.017 37.29 25.8105 809.727 601.008 512.443 31.4821 34.8317 1587.2 1577.39 1532.51 441.87 1090.64 65457.4 14032.1 13230.6
internal_count=364264 39280 23643 15637 15530 769 14761 10564 2896 2809 2652 2485 107 1567 4197 168 116 4029 3043 2582 158 167 7668 7622 7423 2086 5337 324984 71314 66950
is_linear=0
shrinkage=0.1


Tree=92
num_leaves=31
num_cat=0
split_feature=95 95 92 48 86 51 93 126 119 127 151 137 93 108 155 108 126 90 91 92 93 100 90 4 94 108 125 65 93 108
split_gain=25.7235 52.896 62.4543 54.9339 60.8163 52.1622 47.0565 44.2606 40.5385 45.8152 38.3399 61.4017 43.6589 47.6069 42.9756 50.1036 48.4021 42.9139 43.7738 54.7862 41.7115 38.6794 48.6201 38.0051 43.9058 42.5517 41.9182 63.2129 45.0218 37.3791
threshold=-0.93247701756359003 -0.925217984060827 0.77676042263625822 1.0000000180025095e-35 1.3057390342028508 1.0000000180025095e-35 -2.4342023793426173 0.24970939510252235 1.9339803211554478 -0.89755696067708091 0.94996677620209946 1.3942364463433676 0.96487566271941783 -2.3012709198000199 -0.37422716308599252 0.99218126125912287 -0.15542489615109481 -0.81359090975126336 0.37247218838698792 -0.31924350417960329 0.33685960633339684 0.39878101414770051 -0.63202206322316123 1.0000000180025095e-35 -0.084291840963905032 1.2724324490289631 1.316307769802435 1.0000000180025095e-35 -0.077108714406400172 0.71187448108731155
decision_type=2 2 2 2 2 2 2 2 2 2 2 2 2 2 2 2 2 2 2 2 2 2 2 2 2 2 2 2 2 2
left_child=8 2 3 4 5 6 -2 -5 10 -10 -1 12 13 -12 20 16 -16 -18 29 -20 -13 -22 -23 26 -25 -26 28 -28 -11 -19
right_child=1 -3 -4 7 -6 -7 -8 -9 9 23 11 14 -14 -15 15 -17 17 18 19 -21 21 22 -24 24 25 -27 27 -29 -30 -31
leaf_value=-0.0034177384084137495 0.3076034044693618 0.00074401139268585219 -0.17403713685661434 -0.11844614604209802 -0.08684523842079496 -0.084438193620772428 0.089902569222309311 0.14958738647480294 0.095177449718874846 -0.16346757038253923 0.10942866584652766 -0.080473331380478644 0.22928585919444058 -0.10483051065520654 -0.17942441137526316 -0.13473464442933028 -0.067342564036777783 0.044877349266995978 0.2775049881954948 0.067113498304564839 -0.051018692608943053 -0.16472625950603267 0.092856287598264059 -0.1113953538135084 -0.01599117464886755 0.2283738747564478 0.076484194932497182 -0.13293149107893976 0.012657576010476896 -0.14797854827627491
leaf_weight=14496.061866819859 10.476904854178427 57474.590066166595 12.594102438539265 28.584520950913429 22.108492102473974 16.35650871694088 189.80612489953637 7.8535000570118418 78.861351223662496 18.82482498884201 11.152349434792994 125.36769215762615 4.4066909700632086 147.88381041027606 10.272582538425921 19.427393384277821 30.395234890282154 116.37260558083653 18.075739935040474 39.258330274373293 69.645688567310572 8.4909061416983587 53.502901691943407 47.008837942034006 51.725414145737886 8.2644267641007882 166.42632450908422 15.780868109315632 63.376340661197901 10.999864608049391
leaf_count=72591 61 284269 66 165 122 79 896 39 375 116 60 769 25 858 51 157 167 555 101 183 366 45 268 266 270 45 828 87 315 69
internal_value=0 0.000958143 0.0437239 0.0536899 0.0711447 0.0872679 0.101291 -0.0606768 -0.00361684 0.0259526 -0.00449501 -0.0279691 -0.0812024 -0.0898057 -0.0106306 0.0193546 0.0326372 0.0427645 0.0608837 0.133444 -0.0391918 0.000122863 0.0575768 0.011254 -0.0390317 0.0176735 0.0316032 0.0583468 -0.0276767 0.0282223
internal_weight=0 57762.4 287.78 275.186 238.748 216.64 200.283 36.438 15611.6 450.268 15161.3 665.252 163.443 159.036 501.809 244.802 225.374 215.102 184.707 57.3341 257.007 131.639 61.9938 371.407 106.999 59.9898 264.408 182.207 82.2012 127.372
internal_count=364264 285697 1428 1362 1158 1036 957 204 78567 2302 76265 3674 943 918 2731 1283 1126 1075 908 284 1448 679 313 1927 581 315 1346 915 431 624
is_linear=0
shrinkage=0.1


Tree=93
num_leaves=31
num_cat=0
split_feature=107 107 107 92 92 135 63 94 74 35 92 107 107 107 128 95 87 90 87 109 87 152 128 93 133 109 92 122 100 87
split_gain=25.5395 28.6449 81.7405 77.3338 60.0228 67.675 55.9423 52.3693 62.343 51.9771 67.6615 91.914 87.661 77.7236 96.7587 86.4759 78.3489 67.64 66.9206 68.2595 62.9038 77.4613 67.7098 67.1283 66.1127 67.3837 62.6158 59.2662 53.8348 82.104
threshold=-3.0572471082984616 0.074377827176704117 -0.5692398326281406 0.35564251834030142 -1.066281975448587 0.53997721103799556 1.0000000180025095e-35 -1.618344919180432 1.0000000180025095e-35 1.0000000180025095e-35 -0.37136884738236015 0.083559605383661237 0.083559605383661237 0.8915345733139225 -0.16674082387084102 1.0868541204777782 0.015036383077608429 1.4136536076601229 -0.44756328284167318 1.1625103494037925 -0.19715307084637654 0.10721301839781508 0.56891392696356535 -2.5866043671227286 -0.24262798401915484 1.0848339661474089 0.18719535662191863 0.80298283453887453 -0.20839622043086076 0.054853330669542878
decision_type=2 2 2 2 2 2 2 2 2 2 2 2 2 2 2 2 2 2 2 2 2 2 2 2 2 2 2 2 2 2
left_child=-1 2 3 -2 5 6 -4 8 -6 10 12 -12 -3 15 16 20 27 -16 -13 26 21 23 -23 -14 25 -22 -20 -15 -18 -30
right_child=1 9 4 -5 7 -7 -8 -9 -10 -11 11 18 13 14 17 -17 28 -19 19 -21 24 22 -24 -25 -26 -27 -28 -29 29 -31
leaf_value=0.033317020392392996 0.011044226517009604 -0.012380169764433093 0.020934805861873906 -0.0041950970112636845 -0.12251995157357243 -0.15911245581741895 0.14249926622616724 -0.016224409292828708 0.10895266109865008 0.0048991785437623482 0.0069438661574612653 0.093502935788187483 0.12723621099156654 -0.01057690480327801 -0.025095049961151472 -0.0087618621040490546 -0.0028759905438106377 -0.11861965920065634 0.0073003490047988083 -0.052421109464521456 0.070565064111902595 0.13356109760759355 -0.15493774446468056 -0.058904150764439361 0.010429289016316252 0.18851360535880859 -0.016898930681293525 0.25420878571621325 0.22978026341493918 0.043632342578586711
leaf_weight=229.14100833982229 4630.9339186828583 9046.2631796058267 238.1767668761313 11853.176770390943 83.846357621252537 18.115266401320696 45.009005881845951 4272.0924623925239 13.510485023260115 21553.448287647218 12785.235077509657 62.624321434646845 22.432819932699203 1212.1752831283957 495.15053641982377 436.70702828466892 263.89192110672593 91.643163347616792 1790.6717466153204 360.03063662163913 323.99545120820403 58.462408699095249 9.4501068741083127 142.09785666689277 153.30585284717381 56.949944518506527 2654.0283286422491 8.512495528906582 25.094797849655151 424.63477465510368
leaf_count=1474 22335 44447 1116 57340 413 100 203 20532 62 106675 62079 304 119 6985 3209 2125 1500 673 9637 2706 1515 279 50 688 765 315 13842 50 142 2584
internal_value=0 -0.000120484 -0.00322269 8.61349e-05 -0.0149003 0.0282693 0.040256 -0.0178771 -0.0903978 0.00114213 -0.00151955 0.00249162 -0.00706405 0.00584799 -0.00413251 0.0267569 0.00665769 -0.0397014 -0.00920322 -0.0105419 0.0469884 0.00356319 0.0934161 -0.033525 0.0658819 0.0881979 -0.00714957 -0.00873042 0.0329799 0.0540194
internal_weight=0 73131.7 21154.9 16484.1 4670.75 301.301 283.186 4369.45 97.3568 51976.8 30423.4 17652.6 12770.8 3724.5 2521.1 1203.4 1934.31 586.794 4867.36 4804.73 766.694 232.443 67.9125 164.531 534.251 380.945 4444.7 1220.69 713.621 449.73
internal_count=364264 362790 102101 79675 22426 1419 1319 21007 475 260689 154014 88568 65446 20999 15143 5856 11261 3882 26489 26185 3731 1136 329 807 2595 1830 23479 7035 4226 2726
is_linear=0
shrinkage=0.1


Tree=94
num_leaves=31
num_cat=0
split_feature=95 92 91 67 108 93 63 149 147 92 157 118 109 143 124 95 95 134 94 89 93 107 113 139 100 151 29 112 140 107
split_gain=25.711 57.6861 68.7385 53.7692 67.734 57.0593 96.7865 81.2761 64.1715 57.6361 68.2991 67.9808 77.0435 100.125 87.3287 65.1955 62.8748 59.568 68.0993 59.2211 57.3535 56.8118 53.5985 52.1896 49.5265 48.2809 58.0255 52.1723 54.0562 59.1967
threshold=0.63019492194031834 -0.97273070159521813 -1.1572856358418739 1.0000000180025095e-35 1.2333134819178115 -0.6627433191344686 1.0000000180025095e-35 0.76036712109515359 0.70543504888157194 1.5460207507443122 1.1240797764479946 -0.081986665490521651 0.87759561348690929 3.1810310885308359 -0.36087739962499971 1.6438199637806914 0.69882578414826024 -0.25863496733941815 -2.3990931390888233 2.072186064103275 0.26023051697204874 -0.8179485448882905 -0.21827569530195959 -0.13399614017420847 -1.1191620722987023 0.94996677620209946 2.5000000000000004 -0.13083805600386736 0.25730265351616927 -0.85388344928622628
decision_type=2 2 2 2 2 2 2 2 2 2 2 2 2 2 2 2 2 2 2 2 2 2 2 2 2 2 2 2 2 2
left_child=25 2 -2 5 -5 6 7 -3 -9 11 -11 19 17 14 -14 -16 -12 -13 -19 -7 -15 -18 -20 -10 -4 -1 27 -27 -29 -30
right_child=1 3 24 4 -6 9 -8 8 23 10 16 12 13 20 15 -17 21 18 22 -21 -22 -23 -24 -25 -26 26 -28 28 29 -31
leaf_value=-0.00062331687943305335 -0.10538790411366178 -0.011320301957738966 -0.03001515898274635 -0.0079311321652192988 -0.12006767006456834 0.023280852768345867 -0.075636382837683702 0.10739656775581891 0.17229808232239888 -0.013503697242981253 -0.2254215682615589 0.01003955152757967 -0.11631237668132761 -0.13580603756908424 -0.029864215910800396 0.031135577559907892 -0.018723622082826307 0.20478067629788571 -0.084736925869817445 -0.080180188077985187 0.19590904872820467 0.039202676290052446 -0.0110198590199766 -0.061241493618206966 0.035123647039617144 -0.082910822558154129 0.067931894136101678 -0.0073589014839520323 0.021381359847383777 -0.069830817389274172
leaf_weight=46337.14188823849 39.932989418506622 1719.8894546125084 131.09125204011798 3616.6860383339226 54.680136475712061 3048.3465617336333 214.42905347980559 108.75311670824885 11.701494373381136 2738.370725478977 10.373039692640303 8788.5100454706699 95.974613733589649 6.2512805201113215 803.89676191844046 224.04097760468721 238.90377375483513 13.623843550682066 113.22376422584057 56.347874017432332 31.361254405230284 581.23380832001567 765.31182338669896 52.505177294835448 1064.9842558577657 117.33920435793698 81.46458699926734 1851.5203647650778 93.289600443094969 299.85389399901032
leaf_count=230266 202 8705 669 17728 372 14916 1211 576 58 13175 49 43301 521 45 4158 1095 1193 60 579 294 158 2847 3732 310 5157 651 434 9531 452 1819
internal_value=0 0.00262312 0.0236754 0.00150609 -0.00960126 0.00358421 -0.0119623 -0.00474909 0.0605942 0.00545457 -0.00588522 0.00835632 0.00462034 -0.0197156 -0.0250866 -0.0165692 0.0192345 0.00754026 -0.0170799 0.0214031 0.140777 0.0223289 -0.0205204 -0.0186795 0.0279844 -0.00134576 -0.0150459 -0.0179078 -0.0145098 -0.0481869
internal_weight=0 24530.4 1236.01 23294.4 3671.37 19623 2107.28 1892.85 172.96 17515.8 3568.88 13946.9 10842.2 1161.52 1123.91 1027.94 830.511 9680.67 892.159 3104.69 37.6125 820.138 878.536 64.2067 1196.08 48780.6 2443.47 2362 2244.66 393.143
internal_count=364264 121111 6028 115083 18100 96983 10860 9649 944 86123 17264 68859 53649 5977 5774 5253 4089 47672 4371 15210 203 4040 4311 368 5826 243153 12887 12453 11802 2271
is_linear=0
shrinkage=0.1


Tree=95
num_leaves=31
num_cat=0
split_feature=154 82 96 157 95 137 113 153 42 157 7 108 114 109 31 90 72 126 96 86 28 107 93 157 31 88 109 87 91 93
split_gain=24.9842 48.6375 70.3588 64.8917 59.1322 51.8506 51.2519 49.5762 46.3495 81.1476 68.6973 66.4764 66.4731 66.2475 62.9137 67.3384 62.488 60.1867 59.4193 59.2943 51.0499 81.225 50.346 89.6005 48.385 92.4279 79.7453 48.3735 48.0062 47.6827
threshold=1.0000000180025095e-35 1.0000000180025095e-35 2.0114870416481745 -0.64660251938878055 -1.0981149638539114 -0.13983353490662609 -6.403504793881039 1.6880017477541338 1.0000000180025095e-35 -1.1583743622209499 1.0000000180025095e-35 0.050121366940556834 0.0022087213181831845 0.36183374193500334 1.5000000000000002 -0.24467519062987678 1.0000000180025095e-35 0.14685146623502363 0.07687666174974371 3.9234828462774769 1.0000000180025095e-35 2.4789358505217072 -1.2475217329199522 -0.92542161300725034 1.5000000000000002 0.98007578179331944 0.10704579822926964 1.2837995473350123 -0.85563602247919324 -0.31983884662921802
decision_type=2 2 2 2 2 2 2 2 2 2 2 2 2 2 2 2 2 2 2 2 2 2 2 2 2 2 2 2 2 2
left_child=1 6 5 -4 -5 7 -1 -3 9 11 19 13 -13 -8 15 16 22 -17 24 20 29 -22 23 -11 25 -14 -26 28 -18 -10
right_child=-2 2 3 4 -6 -7 8 -9 10 14 -12 12 18 -15 -16 17 27 -19 -20 -21 21 -23 -24 -25 26 -27 -28 -29 -30 -31
leaf_value=-0.20304617447892498 0.0047701265139595238 0.0067420566198835089 0.10841575238109005 -0.13035632203263456 0.033809517797527652 -0.0041218922897601441 -0.045571698698532302 0.040721518723955623 -0.02518758370283361 0.16303988827210431 0.0014249111951236688 -0.11330539289693123 -0.066186975117980204 -0.14841467575896716 0.0049296745413813176 -0.023076058538024954 -0.040033340631537781 -0.1077486087956685 -0.074534866845481135 0.12283608891502756 -0.075216639570131485 0.38123821589622481 -0.0064527354506605534 -0.11608677532655394 0.085139832781352481 0.086941928605899638 -0.048342818831586885 0.30814290734449368 0.041511972100640178 -0.0047558413619185501
leaf_weight=12.692829791456459 9487.3065396975726 6833.2498131785542 117.2896509822458 23.91930341348052 265.30125673487782 5298.1821664255112 218.77125217020512 458.16805029287934 1356.0521123316139 13.259325090795754 32945.643732007593 64.091973634436727 143.13865757919848 87.762201838195324 3398.7263232506812 1926.7129710670561 88.674500368535519 87.773329343646765 99.565343484282494 34.230312451720238 160.86711037158966 3.9952904507517806 2152.8267019148916 86.68548945710063 147.95026808232069 54.397411227226257 64.167850181460381 6.1708895713090888 388.43536340817809 7243.6092709098011
leaf_count=64 46750 34112 573 121 1273 26767 1041 2224 7828 74 163297 391 808 449 16624 9441 442 506 521 156 837 33 10627 492 691 306 414 29 1882 35491
internal_value=0 -0.000730008 0.00472885 0.0456759 0.0202326 0.00340669 -0.00212692 0.00887721 -0.00207669 -0.00857321 -0.000671528 -0.0374249 -0.0173259 -0.0750162 -0.0054582 -0.0128901 -0.00267413 -0.0267653 -0.00524564 -0.00852134 -0.00903436 -0.0641549 -0.0096738 -0.079056 0.0115949 -0.0240184 0.04476 0.0299542 0.0263562 -0.00797766
internal_weight=0 63782.3 12996.1 406.51 289.221 12589.6 50786.2 7291.42 50773.5 9029.11 41744.4 879.845 573.312 306.533 8149.26 4750.54 2736.05 2014.49 509.22 8798.75 8764.52 164.862 2252.77 99.9448 409.654 197.536 212.118 483.281 477.11 8599.66
internal_count=364264 317514 65070 1967 1394 63103 252444 36336 252380 44738 207642 4621 3131 1490 40117 23493 13546 9947 2740 44345 44189 870 11193 566 2219 1114 1105 2353 2324 43319
is_linear=0
shrinkage=0.1


Tree=96
num_leaves=31
num_cat=0
split_feature=6 76 91 142 120 121 91 128 148 111 91 31 88 157 90 149 100 90 109 100 93 88 90 97 140 93 87 92 122 111
split_gain=24.9566 23.8888 46.3838 110.214 46.5309 46.4933 44.4712 66.9688 120.715 72.1096 58.1896 57.2217 54.4694 54.9391 75.4289 57.8644 50.7925 106.353 79.6926 62.8135 92.003 55.2711 54.1628 55.3178 50.5532 53.6581 50.2813 49.235 48.7788 63.6675
threshold=1.0000000180025095e-35 1.0000000180025095e-35 -1.237095263867136 -0.40335565539376067 0.13325662905712124 10.860765068145282 -0.72489187519079568 0.35936378581679496 0.96849273761033705 0.52926235947665334 0.82443359888447987 1.5000000000000002 -0.81814239657694376 -0.31105399979599024 -0.86200926882542395 -0.94243664242670599 1.0059582487262619 2.8117337259265098 -0.84483897191505408 -0.20839622043086076 -0.84382770349117397 3.4199831345611673 0.89315624761289658 -0.80838281312616234 -0.081392853430387088 0.95802613517873858 -0.39987712091306865 -2.3851903304341318 -0.30735257772714958 -0.52372593814434631
decision_type=2 2 2 2 2 2 2 2 2 2 2 2 2 2 2 2 2 2 2 2 2 2 2 2 2 2 2 2 2 2
left_child=1 2 3 -1 -5 -4 7 9 -9 16 12 -11 -8 26 15 -15 19 18 -18 20 22 -19 23 -3 28 -26 -14 -24 -12 -30
right_child=-2 6 5 4 -6 -7 10 8 -10 11 24 -13 13 14 -16 -17 17 21 -20 -21 -22 -23 27 -25 25 -27 -28 -29 29 -31
leaf_value=-0.10501489433757011 0.14545208202992418 -0.00094555268556031501 0.00097628665652838031 0.02828696088716582 -0.1817270079319383 0.13444043813596493 -0.0060030408184805172 -0.061270634185973338 0.013024706542918516 0.056567972760084219 -0.026902540387951424 -0.014705918061173821 0.079530484555559042 -0.17495130295815015 -0.0008178833183719108 0.047014647507654474 0.0058583893617558495 0.23314320153524193 -0.041188391565739668 0.005666191580733543 -0.0056075255931771519 -0.14151518572506952 0.2427278831774721 -0.079831284285284826 -0.017585375324001059 0.044536496288852534 0.012186544655541077 -0.0087419752133163411 -0.024985333734144417 0.056324450335203481
leaf_weight=67.019211065024137 11.791406020522116 115.15938832424581 35004.868899942376 1268.5596952848136 10.638287968933581 26.120697695761919 5275.4691984951496 568.45097971707582 355.43989438004792 331.62165828235447 194.74972109869123 170.5840526483953 113.09587538987398 12.067533470690249 9153.5597857236862 438.89801978692412 535.26236651837826 23.434516441076997 1099.8930683583021 4105.9918940328062 4192.7725334875286 4.732776314020156 8.1769455969333631 389.7333614602685 3349.3695609495044 145.06400440633297 5630.3788681924343 162.75661581009626 135.80015949346125 331.09200939722359
leaf_count=342 49 593 172914 6299 51 133 26180 2911 1805 1616 1061 888 524 72 45505 2211 2659 125 5497 20259 20659 34 36 2053 18014 710 27759 859 729 1717
internal_value=0 -4.19927e-05 0.00177581 0.0199911 0.0265404 0.0010758 -0.00183678 -0.00681598 -0.0326877 -0.00467035 0.000587358 0.0323584 0.00276275 0.00577576 0.00114913 0.041075 -0.00641844 -0.022469 -0.0257878 -0.00344368 -0.0111266 0.170192 -0.0453665 -0.0618385 -0.0102075 -0.0150065 0.0135126 0.00328758 0.0151386 0.0326747
internal_weight=0 73220.8 36377.2 1346.22 1279.2 35031 36843.6 12064 923.891 11140.1 24779.5 502.206 20623.5 15348 9604.53 450.966 10637.9 1663.32 1635.16 8974.59 4868.6 28.1673 675.826 504.893 4156.08 3494.43 5743.47 170.934 661.642 466.892
internal_count=364264 364215 179739 6692 6350 173047 184476 59994 4716 55278 124482 2504 102251 76071 47788 2283 52774 8315 8156 44459 24200 159 3541 2646 22231 18724 28283 895 3507 2446
is_linear=0
shrinkage=0.1


Tree=97
num_leaves=31
num_cat=0
split_feature=107 107 92 89 66 119 133 109 139 125 60 108 110 94 90 122 137 110 92 107 89 34 90 129 107 112 93 109 95 91
split_gain=23.2965 47.0631 77.9869 68.4645 60.2421 56.5897 72.2624 61.8207 52.0937 92.7958 61.0613 60.3665 62.2153 58.8252 54.6286 64.6821 53.0536 51.9889 49.0316 53.616 51.9208 50.505 52.7364 48.9912 48.3965 50.915 51.5287 51.7054 51.0714 70.8967
threshold=-2.090043569847964 0.074377827176704117 0.42258243276910495 2.3928719695707441 1.0000000180025095e-35 0.54396053937572775 1.2085672613481333 0.24004578983423439 -0.11137730071760743 0.16551599283008747 1.0000000180025095e-35 1.1541149628628713 -0.89129932200152784 1.2613579345812058 0.9536791964555974 0.20510992024178457 -0.12970097228278202 -0.40384017189645466 -1.066281975448587 -0.046964212088179379 -1.1432820081678596 1.0000000180025095e-35 -1.2372515516501683 2.3541140538209944 -0.40787013955848628 0.26972663296827126 0.64337596377878958 -1.4468222088007818 -0.83546993348121068 -0.91950571102281919
decision_type=2 2 2 2 2 2 2 2 2 2 2 2 2 2 2 2 2 2 2 2 2 2 2 2 2 2 2 2 2 2
left_child=-1 2 3 5 -5 18 7 -7 9 10 14 23 -13 -14 -4 -16 -12 -10 20 21 -2 -20 -23 -11 -19 28 27 -27 29 -26
right_child=1 -3 8 4 -6 6 -8 -9 17 11 16 12 13 -15 15 -17 -18 24 19 -21 -22 22 -24 -25 25 26 -28 -29 -30 -31
leaf_value=0.0069724595654344253 -0.12661703944196173 0.0010196567906570642 0.0024747243418217569 -0.1303922168698449 0.061977538859421061 0.030169137782221484 0.018031311502715232 0.18789309823492123 0.013779700413896796 -0.064100276563447731 -0.2282336710784767 0.27174073079050337 -0.13609934821884004 0.16462366992971497 -0.14492970328702082 0.10701974128386688 -0.0083503336804073881 -0.0070962517784765649 -0.0094902996589119135 -0.037990188329916963 0.035125362738799036 -0.16603191569696391 0.011038016192105263 0.16183760057047616 0.016276921562252505 0.090738294669853295 0.11657096831312107 -0.1486672313496174 -0.028566152397150091 -0.14825105213868367
leaf_weight=4475.8804176263511 20.591481730341911 51852.841698683798 1005.9444104991853 67.646797709167004 21.437906239181757 48.455577008426189 520.16431145742536 51.01288047991693 1019.5960776098073 670.49508881941438 23.014720343053341 10.811334624886511 15.807438042014839 11.053061552345751 50.045455425977707 12.794680602848528 20.972587324678898 6067.5730753522366 2452.0178966484964 376.01195080950856 548.8961340598762 16.918475951999426 2883.9211779795587 9.7364521920680982 37.709537290036678 16.087923228740692 44.589741185307503 20.537751208990812 747.52517204731703 85.740908168256283
leaf_count=23334 102 260689 4776 356 103 233 2503 236 4778 3182 108 60 103 53 243 59 94 28688 11771 1799 2609 91 13617 44 182 66 217 121 3610 437
internal_value=0 -0.00047324 -0.00505998 0.00300777 -0.0840991 0.00412947 0.0329648 0.111059 -0.0107876 -0.0260119 -0.00792815 -0.0540422 0.0691788 -0.0123522 -0.0031759 -0.0936311 -0.123396 -0.00732076 0.00129265 -0.00148919 0.0292771 0.00107482 0.0100053 -0.0608663 -0.0103855 -0.0313455 0.0443804 -0.0435077 -0.0384067 -0.0979939
internal_weight=0 68730 16877.1 7007.07 89.0847 6917.99 619.633 99.4685 9870.04 1830.68 1112.77 717.903 37.6718 26.8605 1068.78 62.8401 43.9873 8039.36 6298.36 5728.87 569.488 5352.86 2900.84 680.232 7019.76 952.191 81.2154 36.6257 870.976 123.45
internal_count=364264 340930 80241 33420 459 32961 2972 469 46821 8722 5280 3442 216 156 5078 302 202 38099 29989 27278 2711 25479 13708 3226 33321 4633 404 187 4229 619
is_linear=0
shrinkage=0.1


Tree=98
num_leaves=31
num_cat=0
split_feature=69 137 107 123 110 124 157 90 92 157 61 107 95 89 89 76 116 90 31 95 92 126 108 110 96 90 31 94 93 81
split_gain=23.3466 54.3658 54.2903 58.448 50.0828 49.5649 52.2041 49.1085 45.196 44.0939 42.2937 38.1375 37.0167 36.6873 73.9187 59.3222 63.2439 63.9504 59.5914 60.7284 48.2663 47.7246 50.1599 46.3489 45.191 35.3263 33.2681 30.9866 30.6937 39.951
threshold=1.0000000180025095e-35 0.34652947103788972 -1.7248779439117541 2.217094805584511 -0.4433638867698389 -0.36087739962499971 0.22123699711199732 0.14050496039483906 1.7838769220958395 -1.3309766582704787 1.0000000180025095e-35 2.3781532373658583 -0.74440205862836462 -0.363089788490292 0.18189177185591052 1.0000000180025095e-35 1.2150114218545223 -0.29874034083106132 3.5000000000000004 0.13592073161581344 -1.6862992156498 -0.17641631020568632 0.58012334946219657 0.058587292122141754 0.59277276305599191 1.1836664020578602 5.5000000000000009 0.6313940272854538 0.011078952679844054 1.0000000180025095e-35
decision_type=2 2 2 2 2 2 2 2 2 2 2 2 2 2 2 2 2 2 2 2 2 2 2 2 2 2 2 2 2 2
left_child=-1 2 9 8 5 6 -3 12 10 -2 13 -12 -7 15 -15 16 17 -4 20 -20 -17 24 -23 -18 -16 26 -11 -14 29 -6
right_child=1 4 3 -5 28 7 -8 -9 -10 25 11 -13 27 14 21 18 23 -19 19 -21 -22 22 -24 -25 -26 -27 -28 -29 -30 -31
leaf_value=0.00040478100057935026 -0.12586765807798167 -0.18046086532606037 0.0056918413538331551 0.29836521680463191 0.025225656055781018 -0.19850597685960911 -0.0039279214225483193 -0.15986310250450067 -0.13765887109482464 0.042636339399864331 -0.078192100429061995 0.26180473217246814 0.13981070239150004 0.024484923131111294 0.069598906063754573 0.071783603015273603 -0.1920872883754137 -0.091158006262868851 -0.069901449812595357 0.085616300172107973 -0.067077910715260577 -0.0092684860036455572 -0.064550855700489365 0.14199320143347427 -0.204477518627799 -0.15459550899756985 -0.1284411349260714 -0.080073117346276382 -0.12188070180487914 -0.15319784799363503
leaf_weight=69312.666688592173 17.971354827284813 24.867306727916002 490.48119476437569 6.1784729659557334 40.303433395922184 4.1709010750055304 51.327429704368114 9.1669849157333356 27.279947899281979 426.13471755385399 110.86150839924812 3.4003441967070094 47.95395315438509 842.77405877411366 88.421042989939451 26.582094617187977 4.5818510949611655 79.185109417885542 41.362341560423374 63.899704430252314 429.00798382610083 622.38087011501193 222.91278850100935 44.343431614339352 6.455208506435155 9.7279432564973813 11.678426273167132 7.397643454372882 97.841693941503763 18.223818002268672
leaf_count=344770 83 128 2397 37 236 24 268 52 127 2115 590 28 231 4173 455 141 22 385 213 293 2188 2969 1275 221 32 44 68 37 545 117
internal_value=0 -0.00756945 -0.00413219 -0.00889939 -0.0483668 -0.00600806 -0.0615421 0.0555938 -0.00951101 0.0277177 -0.00837475 -0.0680741 0.0887761 -0.0060721 0.00297911 -0.0197546 0.00159998 -0.00777054 -0.0433077 0.0245062 -0.0589758 -0.0162988 -0.023847 0.110707 0.0509512 0.033885 0.0380729 0.110424 -0.0876145 -0.0303306
internal_weight=0 3876.87 3575.62 3110.11 301.253 144.884 76.1947 68.6895 3103.93 465.512 3076.65 114.262 59.5225 2962.39 1782.94 1179.44 618.592 569.666 560.852 105.262 455.59 940.17 845.294 48.9253 94.8763 447.541 437.813 55.3516 156.369 58.5273
internal_count=364264 19494 17856 15546 1638 740 396 344 15509 2310 15382 618 292 14764 8904 5860 3025 2782 2835 506 2329 4731 4244 243 487 2227 2183 268 898 353
is_linear=0
shrinkage=0.1


Tree=99
num_leaves=31
num_cat=0
split_feature=108 157 107 22 67 87 109 29 100 96 87 7 95 95 123 112 43 137 92 2 29 88 92 93 9 124 94 109 128 89
split_gain=22.9829 30.3003 26.4461 24.8875 34.7788 36.2719 41.4662 59.198 35.265 33.3342 32.715 32.3536 31.5323 30.6052 51.0008 32.6556 30.4753 28.9303 35.7884 26.0262 46.2641 55.9849 67.5207 59.3338 48.7404 46.2493 53.5834 46.8422 45.455 42.2334
threshold=-2.6783801296787177 -1.3659799211056978 1.6031930016217066 1.0000000180025095e-35 1.0000000180025095e-35 -0.30432921620859094 -0.23166664592538425 2.5000000000000004 0.70236963143698128 1.7535389909950501 0.25336344040179098 1.0000000180025095e-35 1.4762022810805255 0.22698860646865945 -0.41437884641086004 -0.038754219458548199 1.0000000180025095e-35 -0.22494706094691633 -0.74447656714946187 1.0000000180025095e-35 1.0000000180025095e-35 -0.9433755077927376 1.7366897693017649 0.80348367004216492 1.0000000180025095e-35 -0.32010319918760372 0.5225456380170248 -2.1553683249244746 -0.079799807863138464 -1.0061526564531029
decision_type=2 2 2 2 2 2 2 2 2 2 2 2 2 2 2 2 2 2 2 2 2 2 2 2 2 2 2 2 2 2
left_child=1 -1 -3 19 5 13 12 9 11 -8 -10 -6 16 15 -15 -5 17 -7 -19 -2 -21 22 25 24 29 -22 27 -27 -24 -23
right_child=3 2 -4 4 8 6 7 -9 10 -11 -12 -13 -14 14 -16 -17 -18 18 -20 20 21 23 28 -25 -26 26 -28 -29 -30 -31
leaf_value=-0.26635239097437674 -0.0010911596239017636 0.020298359777670943 0.13465062449774973 0.094420300515955055 -0.090037426689665315 0.015214786580920639 -0.12651615140539607 0.128623709733071 -0.14277941800041055 0.073820508658029554 0.071913682228403761 0.072361175440300171 -0.20920816182305729 -0.17412420835830372 0.092820368373562889 -0.11942316629125052 -0.21665620120045248 0.04203702049950566 -0.19435503244365582 0.0051831176068886653 0.0047223671532870947 -0.13901569034469735 -0.075295942723482695 0.032466643993549392 -0.16412864144127665 0.035584599342174228 -0.026185539412841879 -0.14914327344056941 0.21118520722263359 -0.0079493634269180696
leaf_weight=3.5662347823381415 53932.585592907853 376.75171063840389 21.371490612626076 10.024644687771795 14.180904362350701 140.69475106149912 118.21107896417379 11.074170831590889 20.919589303433899 8.9332057461142522 10.742211103439329 90.922306746244431 8.4478621035814268 8.2108948752284032 55.764353640377522 24.826204754412174 6.9439663812518111 10.768228352069857 15.803406793624161 15981.235189115629 76.936074212193489 24.977716453373432 8.5083436295390147 368.83271020650864 20.78814933821559 15.619959577918051 89.954589858651161 113.26289337314665 15.867061316967009 1564.5287077501416
leaf_count=16 267628 2777 107 46 75 665 769 54 118 41 55 425 37 43 256 134 32 55 83 79187 389 130 42 1879 111 84 441 594 73 7918
internal_value=0 0.0238374 0.0264369 -0.000148236 -0.0212153 -0.0354863 -0.051801 -0.0931262 0.0225793 -0.11244 -0.0699384 0.0504498 -0.02053 0.0174858 0.0585594 -0.0579123 -0.0113806 -0.00285871 -0.0985565 1.41052e-05 0.00327494 -0.00998792 -0.0487851 -0.00371198 -0.0119986 -0.0619689 -0.0854154 -0.126755 0.111188 -0.010009
internal_weight=0 401.689 398.123 72769.6 556.468 419.703 320.877 138.218 136.765 127.144 31.6618 105.103 182.658 98.8261 63.9752 34.8508 174.21 167.266 26.5716 72213.1 18280.5 2299.28 320.149 1979.13 1610.29 295.774 218.837 128.883 24.3754 1589.51
internal_count=364264 2900 2884 361364 2888 2215 1736 864 673 810 173 500 872 479 299 180 835 803 138 358476 90848 11661 1623 10038 8159 1508 1119 678 115 8048
is_linear=0
shrinkage=0.1


end of trees

feature_importances:
Column_107=234
Column_109=230
Column_108=174
Column_89=154
Column_90=153
Column_92=146
Column_88=145
Column_93=134
Column_95=103
Column_157=96
Column_87=68
Column_94=65
Column_91=50
Column_96=50
Column_37=42
Column_48=41
Column_100=41
Column_34=37
Column_31=32
Column_152=28
Column_32=27
Column_154=26
Column_7=25
Column_30=22
Column_99=22
Column_124=22
Column_137=22
Column_52=21
Column_121=21
Column_111=20
Column_119=20
Column_126=20
Column_2=19
Column_29=19
Column_128=18
Column_133=18
Column_49=17
Column_147=17
Column_59=16
Column_104=16
Column_110=15
Column_112=15
Column_123=15
Column_140=15
Column_117=14
Column_120=14
Column_134=14
Column_151=14
Column_76=13
Column_127=13
Column_135=13
Column_153=13
Column_20=12
Column_46=12
Column_60=12
Column_139=12
Column_149=12
Column_61=11
Column_114=11
Column_22=10
Column_113=10
Column_125=10
Column_148=10
Column_156=10
Column_35=9
Column_45=9
Column_116=9
Column_4=8
Column_71=8
Column_75=8
Column_155=8
Column_28=7
Column_62=7
Column_67=7
Column_69=7
Column_97=7
Column_142=7
Column_18=6
Column_55=6
Column_115=6
Column_118=6
Column_122=6
Column_136=6
Column_17=5
Column_41=5
Column_42=5
Column_65=5
Column_98=5
Column_129=5
Column_131=5
Column_141=5
Column_145=5
Column_6=4
Column_39=4
Column_43=4
Column_74=4
Column_82=4
Column_150=4
Column_44=3
Column_51=3
Column_63=3
Column_72=3
Column_86=3
Column_101=3
Column_103=3
Column_130=3
Column_132=3
Column_138=3
Column_143=3
Column_5=2
Column_9=2
Column_50=2
Column_54=2
Column_56=2
Column_64=2
Column_66=2
Column_81=2
Column_102=2
Column_144=2
Column_10=1
Column_15=1
Column_57=1
Column_70=1
Column_73=1
Column_77=1
Column_79=1
Column_105=1
Column_106=1
Column_146=1

parameters:
[boosting: gbdt]
[objective: binary]
[metric: binary_logloss]
[tree_learner: serial]
[device_type: cpu]
[data: ]
[valid: ]
[num_iterations: 100]
[learning_rate: 0.1]
[num_leaves: 31]
[num_threads: -1]
[deterministic: 0]
[force_col_wise: 0]
[force_row_wise: 0]
[histogram_pool_size: -1]
[max_depth: 10]
[min_data_in_leaf: 20]
[min_sum_hessian_in_leaf: 0.001]
[bagging_fraction: 1]
[pos_bagging_fraction: 1]
[neg_bagging_fraction: 1]
[bagging_freq: 0]
[bagging_seed: 400]
[feature_fraction: 1]
[feature_fraction_bynode: 1]
[feature_fraction_seed: 30056]
[extra_trees: 0]
[extra_seed: 12879]
[early_stopping_round: 0]
[first_metric_only: 0]
[max_delta_step: 0]
[lambda_l1: 0]
[lambda_l2: 0]
[linear_lambda: 0]
[min_gain_to_split: 0]
[drop_rate: 0.1]
[max_drop: 50]
[skip_drop: 0.5]
[xgboost_dart_mode: 0]
[uniform_drop: 0]
[drop_seed: 17869]
[top_rate: 0.2]
[other_rate: 0.1]
[min_data_per_group: 100]
[max_cat_threshold: 32]
[cat_l2: 10]
[cat_smooth: 10]
[max_cat_to_onehot: 4]
[top_k: 20]
[monotone_constraints: ]
[monotone_constraints_method: basic]
[monotone_penalty: 0]
[feature_contri: ]
[forcedsplits_filename: ]
[refit_decay_rate: 0.9]
[cegb_tradeoff: 1]
[cegb_penalty_split: 0]
[cegb_penalty_feature_lazy: ]
[cegb_penalty_feature_coupled: ]
[path_smooth: 0]
[interaction_constraints: ]
[verbosity: -1]
[saved_feature_importance_type: 0]
[linear_tree: 0]
[max_bin: 255]
[max_bin_by_feature: ]
[min_data_in_bin: 3]
[bin_construct_sample_cnt: 200000]
[data_random_seed: 175]
[is_enable_sparse: 1]
[enable_bundle: 1]
[use_missing: 1]
[zero_as_missing: 0]
[feature_pre_filter: 1]
[pre_partition: 0]
[two_round: 0]
[header: 0]
[label_column: ]
[weight_column: ]
[group_column: ]
[ignore_column: ]
[categorical_feature: ]
[forcedbins_filename: ]
[precise_float_parser: 0]
[objective_seed: 16083]
[num_class: 1]
[is_unbalance: 0]
[scale_pos_weight: 1]
[sigmoid: 1]
[boost_from_average: 1]
[reg_sqrt: 0]
[alpha: 0.9]
[fair_c: 1]
[poisson_max_delta_step: 0.7]
[tweedie_variance_power: 1.5]
[lambdarank_truncation_level: 30]
[lambdarank_norm: 1]
[label_gain: ]
[eval_at: ]
[multi_error_top_k: 1]
[auc_mu_weights: ]
[num_machines: 1]
[local_listen_port: 12400]
[time_out: 120]
[machine_list_filename: ]
[machines: ]
[gpu_platform_id: -1]
[gpu_device_id: -1]
[gpu_use_dp: 0]
[num_gpu: 1]

end of parameters

pandas_categorical:null
